ISO-10303-21;
HEADER;
/* Generated by software containing ST-Developer
 * from STEP Tools, Inc. (www.steptools.com) 
 */

FILE_DESCRIPTION(
/* description */ (''),
/* implementation_level */ '2;1');

FILE_NAME(
/* name */ 'Plate.step',
/* time_stamp */ '2025-08-08T23:34:22-05:00',
/* author */ (''),
/* organization */ (''),
/* preprocessor_version */ 'ST-DEVELOPER v20.1',
/* originating_system */ 'Autodesk Translation Framework v14.10.0.0',
/* authorisation */ '');

FILE_SCHEMA (('AUTOMOTIVE_DESIGN { 1 0 10303 214 3 1 1 }'));
ENDSEC;

DATA;
#10=MECHANICAL_DESIGN_GEOMETRIC_PRESENTATION_REPRESENTATION('',(#13),#13605);
#11=SHAPE_REPRESENTATION_RELATIONSHIP('SRR','None',#13612,#12);
#12=ADVANCED_BREP_SHAPE_REPRESENTATION('',(#14),#13604);
#13=STYLED_ITEM('',(#13621),#14);
#14=MANIFOLD_SOLID_BREP('Body1',#8729);
#15=FACE_BOUND('',#967,.T.);
#16=FACE_BOUND('',#968,.T.);
#17=FACE_BOUND('',#969,.T.);
#18=FACE_BOUND('',#970,.T.);
#19=FACE_BOUND('',#971,.T.);
#20=FACE_BOUND('',#972,.T.);
#21=FACE_BOUND('',#973,.T.);
#22=FACE_BOUND('',#974,.T.);
#23=FACE_BOUND('',#975,.T.);
#24=FACE_BOUND('',#976,.T.);
#25=FACE_BOUND('',#977,.T.);
#26=FACE_BOUND('',#978,.T.);
#27=FACE_BOUND('',#979,.T.);
#28=FACE_BOUND('',#980,.T.);
#29=FACE_BOUND('',#981,.T.);
#30=FACE_BOUND('',#982,.T.);
#31=FACE_BOUND('',#983,.T.);
#32=FACE_BOUND('',#984,.T.);
#33=FACE_BOUND('',#985,.T.);
#34=FACE_BOUND('',#986,.T.);
#35=FACE_BOUND('',#987,.T.);
#36=FACE_BOUND('',#988,.T.);
#37=FACE_BOUND('',#989,.T.);
#38=FACE_BOUND('',#990,.T.);
#39=FACE_BOUND('',#991,.T.);
#40=FACE_BOUND('',#992,.T.);
#41=FACE_BOUND('',#993,.T.);
#42=FACE_BOUND('',#994,.T.);
#43=FACE_BOUND('',#995,.T.);
#44=FACE_BOUND('',#996,.T.);
#45=FACE_BOUND('',#997,.T.);
#46=FACE_BOUND('',#998,.T.);
#47=FACE_BOUND('',#999,.T.);
#48=FACE_BOUND('',#1000,.T.);
#49=FACE_BOUND('',#1001,.T.);
#50=FACE_BOUND('',#1002,.T.);
#51=FACE_BOUND('',#1003,.T.);
#52=FACE_BOUND('',#1004,.T.);
#53=FACE_BOUND('',#1005,.T.);
#54=FACE_BOUND('',#1006,.T.);
#55=FACE_BOUND('',#1007,.T.);
#56=FACE_BOUND('',#1008,.T.);
#57=FACE_BOUND('',#1009,.T.);
#58=FACE_BOUND('',#1010,.T.);
#59=FACE_BOUND('',#1011,.T.);
#60=FACE_BOUND('',#1012,.T.);
#61=FACE_BOUND('',#1013,.T.);
#62=FACE_BOUND('',#1014,.T.);
#63=FACE_BOUND('',#1015,.T.);
#64=FACE_BOUND('',#1016,.T.);
#65=FACE_BOUND('',#1017,.T.);
#66=FACE_BOUND('',#1018,.T.);
#67=FACE_BOUND('',#1019,.T.);
#68=FACE_BOUND('',#1020,.T.);
#69=FACE_BOUND('',#1021,.T.);
#70=FACE_BOUND('',#1022,.T.);
#71=FACE_BOUND('',#1023,.T.);
#72=FACE_BOUND('',#1024,.T.);
#73=FACE_BOUND('',#1025,.T.);
#74=FACE_BOUND('',#1026,.T.);
#75=FACE_BOUND('',#1027,.T.);
#76=FACE_BOUND('',#1028,.T.);
#77=FACE_BOUND('',#1029,.T.);
#78=FACE_BOUND('',#1030,.T.);
#79=FACE_BOUND('',#1031,.T.);
#80=FACE_BOUND('',#1032,.T.);
#81=FACE_BOUND('',#1033,.T.);
#82=FACE_BOUND('',#1034,.T.);
#83=FACE_BOUND('',#1035,.T.);
#84=FACE_BOUND('',#1428,.T.);
#85=FACE_BOUND('',#1429,.T.);
#86=FACE_BOUND('',#1430,.T.);
#87=FACE_BOUND('',#1431,.T.);
#88=FACE_BOUND('',#1432,.T.);
#89=FACE_BOUND('',#1433,.T.);
#90=FACE_BOUND('',#1434,.T.);
#91=FACE_BOUND('',#1435,.T.);
#92=FACE_BOUND('',#1436,.T.);
#93=FACE_BOUND('',#1437,.T.);
#94=FACE_BOUND('',#1438,.T.);
#95=FACE_BOUND('',#1439,.T.);
#96=FACE_BOUND('',#1440,.T.);
#97=FACE_BOUND('',#1441,.T.);
#98=FACE_BOUND('',#1442,.T.);
#99=FACE_BOUND('',#1443,.T.);
#100=FACE_BOUND('',#1444,.T.);
#101=FACE_BOUND('',#1445,.T.);
#102=FACE_BOUND('',#1446,.T.);
#103=FACE_BOUND('',#1447,.T.);
#104=FACE_BOUND('',#1448,.T.);
#105=FACE_BOUND('',#1449,.T.);
#106=FACE_BOUND('',#1450,.T.);
#107=FACE_BOUND('',#1451,.T.);
#108=FACE_BOUND('',#1452,.T.);
#109=FACE_BOUND('',#1453,.T.);
#110=FACE_BOUND('',#1454,.T.);
#111=FACE_BOUND('',#1455,.T.);
#112=FACE_BOUND('',#1456,.T.);
#113=FACE_BOUND('',#1457,.T.);
#114=FACE_BOUND('',#1458,.T.);
#115=FACE_BOUND('',#1459,.T.);
#116=FACE_BOUND('',#1460,.T.);
#117=FACE_BOUND('',#1461,.T.);
#118=FACE_BOUND('',#1462,.T.);
#119=FACE_BOUND('',#1463,.T.);
#120=FACE_BOUND('',#1464,.T.);
#121=FACE_BOUND('',#1465,.T.);
#122=FACE_BOUND('',#1466,.T.);
#123=FACE_BOUND('',#1467,.T.);
#124=FACE_BOUND('',#1468,.T.);
#125=FACE_BOUND('',#1469,.T.);
#126=FACE_BOUND('',#1470,.T.);
#127=FACE_BOUND('',#1471,.T.);
#128=FACE_BOUND('',#1472,.T.);
#129=FACE_BOUND('',#1473,.T.);
#130=FACE_BOUND('',#1474,.T.);
#131=FACE_BOUND('',#1475,.T.);
#132=FACE_BOUND('',#1476,.T.);
#133=FACE_BOUND('',#1477,.T.);
#134=FACE_BOUND('',#1478,.T.);
#135=FACE_BOUND('',#1479,.T.);
#136=FACE_BOUND('',#1480,.T.);
#137=FACE_BOUND('',#1481,.T.);
#138=FACE_BOUND('',#1482,.T.);
#139=FACE_BOUND('',#1483,.T.);
#140=FACE_BOUND('',#1484,.T.);
#141=FACE_BOUND('',#1485,.T.);
#142=FACE_BOUND('',#1486,.T.);
#143=FACE_BOUND('',#1487,.T.);
#144=FACE_BOUND('',#1488,.T.);
#145=FACE_BOUND('',#1489,.T.);
#146=FACE_BOUND('',#1490,.T.);
#147=FACE_BOUND('',#1491,.T.);
#148=FACE_BOUND('',#1492,.T.);
#149=FACE_BOUND('',#1493,.T.);
#150=FACE_BOUND('',#1494,.T.);
#151=FACE_BOUND('',#1495,.T.);
#152=FACE_BOUND('',#1496,.T.);
#153=PLANE('',#8755);
#154=PLANE('',#8756);
#155=PLANE('',#8760);
#156=PLANE('',#8764);
#157=PLANE('',#8765);
#158=PLANE('',#8766);
#159=PLANE('',#8767);
#160=PLANE('',#8768);
#161=PLANE('',#8769);
#162=PLANE('',#8770);
#163=PLANE('',#8771);
#164=PLANE('',#8772);
#165=PLANE('',#8773);
#166=PLANE('',#8774);
#167=PLANE('',#8775);
#168=PLANE('',#8776);
#169=PLANE('',#8777);
#170=PLANE('',#8778);
#171=PLANE('',#8779);
#172=PLANE('',#8780);
#173=PLANE('',#8781);
#174=PLANE('',#8782);
#175=PLANE('',#8783);
#176=PLANE('',#8784);
#177=PLANE('',#8785);
#178=PLANE('',#8786);
#179=PLANE('',#8787);
#180=PLANE('',#8788);
#181=PLANE('',#8789);
#182=PLANE('',#8790);
#183=PLANE('',#8791);
#184=PLANE('',#8792);
#185=PLANE('',#8793);
#186=PLANE('',#8794);
#187=PLANE('',#8795);
#188=PLANE('',#8796);
#189=PLANE('',#8797);
#190=PLANE('',#8798);
#191=PLANE('',#8799);
#192=PLANE('',#8800);
#193=PLANE('',#8801);
#194=PLANE('',#8802);
#195=PLANE('',#8803);
#196=PLANE('',#8804);
#197=PLANE('',#8805);
#198=PLANE('',#8806);
#199=PLANE('',#8807);
#200=PLANE('',#8808);
#201=PLANE('',#8809);
#202=PLANE('',#8810);
#203=PLANE('',#8811);
#204=PLANE('',#8812);
#205=PLANE('',#8813);
#206=PLANE('',#8814);
#207=PLANE('',#8815);
#208=PLANE('',#8816);
#209=PLANE('',#8817);
#210=PLANE('',#8818);
#211=PLANE('',#8819);
#212=PLANE('',#8820);
#213=PLANE('',#8821);
#214=PLANE('',#8822);
#215=PLANE('',#8823);
#216=PLANE('',#8824);
#217=PLANE('',#8825);
#218=PLANE('',#8826);
#219=PLANE('',#8827);
#220=PLANE('',#8828);
#221=PLANE('',#8829);
#222=PLANE('',#8830);
#223=PLANE('',#8831);
#224=PLANE('',#8832);
#225=PLANE('',#8833);
#226=PLANE('',#8834);
#227=PLANE('',#8835);
#228=PLANE('',#8836);
#229=PLANE('',#8837);
#230=PLANE('',#8838);
#231=PLANE('',#8839);
#232=PLANE('',#8840);
#233=PLANE('',#8841);
#234=PLANE('',#8842);
#235=PLANE('',#8843);
#236=PLANE('',#8844);
#237=PLANE('',#8845);
#238=PLANE('',#8846);
#239=PLANE('',#8847);
#240=PLANE('',#8848);
#241=PLANE('',#8849);
#242=PLANE('',#8850);
#243=PLANE('',#8851);
#244=PLANE('',#8852);
#245=PLANE('',#8853);
#246=PLANE('',#8854);
#247=PLANE('',#8855);
#248=PLANE('',#8856);
#249=PLANE('',#8857);
#250=PLANE('',#8858);
#251=PLANE('',#8859);
#252=PLANE('',#8860);
#253=PLANE('',#8861);
#254=PLANE('',#8862);
#255=PLANE('',#8863);
#256=PLANE('',#8864);
#257=PLANE('',#8865);
#258=PLANE('',#8866);
#259=PLANE('',#8867);
#260=PLANE('',#8868);
#261=PLANE('',#8869);
#262=PLANE('',#8870);
#263=PLANE('',#8871);
#264=PLANE('',#8872);
#265=PLANE('',#8873);
#266=PLANE('',#8874);
#267=PLANE('',#8875);
#268=PLANE('',#8876);
#269=PLANE('',#8877);
#270=PLANE('',#8878);
#271=PLANE('',#8879);
#272=PLANE('',#8880);
#273=PLANE('',#8881);
#274=PLANE('',#8882);
#275=PLANE('',#8883);
#276=PLANE('',#8884);
#277=PLANE('',#8885);
#278=PLANE('',#8886);
#279=PLANE('',#8887);
#280=PLANE('',#8888);
#281=PLANE('',#8889);
#282=PLANE('',#8890);
#283=PLANE('',#8891);
#284=PLANE('',#8892);
#285=PLANE('',#8893);
#286=PLANE('',#8894);
#287=PLANE('',#8895);
#288=PLANE('',#8896);
#289=PLANE('',#8897);
#290=PLANE('',#8898);
#291=PLANE('',#8899);
#292=PLANE('',#8900);
#293=PLANE('',#8901);
#294=PLANE('',#8902);
#295=PLANE('',#8903);
#296=PLANE('',#8904);
#297=PLANE('',#8905);
#298=PLANE('',#8906);
#299=PLANE('',#8907);
#300=PLANE('',#8908);
#301=PLANE('',#8909);
#302=PLANE('',#8910);
#303=PLANE('',#8911);
#304=PLANE('',#8912);
#305=PLANE('',#8913);
#306=PLANE('',#8914);
#307=PLANE('',#8915);
#308=PLANE('',#8916);
#309=PLANE('',#8917);
#310=PLANE('',#8918);
#311=PLANE('',#8919);
#312=PLANE('',#8920);
#313=PLANE('',#8921);
#314=PLANE('',#8922);
#315=PLANE('',#8923);
#316=PLANE('',#8924);
#317=PLANE('',#8925);
#318=PLANE('',#8926);
#319=PLANE('',#8927);
#320=PLANE('',#8928);
#321=PLANE('',#8929);
#322=PLANE('',#8930);
#323=PLANE('',#8931);
#324=PLANE('',#8932);
#325=PLANE('',#8933);
#326=PLANE('',#8934);
#327=PLANE('',#8935);
#328=PLANE('',#8936);
#329=PLANE('',#8937);
#330=PLANE('',#8938);
#331=PLANE('',#8939);
#332=PLANE('',#8940);
#333=PLANE('',#8941);
#334=PLANE('',#8942);
#335=PLANE('',#8943);
#336=PLANE('',#8944);
#337=PLANE('',#8945);
#338=PLANE('',#8946);
#339=PLANE('',#8947);
#340=PLANE('',#8948);
#341=PLANE('',#8949);
#342=PLANE('',#8950);
#343=PLANE('',#8951);
#344=PLANE('',#8952);
#345=PLANE('',#8953);
#346=PLANE('',#8954);
#347=PLANE('',#8955);
#348=PLANE('',#8956);
#349=PLANE('',#8957);
#350=PLANE('',#8958);
#351=PLANE('',#8959);
#352=PLANE('',#8960);
#353=PLANE('',#8961);
#354=PLANE('',#8962);
#355=PLANE('',#8963);
#356=PLANE('',#8964);
#357=PLANE('',#8965);
#358=PLANE('',#8966);
#359=PLANE('',#8967);
#360=PLANE('',#8968);
#361=PLANE('',#8969);
#362=PLANE('',#8970);
#363=PLANE('',#8971);
#364=PLANE('',#8972);
#365=PLANE('',#8973);
#366=PLANE('',#8974);
#367=PLANE('',#8975);
#368=PLANE('',#8976);
#369=PLANE('',#8977);
#370=PLANE('',#8978);
#371=PLANE('',#8979);
#372=PLANE('',#8980);
#373=PLANE('',#8981);
#374=PLANE('',#8982);
#375=PLANE('',#8983);
#376=PLANE('',#8984);
#377=PLANE('',#8985);
#378=PLANE('',#8986);
#379=PLANE('',#8987);
#380=PLANE('',#8988);
#381=PLANE('',#8989);
#382=PLANE('',#8990);
#383=PLANE('',#8991);
#384=PLANE('',#8992);
#385=PLANE('',#8993);
#386=PLANE('',#8994);
#387=PLANE('',#8995);
#388=PLANE('',#8996);
#389=PLANE('',#8997);
#390=PLANE('',#8998);
#391=PLANE('',#8999);
#392=PLANE('',#9000);
#393=PLANE('',#9001);
#394=PLANE('',#9002);
#395=PLANE('',#9003);
#396=PLANE('',#9004);
#397=PLANE('',#9005);
#398=PLANE('',#9006);
#399=PLANE('',#9007);
#400=PLANE('',#9008);
#401=PLANE('',#9009);
#402=PLANE('',#9010);
#403=PLANE('',#9011);
#404=PLANE('',#9012);
#405=PLANE('',#9013);
#406=PLANE('',#9014);
#407=PLANE('',#9015);
#408=PLANE('',#9016);
#409=PLANE('',#9017);
#410=PLANE('',#9018);
#411=PLANE('',#9019);
#412=PLANE('',#9020);
#413=PLANE('',#9021);
#414=PLANE('',#9022);
#415=PLANE('',#9023);
#416=PLANE('',#9024);
#417=PLANE('',#9025);
#418=PLANE('',#9026);
#419=PLANE('',#9027);
#420=PLANE('',#9028);
#421=PLANE('',#9029);
#422=PLANE('',#9030);
#423=PLANE('',#9031);
#424=PLANE('',#9032);
#425=PLANE('',#9033);
#426=PLANE('',#9034);
#427=PLANE('',#9035);
#428=PLANE('',#9036);
#429=PLANE('',#9037);
#430=PLANE('',#9038);
#431=PLANE('',#9039);
#432=PLANE('',#9040);
#433=PLANE('',#9041);
#434=PLANE('',#9042);
#435=PLANE('',#9043);
#436=PLANE('',#9044);
#437=PLANE('',#9045);
#438=PLANE('',#9046);
#439=PLANE('',#9047);
#440=PLANE('',#9048);
#441=PLANE('',#9049);
#442=PLANE('',#9050);
#443=PLANE('',#9051);
#444=PLANE('',#9052);
#445=PLANE('',#9053);
#446=PLANE('',#9054);
#447=PLANE('',#9055);
#448=PLANE('',#9056);
#449=PLANE('',#9057);
#450=PLANE('',#9058);
#451=PLANE('',#9059);
#452=PLANE('',#9060);
#453=PLANE('',#9061);
#454=PLANE('',#9062);
#455=PLANE('',#9063);
#456=PLANE('',#9064);
#457=PLANE('',#9065);
#458=PLANE('',#9066);
#459=PLANE('',#9067);
#460=PLANE('',#9068);
#461=PLANE('',#9069);
#462=PLANE('',#9070);
#463=PLANE('',#9071);
#464=PLANE('',#9072);
#465=PLANE('',#9073);
#466=PLANE('',#9074);
#467=PLANE('',#9075);
#468=PLANE('',#9076);
#469=PLANE('',#9077);
#470=PLANE('',#9078);
#471=PLANE('',#9079);
#472=PLANE('',#9080);
#473=PLANE('',#9081);
#474=PLANE('',#9082);
#475=PLANE('',#9083);
#476=PLANE('',#9084);
#477=PLANE('',#9085);
#478=PLANE('',#9086);
#479=PLANE('',#9087);
#480=PLANE('',#9088);
#481=PLANE('',#9089);
#482=PLANE('',#9090);
#483=PLANE('',#9091);
#484=PLANE('',#9092);
#485=PLANE('',#9093);
#486=PLANE('',#9094);
#487=PLANE('',#9095);
#488=PLANE('',#9096);
#489=PLANE('',#9097);
#490=PLANE('',#9098);
#491=PLANE('',#9099);
#492=PLANE('',#9100);
#493=PLANE('',#9101);
#494=PLANE('',#9102);
#495=PLANE('',#9103);
#496=PLANE('',#9104);
#497=PLANE('',#9105);
#498=PLANE('',#9106);
#499=PLANE('',#9107);
#500=PLANE('',#9108);
#501=PLANE('',#9109);
#502=PLANE('',#9110);
#503=PLANE('',#9111);
#504=PLANE('',#9112);
#505=PLANE('',#9113);
#506=PLANE('',#9114);
#507=PLANE('',#9115);
#508=PLANE('',#9116);
#509=PLANE('',#9117);
#510=PLANE('',#9118);
#511=PLANE('',#9119);
#512=PLANE('',#9120);
#513=PLANE('',#9121);
#514=PLANE('',#9122);
#515=PLANE('',#9123);
#516=PLANE('',#9124);
#517=PLANE('',#9125);
#518=PLANE('',#9126);
#519=PLANE('',#9127);
#520=PLANE('',#9128);
#521=PLANE('',#9129);
#522=PLANE('',#9130);
#523=PLANE('',#9131);
#524=PLANE('',#9132);
#525=PLANE('',#9133);
#526=PLANE('',#9134);
#527=PLANE('',#9135);
#528=PLANE('',#9136);
#529=PLANE('',#9137);
#530=PLANE('',#9138);
#531=PLANE('',#9139);
#532=PLANE('',#9140);
#533=PLANE('',#9141);
#534=PLANE('',#9142);
#535=PLANE('',#9143);
#536=PLANE('',#9144);
#537=PLANE('',#9145);
#538=PLANE('',#9146);
#539=PLANE('',#9147);
#540=PLANE('',#9148);
#541=PLANE('',#9149);
#542=PLANE('',#9150);
#543=PLANE('',#9151);
#544=PLANE('',#9152);
#545=PLANE('',#9153);
#546=PLANE('',#9154);
#547=PLANE('',#9155);
#548=PLANE('',#9156);
#549=PLANE('',#9157);
#550=PLANE('',#9158);
#551=FACE_OUTER_BOUND('',#955,.T.);
#552=FACE_OUTER_BOUND('',#956,.T.);
#553=FACE_OUTER_BOUND('',#957,.T.);
#554=FACE_OUTER_BOUND('',#958,.T.);
#555=FACE_OUTER_BOUND('',#959,.T.);
#556=FACE_OUTER_BOUND('',#960,.T.);
#557=FACE_OUTER_BOUND('',#961,.T.);
#558=FACE_OUTER_BOUND('',#962,.T.);
#559=FACE_OUTER_BOUND('',#963,.T.);
#560=FACE_OUTER_BOUND('',#964,.T.);
#561=FACE_OUTER_BOUND('',#965,.T.);
#562=FACE_OUTER_BOUND('',#966,.T.);
#563=FACE_OUTER_BOUND('',#1036,.T.);
#564=FACE_OUTER_BOUND('',#1037,.T.);
#565=FACE_OUTER_BOUND('',#1038,.T.);
#566=FACE_OUTER_BOUND('',#1039,.T.);
#567=FACE_OUTER_BOUND('',#1040,.T.);
#568=FACE_OUTER_BOUND('',#1041,.T.);
#569=FACE_OUTER_BOUND('',#1042,.T.);
#570=FACE_OUTER_BOUND('',#1043,.T.);
#571=FACE_OUTER_BOUND('',#1044,.T.);
#572=FACE_OUTER_BOUND('',#1045,.T.);
#573=FACE_OUTER_BOUND('',#1046,.T.);
#574=FACE_OUTER_BOUND('',#1047,.T.);
#575=FACE_OUTER_BOUND('',#1048,.T.);
#576=FACE_OUTER_BOUND('',#1049,.T.);
#577=FACE_OUTER_BOUND('',#1050,.T.);
#578=FACE_OUTER_BOUND('',#1051,.T.);
#579=FACE_OUTER_BOUND('',#1052,.T.);
#580=FACE_OUTER_BOUND('',#1053,.T.);
#581=FACE_OUTER_BOUND('',#1054,.T.);
#582=FACE_OUTER_BOUND('',#1055,.T.);
#583=FACE_OUTER_BOUND('',#1056,.T.);
#584=FACE_OUTER_BOUND('',#1057,.T.);
#585=FACE_OUTER_BOUND('',#1058,.T.);
#586=FACE_OUTER_BOUND('',#1059,.T.);
#587=FACE_OUTER_BOUND('',#1060,.T.);
#588=FACE_OUTER_BOUND('',#1061,.T.);
#589=FACE_OUTER_BOUND('',#1062,.T.);
#590=FACE_OUTER_BOUND('',#1063,.T.);
#591=FACE_OUTER_BOUND('',#1064,.T.);
#592=FACE_OUTER_BOUND('',#1065,.T.);
#593=FACE_OUTER_BOUND('',#1066,.T.);
#594=FACE_OUTER_BOUND('',#1067,.T.);
#595=FACE_OUTER_BOUND('',#1068,.T.);
#596=FACE_OUTER_BOUND('',#1069,.T.);
#597=FACE_OUTER_BOUND('',#1070,.T.);
#598=FACE_OUTER_BOUND('',#1071,.T.);
#599=FACE_OUTER_BOUND('',#1072,.T.);
#600=FACE_OUTER_BOUND('',#1073,.T.);
#601=FACE_OUTER_BOUND('',#1074,.T.);
#602=FACE_OUTER_BOUND('',#1075,.T.);
#603=FACE_OUTER_BOUND('',#1076,.T.);
#604=FACE_OUTER_BOUND('',#1077,.T.);
#605=FACE_OUTER_BOUND('',#1078,.T.);
#606=FACE_OUTER_BOUND('',#1079,.T.);
#607=FACE_OUTER_BOUND('',#1080,.T.);
#608=FACE_OUTER_BOUND('',#1081,.T.);
#609=FACE_OUTER_BOUND('',#1082,.T.);
#610=FACE_OUTER_BOUND('',#1083,.T.);
#611=FACE_OUTER_BOUND('',#1084,.T.);
#612=FACE_OUTER_BOUND('',#1085,.T.);
#613=FACE_OUTER_BOUND('',#1086,.T.);
#614=FACE_OUTER_BOUND('',#1087,.T.);
#615=FACE_OUTER_BOUND('',#1088,.T.);
#616=FACE_OUTER_BOUND('',#1089,.T.);
#617=FACE_OUTER_BOUND('',#1090,.T.);
#618=FACE_OUTER_BOUND('',#1091,.T.);
#619=FACE_OUTER_BOUND('',#1092,.T.);
#620=FACE_OUTER_BOUND('',#1093,.T.);
#621=FACE_OUTER_BOUND('',#1094,.T.);
#622=FACE_OUTER_BOUND('',#1095,.T.);
#623=FACE_OUTER_BOUND('',#1096,.T.);
#624=FACE_OUTER_BOUND('',#1097,.T.);
#625=FACE_OUTER_BOUND('',#1098,.T.);
#626=FACE_OUTER_BOUND('',#1099,.T.);
#627=FACE_OUTER_BOUND('',#1100,.T.);
#628=FACE_OUTER_BOUND('',#1101,.T.);
#629=FACE_OUTER_BOUND('',#1102,.T.);
#630=FACE_OUTER_BOUND('',#1103,.T.);
#631=FACE_OUTER_BOUND('',#1104,.T.);
#632=FACE_OUTER_BOUND('',#1105,.T.);
#633=FACE_OUTER_BOUND('',#1106,.T.);
#634=FACE_OUTER_BOUND('',#1107,.T.);
#635=FACE_OUTER_BOUND('',#1108,.T.);
#636=FACE_OUTER_BOUND('',#1109,.T.);
#637=FACE_OUTER_BOUND('',#1110,.T.);
#638=FACE_OUTER_BOUND('',#1111,.T.);
#639=FACE_OUTER_BOUND('',#1112,.T.);
#640=FACE_OUTER_BOUND('',#1113,.T.);
#641=FACE_OUTER_BOUND('',#1114,.T.);
#642=FACE_OUTER_BOUND('',#1115,.T.);
#643=FACE_OUTER_BOUND('',#1116,.T.);
#644=FACE_OUTER_BOUND('',#1117,.T.);
#645=FACE_OUTER_BOUND('',#1118,.T.);
#646=FACE_OUTER_BOUND('',#1119,.T.);
#647=FACE_OUTER_BOUND('',#1120,.T.);
#648=FACE_OUTER_BOUND('',#1121,.T.);
#649=FACE_OUTER_BOUND('',#1122,.T.);
#650=FACE_OUTER_BOUND('',#1123,.T.);
#651=FACE_OUTER_BOUND('',#1124,.T.);
#652=FACE_OUTER_BOUND('',#1125,.T.);
#653=FACE_OUTER_BOUND('',#1126,.T.);
#654=FACE_OUTER_BOUND('',#1127,.T.);
#655=FACE_OUTER_BOUND('',#1128,.T.);
#656=FACE_OUTER_BOUND('',#1129,.T.);
#657=FACE_OUTER_BOUND('',#1130,.T.);
#658=FACE_OUTER_BOUND('',#1131,.T.);
#659=FACE_OUTER_BOUND('',#1132,.T.);
#660=FACE_OUTER_BOUND('',#1133,.T.);
#661=FACE_OUTER_BOUND('',#1134,.T.);
#662=FACE_OUTER_BOUND('',#1135,.T.);
#663=FACE_OUTER_BOUND('',#1136,.T.);
#664=FACE_OUTER_BOUND('',#1137,.T.);
#665=FACE_OUTER_BOUND('',#1138,.T.);
#666=FACE_OUTER_BOUND('',#1139,.T.);
#667=FACE_OUTER_BOUND('',#1140,.T.);
#668=FACE_OUTER_BOUND('',#1141,.T.);
#669=FACE_OUTER_BOUND('',#1142,.T.);
#670=FACE_OUTER_BOUND('',#1143,.T.);
#671=FACE_OUTER_BOUND('',#1144,.T.);
#672=FACE_OUTER_BOUND('',#1145,.T.);
#673=FACE_OUTER_BOUND('',#1146,.T.);
#674=FACE_OUTER_BOUND('',#1147,.T.);
#675=FACE_OUTER_BOUND('',#1148,.T.);
#676=FACE_OUTER_BOUND('',#1149,.T.);
#677=FACE_OUTER_BOUND('',#1150,.T.);
#678=FACE_OUTER_BOUND('',#1151,.T.);
#679=FACE_OUTER_BOUND('',#1152,.T.);
#680=FACE_OUTER_BOUND('',#1153,.T.);
#681=FACE_OUTER_BOUND('',#1154,.T.);
#682=FACE_OUTER_BOUND('',#1155,.T.);
#683=FACE_OUTER_BOUND('',#1156,.T.);
#684=FACE_OUTER_BOUND('',#1157,.T.);
#685=FACE_OUTER_BOUND('',#1158,.T.);
#686=FACE_OUTER_BOUND('',#1159,.T.);
#687=FACE_OUTER_BOUND('',#1160,.T.);
#688=FACE_OUTER_BOUND('',#1161,.T.);
#689=FACE_OUTER_BOUND('',#1162,.T.);
#690=FACE_OUTER_BOUND('',#1163,.T.);
#691=FACE_OUTER_BOUND('',#1164,.T.);
#692=FACE_OUTER_BOUND('',#1165,.T.);
#693=FACE_OUTER_BOUND('',#1166,.T.);
#694=FACE_OUTER_BOUND('',#1167,.T.);
#695=FACE_OUTER_BOUND('',#1168,.T.);
#696=FACE_OUTER_BOUND('',#1169,.T.);
#697=FACE_OUTER_BOUND('',#1170,.T.);
#698=FACE_OUTER_BOUND('',#1171,.T.);
#699=FACE_OUTER_BOUND('',#1172,.T.);
#700=FACE_OUTER_BOUND('',#1173,.T.);
#701=FACE_OUTER_BOUND('',#1174,.T.);
#702=FACE_OUTER_BOUND('',#1175,.T.);
#703=FACE_OUTER_BOUND('',#1176,.T.);
#704=FACE_OUTER_BOUND('',#1177,.T.);
#705=FACE_OUTER_BOUND('',#1178,.T.);
#706=FACE_OUTER_BOUND('',#1179,.T.);
#707=FACE_OUTER_BOUND('',#1180,.T.);
#708=FACE_OUTER_BOUND('',#1181,.T.);
#709=FACE_OUTER_BOUND('',#1182,.T.);
#710=FACE_OUTER_BOUND('',#1183,.T.);
#711=FACE_OUTER_BOUND('',#1184,.T.);
#712=FACE_OUTER_BOUND('',#1185,.T.);
#713=FACE_OUTER_BOUND('',#1186,.T.);
#714=FACE_OUTER_BOUND('',#1187,.T.);
#715=FACE_OUTER_BOUND('',#1188,.T.);
#716=FACE_OUTER_BOUND('',#1189,.T.);
#717=FACE_OUTER_BOUND('',#1190,.T.);
#718=FACE_OUTER_BOUND('',#1191,.T.);
#719=FACE_OUTER_BOUND('',#1192,.T.);
#720=FACE_OUTER_BOUND('',#1193,.T.);
#721=FACE_OUTER_BOUND('',#1194,.T.);
#722=FACE_OUTER_BOUND('',#1195,.T.);
#723=FACE_OUTER_BOUND('',#1196,.T.);
#724=FACE_OUTER_BOUND('',#1197,.T.);
#725=FACE_OUTER_BOUND('',#1198,.T.);
#726=FACE_OUTER_BOUND('',#1199,.T.);
#727=FACE_OUTER_BOUND('',#1200,.T.);
#728=FACE_OUTER_BOUND('',#1201,.T.);
#729=FACE_OUTER_BOUND('',#1202,.T.);
#730=FACE_OUTER_BOUND('',#1203,.T.);
#731=FACE_OUTER_BOUND('',#1204,.T.);
#732=FACE_OUTER_BOUND('',#1205,.T.);
#733=FACE_OUTER_BOUND('',#1206,.T.);
#734=FACE_OUTER_BOUND('',#1207,.T.);
#735=FACE_OUTER_BOUND('',#1208,.T.);
#736=FACE_OUTER_BOUND('',#1209,.T.);
#737=FACE_OUTER_BOUND('',#1210,.T.);
#738=FACE_OUTER_BOUND('',#1211,.T.);
#739=FACE_OUTER_BOUND('',#1212,.T.);
#740=FACE_OUTER_BOUND('',#1213,.T.);
#741=FACE_OUTER_BOUND('',#1214,.T.);
#742=FACE_OUTER_BOUND('',#1215,.T.);
#743=FACE_OUTER_BOUND('',#1216,.T.);
#744=FACE_OUTER_BOUND('',#1217,.T.);
#745=FACE_OUTER_BOUND('',#1218,.T.);
#746=FACE_OUTER_BOUND('',#1219,.T.);
#747=FACE_OUTER_BOUND('',#1220,.T.);
#748=FACE_OUTER_BOUND('',#1221,.T.);
#749=FACE_OUTER_BOUND('',#1222,.T.);
#750=FACE_OUTER_BOUND('',#1223,.T.);
#751=FACE_OUTER_BOUND('',#1224,.T.);
#752=FACE_OUTER_BOUND('',#1225,.T.);
#753=FACE_OUTER_BOUND('',#1226,.T.);
#754=FACE_OUTER_BOUND('',#1227,.T.);
#755=FACE_OUTER_BOUND('',#1228,.T.);
#756=FACE_OUTER_BOUND('',#1229,.T.);
#757=FACE_OUTER_BOUND('',#1230,.T.);
#758=FACE_OUTER_BOUND('',#1231,.T.);
#759=FACE_OUTER_BOUND('',#1232,.T.);
#760=FACE_OUTER_BOUND('',#1233,.T.);
#761=FACE_OUTER_BOUND('',#1234,.T.);
#762=FACE_OUTER_BOUND('',#1235,.T.);
#763=FACE_OUTER_BOUND('',#1236,.T.);
#764=FACE_OUTER_BOUND('',#1237,.T.);
#765=FACE_OUTER_BOUND('',#1238,.T.);
#766=FACE_OUTER_BOUND('',#1239,.T.);
#767=FACE_OUTER_BOUND('',#1240,.T.);
#768=FACE_OUTER_BOUND('',#1241,.T.);
#769=FACE_OUTER_BOUND('',#1242,.T.);
#770=FACE_OUTER_BOUND('',#1243,.T.);
#771=FACE_OUTER_BOUND('',#1244,.T.);
#772=FACE_OUTER_BOUND('',#1245,.T.);
#773=FACE_OUTER_BOUND('',#1246,.T.);
#774=FACE_OUTER_BOUND('',#1247,.T.);
#775=FACE_OUTER_BOUND('',#1248,.T.);
#776=FACE_OUTER_BOUND('',#1249,.T.);
#777=FACE_OUTER_BOUND('',#1250,.T.);
#778=FACE_OUTER_BOUND('',#1251,.T.);
#779=FACE_OUTER_BOUND('',#1252,.T.);
#780=FACE_OUTER_BOUND('',#1253,.T.);
#781=FACE_OUTER_BOUND('',#1254,.T.);
#782=FACE_OUTER_BOUND('',#1255,.T.);
#783=FACE_OUTER_BOUND('',#1256,.T.);
#784=FACE_OUTER_BOUND('',#1257,.T.);
#785=FACE_OUTER_BOUND('',#1258,.T.);
#786=FACE_OUTER_BOUND('',#1259,.T.);
#787=FACE_OUTER_BOUND('',#1260,.T.);
#788=FACE_OUTER_BOUND('',#1261,.T.);
#789=FACE_OUTER_BOUND('',#1262,.T.);
#790=FACE_OUTER_BOUND('',#1263,.T.);
#791=FACE_OUTER_BOUND('',#1264,.T.);
#792=FACE_OUTER_BOUND('',#1265,.T.);
#793=FACE_OUTER_BOUND('',#1266,.T.);
#794=FACE_OUTER_BOUND('',#1267,.T.);
#795=FACE_OUTER_BOUND('',#1268,.T.);
#796=FACE_OUTER_BOUND('',#1269,.T.);
#797=FACE_OUTER_BOUND('',#1270,.T.);
#798=FACE_OUTER_BOUND('',#1271,.T.);
#799=FACE_OUTER_BOUND('',#1272,.T.);
#800=FACE_OUTER_BOUND('',#1273,.T.);
#801=FACE_OUTER_BOUND('',#1274,.T.);
#802=FACE_OUTER_BOUND('',#1275,.T.);
#803=FACE_OUTER_BOUND('',#1276,.T.);
#804=FACE_OUTER_BOUND('',#1277,.T.);
#805=FACE_OUTER_BOUND('',#1278,.T.);
#806=FACE_OUTER_BOUND('',#1279,.T.);
#807=FACE_OUTER_BOUND('',#1280,.T.);
#808=FACE_OUTER_BOUND('',#1281,.T.);
#809=FACE_OUTER_BOUND('',#1282,.T.);
#810=FACE_OUTER_BOUND('',#1283,.T.);
#811=FACE_OUTER_BOUND('',#1284,.T.);
#812=FACE_OUTER_BOUND('',#1285,.T.);
#813=FACE_OUTER_BOUND('',#1286,.T.);
#814=FACE_OUTER_BOUND('',#1287,.T.);
#815=FACE_OUTER_BOUND('',#1288,.T.);
#816=FACE_OUTER_BOUND('',#1289,.T.);
#817=FACE_OUTER_BOUND('',#1290,.T.);
#818=FACE_OUTER_BOUND('',#1291,.T.);
#819=FACE_OUTER_BOUND('',#1292,.T.);
#820=FACE_OUTER_BOUND('',#1293,.T.);
#821=FACE_OUTER_BOUND('',#1294,.T.);
#822=FACE_OUTER_BOUND('',#1295,.T.);
#823=FACE_OUTER_BOUND('',#1296,.T.);
#824=FACE_OUTER_BOUND('',#1297,.T.);
#825=FACE_OUTER_BOUND('',#1298,.T.);
#826=FACE_OUTER_BOUND('',#1299,.T.);
#827=FACE_OUTER_BOUND('',#1300,.T.);
#828=FACE_OUTER_BOUND('',#1301,.T.);
#829=FACE_OUTER_BOUND('',#1302,.T.);
#830=FACE_OUTER_BOUND('',#1303,.T.);
#831=FACE_OUTER_BOUND('',#1304,.T.);
#832=FACE_OUTER_BOUND('',#1305,.T.);
#833=FACE_OUTER_BOUND('',#1306,.T.);
#834=FACE_OUTER_BOUND('',#1307,.T.);
#835=FACE_OUTER_BOUND('',#1308,.T.);
#836=FACE_OUTER_BOUND('',#1309,.T.);
#837=FACE_OUTER_BOUND('',#1310,.T.);
#838=FACE_OUTER_BOUND('',#1311,.T.);
#839=FACE_OUTER_BOUND('',#1312,.T.);
#840=FACE_OUTER_BOUND('',#1313,.T.);
#841=FACE_OUTER_BOUND('',#1314,.T.);
#842=FACE_OUTER_BOUND('',#1315,.T.);
#843=FACE_OUTER_BOUND('',#1316,.T.);
#844=FACE_OUTER_BOUND('',#1317,.T.);
#845=FACE_OUTER_BOUND('',#1318,.T.);
#846=FACE_OUTER_BOUND('',#1319,.T.);
#847=FACE_OUTER_BOUND('',#1320,.T.);
#848=FACE_OUTER_BOUND('',#1321,.T.);
#849=FACE_OUTER_BOUND('',#1322,.T.);
#850=FACE_OUTER_BOUND('',#1323,.T.);
#851=FACE_OUTER_BOUND('',#1324,.T.);
#852=FACE_OUTER_BOUND('',#1325,.T.);
#853=FACE_OUTER_BOUND('',#1326,.T.);
#854=FACE_OUTER_BOUND('',#1327,.T.);
#855=FACE_OUTER_BOUND('',#1328,.T.);
#856=FACE_OUTER_BOUND('',#1329,.T.);
#857=FACE_OUTER_BOUND('',#1330,.T.);
#858=FACE_OUTER_BOUND('',#1331,.T.);
#859=FACE_OUTER_BOUND('',#1332,.T.);
#860=FACE_OUTER_BOUND('',#1333,.T.);
#861=FACE_OUTER_BOUND('',#1334,.T.);
#862=FACE_OUTER_BOUND('',#1335,.T.);
#863=FACE_OUTER_BOUND('',#1336,.T.);
#864=FACE_OUTER_BOUND('',#1337,.T.);
#865=FACE_OUTER_BOUND('',#1338,.T.);
#866=FACE_OUTER_BOUND('',#1339,.T.);
#867=FACE_OUTER_BOUND('',#1340,.T.);
#868=FACE_OUTER_BOUND('',#1341,.T.);
#869=FACE_OUTER_BOUND('',#1342,.T.);
#870=FACE_OUTER_BOUND('',#1343,.T.);
#871=FACE_OUTER_BOUND('',#1344,.T.);
#872=FACE_OUTER_BOUND('',#1345,.T.);
#873=FACE_OUTER_BOUND('',#1346,.T.);
#874=FACE_OUTER_BOUND('',#1347,.T.);
#875=FACE_OUTER_BOUND('',#1348,.T.);
#876=FACE_OUTER_BOUND('',#1349,.T.);
#877=FACE_OUTER_BOUND('',#1350,.T.);
#878=FACE_OUTER_BOUND('',#1351,.T.);
#879=FACE_OUTER_BOUND('',#1352,.T.);
#880=FACE_OUTER_BOUND('',#1353,.T.);
#881=FACE_OUTER_BOUND('',#1354,.T.);
#882=FACE_OUTER_BOUND('',#1355,.T.);
#883=FACE_OUTER_BOUND('',#1356,.T.);
#884=FACE_OUTER_BOUND('',#1357,.T.);
#885=FACE_OUTER_BOUND('',#1358,.T.);
#886=FACE_OUTER_BOUND('',#1359,.T.);
#887=FACE_OUTER_BOUND('',#1360,.T.);
#888=FACE_OUTER_BOUND('',#1361,.T.);
#889=FACE_OUTER_BOUND('',#1362,.T.);
#890=FACE_OUTER_BOUND('',#1363,.T.);
#891=FACE_OUTER_BOUND('',#1364,.T.);
#892=FACE_OUTER_BOUND('',#1365,.T.);
#893=FACE_OUTER_BOUND('',#1366,.T.);
#894=FACE_OUTER_BOUND('',#1367,.T.);
#895=FACE_OUTER_BOUND('',#1368,.T.);
#896=FACE_OUTER_BOUND('',#1369,.T.);
#897=FACE_OUTER_BOUND('',#1370,.T.);
#898=FACE_OUTER_BOUND('',#1371,.T.);
#899=FACE_OUTER_BOUND('',#1372,.T.);
#900=FACE_OUTER_BOUND('',#1373,.T.);
#901=FACE_OUTER_BOUND('',#1374,.T.);
#902=FACE_OUTER_BOUND('',#1375,.T.);
#903=FACE_OUTER_BOUND('',#1376,.T.);
#904=FACE_OUTER_BOUND('',#1377,.T.);
#905=FACE_OUTER_BOUND('',#1378,.T.);
#906=FACE_OUTER_BOUND('',#1379,.T.);
#907=FACE_OUTER_BOUND('',#1380,.T.);
#908=FACE_OUTER_BOUND('',#1381,.T.);
#909=FACE_OUTER_BOUND('',#1382,.T.);
#910=FACE_OUTER_BOUND('',#1383,.T.);
#911=FACE_OUTER_BOUND('',#1384,.T.);
#912=FACE_OUTER_BOUND('',#1385,.T.);
#913=FACE_OUTER_BOUND('',#1386,.T.);
#914=FACE_OUTER_BOUND('',#1387,.T.);
#915=FACE_OUTER_BOUND('',#1388,.T.);
#916=FACE_OUTER_BOUND('',#1389,.T.);
#917=FACE_OUTER_BOUND('',#1390,.T.);
#918=FACE_OUTER_BOUND('',#1391,.T.);
#919=FACE_OUTER_BOUND('',#1392,.T.);
#920=FACE_OUTER_BOUND('',#1393,.T.);
#921=FACE_OUTER_BOUND('',#1394,.T.);
#922=FACE_OUTER_BOUND('',#1395,.T.);
#923=FACE_OUTER_BOUND('',#1396,.T.);
#924=FACE_OUTER_BOUND('',#1397,.T.);
#925=FACE_OUTER_BOUND('',#1398,.T.);
#926=FACE_OUTER_BOUND('',#1399,.T.);
#927=FACE_OUTER_BOUND('',#1400,.T.);
#928=FACE_OUTER_BOUND('',#1401,.T.);
#929=FACE_OUTER_BOUND('',#1402,.T.);
#930=FACE_OUTER_BOUND('',#1403,.T.);
#931=FACE_OUTER_BOUND('',#1404,.T.);
#932=FACE_OUTER_BOUND('',#1405,.T.);
#933=FACE_OUTER_BOUND('',#1406,.T.);
#934=FACE_OUTER_BOUND('',#1407,.T.);
#935=FACE_OUTER_BOUND('',#1408,.T.);
#936=FACE_OUTER_BOUND('',#1409,.T.);
#937=FACE_OUTER_BOUND('',#1410,.T.);
#938=FACE_OUTER_BOUND('',#1411,.T.);
#939=FACE_OUTER_BOUND('',#1412,.T.);
#940=FACE_OUTER_BOUND('',#1413,.T.);
#941=FACE_OUTER_BOUND('',#1414,.T.);
#942=FACE_OUTER_BOUND('',#1415,.T.);
#943=FACE_OUTER_BOUND('',#1416,.T.);
#944=FACE_OUTER_BOUND('',#1417,.T.);
#945=FACE_OUTER_BOUND('',#1418,.T.);
#946=FACE_OUTER_BOUND('',#1419,.T.);
#947=FACE_OUTER_BOUND('',#1420,.T.);
#948=FACE_OUTER_BOUND('',#1421,.T.);
#949=FACE_OUTER_BOUND('',#1422,.T.);
#950=FACE_OUTER_BOUND('',#1423,.T.);
#951=FACE_OUTER_BOUND('',#1424,.T.);
#952=FACE_OUTER_BOUND('',#1425,.T.);
#953=FACE_OUTER_BOUND('',#1426,.T.);
#954=FACE_OUTER_BOUND('',#1427,.T.);
#955=EDGE_LOOP('',(#5907,#5908,#5909,#5910));
#956=EDGE_LOOP('',(#5911,#5912,#5913,#5914));
#957=EDGE_LOOP('',(#5915,#5916,#5917,#5918));
#958=EDGE_LOOP('',(#5919,#5920,#5921,#5922));
#959=EDGE_LOOP('',(#5923,#5924,#5925,#5926));
#960=EDGE_LOOP('',(#5927,#5928,#5929,#5930));
#961=EDGE_LOOP('',(#5931,#5932,#5933,#5934));
#962=EDGE_LOOP('',(#5935,#5936,#5937,#5938));
#963=EDGE_LOOP('',(#5939,#5940,#5941,#5942));
#964=EDGE_LOOP('',(#5943,#5944,#5945,#5946));
#965=EDGE_LOOP('',(#5947,#5948,#5949,#5950));
#966=EDGE_LOOP('',(#5951,#5952,#5953,#5954,#5955,#5956,#5957,#5958,#5959,
#5960));
#967=EDGE_LOOP('',(#5961));
#968=EDGE_LOOP('',(#5962));
#969=EDGE_LOOP('',(#5963));
#970=EDGE_LOOP('',(#5964));
#971=EDGE_LOOP('',(#5965,#5966,#5967,#5968,#5969,#5970,#5971,#5972,#5973,
#5974,#5975,#5976,#5977,#5978,#5979,#5980,#5981,#5982,#5983,#5984,#5985,
#5986,#5987,#5988,#5989,#5990,#5991,#5992,#5993,#5994,#5995,#5996,#5997,
#5998,#5999,#6000));
#972=EDGE_LOOP('',(#6001,#6002,#6003,#6004));
#973=EDGE_LOOP('',(#6005,#6006,#6007,#6008));
#974=EDGE_LOOP('',(#6009,#6010,#6011,#6012));
#975=EDGE_LOOP('',(#6013,#6014,#6015,#6016));
#976=EDGE_LOOP('',(#6017,#6018,#6019,#6020));
#977=EDGE_LOOP('',(#6021,#6022,#6023,#6024));
#978=EDGE_LOOP('',(#6025,#6026,#6027,#6028));
#979=EDGE_LOOP('',(#6029,#6030,#6031,#6032));
#980=EDGE_LOOP('',(#6033,#6034,#6035,#6036));
#981=EDGE_LOOP('',(#6037,#6038,#6039,#6040));
#982=EDGE_LOOP('',(#6041,#6042,#6043,#6044));
#983=EDGE_LOOP('',(#6045,#6046,#6047,#6048));
#984=EDGE_LOOP('',(#6049,#6050,#6051,#6052));
#985=EDGE_LOOP('',(#6053,#6054,#6055,#6056));
#986=EDGE_LOOP('',(#6057,#6058,#6059,#6060));
#987=EDGE_LOOP('',(#6061,#6062,#6063,#6064));
#988=EDGE_LOOP('',(#6065,#6066,#6067,#6068));
#989=EDGE_LOOP('',(#6069,#6070,#6071,#6072));
#990=EDGE_LOOP('',(#6073,#6074,#6075,#6076));
#991=EDGE_LOOP('',(#6077,#6078,#6079,#6080,#6081,#6082,#6083,#6084,#6085,
#6086,#6087,#6088,#6089,#6090,#6091,#6092,#6093,#6094,#6095,#6096,#6097,
#6098,#6099,#6100,#6101,#6102,#6103,#6104,#6105,#6106,#6107,#6108,#6109,
#6110,#6111,#6112));
#992=EDGE_LOOP('',(#6113,#6114,#6115,#6116));
#993=EDGE_LOOP('',(#6117,#6118,#6119,#6120));
#994=EDGE_LOOP('',(#6121,#6122,#6123,#6124));
#995=EDGE_LOOP('',(#6125,#6126,#6127,#6128));
#996=EDGE_LOOP('',(#6129,#6130,#6131,#6132));
#997=EDGE_LOOP('',(#6133,#6134,#6135,#6136));
#998=EDGE_LOOP('',(#6137,#6138,#6139,#6140));
#999=EDGE_LOOP('',(#6141,#6142,#6143,#6144));
#1000=EDGE_LOOP('',(#6145,#6146,#6147,#6148));
#1001=EDGE_LOOP('',(#6149,#6150,#6151,#6152));
#1002=EDGE_LOOP('',(#6153,#6154,#6155,#6156));
#1003=EDGE_LOOP('',(#6157,#6158,#6159,#6160));
#1004=EDGE_LOOP('',(#6161,#6162,#6163,#6164,#6165,#6166,#6167,#6168,#6169,
#6170,#6171,#6172,#6173,#6174,#6175,#6176,#6177,#6178,#6179,#6180,#6181,
#6182,#6183,#6184,#6185,#6186,#6187,#6188,#6189,#6190,#6191,#6192,#6193,
#6194,#6195,#6196));
#1005=EDGE_LOOP('',(#6197,#6198,#6199,#6200));
#1006=EDGE_LOOP('',(#6201,#6202,#6203,#6204));
#1007=EDGE_LOOP('',(#6205,#6206,#6207,#6208));
#1008=EDGE_LOOP('',(#6209,#6210,#6211,#6212));
#1009=EDGE_LOOP('',(#6213,#6214,#6215,#6216));
#1010=EDGE_LOOP('',(#6217,#6218,#6219,#6220));
#1011=EDGE_LOOP('',(#6221,#6222,#6223,#6224));
#1012=EDGE_LOOP('',(#6225,#6226,#6227,#6228));
#1013=EDGE_LOOP('',(#6229,#6230,#6231,#6232));
#1014=EDGE_LOOP('',(#6233,#6234,#6235,#6236));
#1015=EDGE_LOOP('',(#6237,#6238,#6239,#6240));
#1016=EDGE_LOOP('',(#6241,#6242,#6243,#6244,#6245,#6246,#6247,#6248,#6249,
#6250,#6251,#6252,#6253,#6254,#6255,#6256,#6257,#6258,#6259,#6260,#6261,
#6262,#6263,#6264,#6265,#6266,#6267,#6268,#6269,#6270,#6271,#6272,#6273,
#6274,#6275,#6276));
#1017=EDGE_LOOP('',(#6277,#6278,#6279,#6280));
#1018=EDGE_LOOP('',(#6281,#6282,#6283,#6284));
#1019=EDGE_LOOP('',(#6285,#6286,#6287,#6288));
#1020=EDGE_LOOP('',(#6289,#6290,#6291,#6292));
#1021=EDGE_LOOP('',(#6293,#6294,#6295,#6296));
#1022=EDGE_LOOP('',(#6297,#6298,#6299,#6300));
#1023=EDGE_LOOP('',(#6301,#6302,#6303,#6304));
#1024=EDGE_LOOP('',(#6305,#6306,#6307,#6308));
#1025=EDGE_LOOP('',(#6309,#6310,#6311,#6312));
#1026=EDGE_LOOP('',(#6313,#6314,#6315,#6316));
#1027=EDGE_LOOP('',(#6317,#6318,#6319,#6320));
#1028=EDGE_LOOP('',(#6321,#6322,#6323,#6324));
#1029=EDGE_LOOP('',(#6325,#6326,#6327,#6328));
#1030=EDGE_LOOP('',(#6329,#6330,#6331,#6332));
#1031=EDGE_LOOP('',(#6333,#6334,#6335,#6336));
#1032=EDGE_LOOP('',(#6337,#6338,#6339,#6340));
#1033=EDGE_LOOP('',(#6341,#6342,#6343,#6344));
#1034=EDGE_LOOP('',(#6345,#6346,#6347,#6348));
#1035=EDGE_LOOP('',(#6349,#6350,#6351,#6352));
#1036=EDGE_LOOP('',(#6353,#6354,#6355,#6356));
#1037=EDGE_LOOP('',(#6357,#6358,#6359,#6360));
#1038=EDGE_LOOP('',(#6361,#6362,#6363,#6364));
#1039=EDGE_LOOP('',(#6365,#6366,#6367,#6368));
#1040=EDGE_LOOP('',(#6369,#6370,#6371,#6372));
#1041=EDGE_LOOP('',(#6373,#6374,#6375,#6376));
#1042=EDGE_LOOP('',(#6377,#6378,#6379,#6380));
#1043=EDGE_LOOP('',(#6381,#6382,#6383,#6384));
#1044=EDGE_LOOP('',(#6385,#6386,#6387,#6388));
#1045=EDGE_LOOP('',(#6389,#6390,#6391,#6392));
#1046=EDGE_LOOP('',(#6393,#6394,#6395,#6396));
#1047=EDGE_LOOP('',(#6397,#6398,#6399,#6400));
#1048=EDGE_LOOP('',(#6401,#6402,#6403,#6404));
#1049=EDGE_LOOP('',(#6405,#6406,#6407,#6408));
#1050=EDGE_LOOP('',(#6409,#6410,#6411,#6412));
#1051=EDGE_LOOP('',(#6413,#6414,#6415,#6416));
#1052=EDGE_LOOP('',(#6417,#6418,#6419,#6420));
#1053=EDGE_LOOP('',(#6421,#6422,#6423,#6424));
#1054=EDGE_LOOP('',(#6425,#6426,#6427,#6428));
#1055=EDGE_LOOP('',(#6429,#6430,#6431,#6432));
#1056=EDGE_LOOP('',(#6433,#6434,#6435,#6436));
#1057=EDGE_LOOP('',(#6437,#6438,#6439,#6440));
#1058=EDGE_LOOP('',(#6441,#6442,#6443,#6444));
#1059=EDGE_LOOP('',(#6445,#6446,#6447,#6448));
#1060=EDGE_LOOP('',(#6449,#6450,#6451,#6452));
#1061=EDGE_LOOP('',(#6453,#6454,#6455,#6456));
#1062=EDGE_LOOP('',(#6457,#6458,#6459,#6460));
#1063=EDGE_LOOP('',(#6461,#6462,#6463,#6464));
#1064=EDGE_LOOP('',(#6465,#6466,#6467,#6468));
#1065=EDGE_LOOP('',(#6469,#6470,#6471,#6472));
#1066=EDGE_LOOP('',(#6473,#6474,#6475,#6476));
#1067=EDGE_LOOP('',(#6477,#6478,#6479,#6480));
#1068=EDGE_LOOP('',(#6481,#6482,#6483,#6484));
#1069=EDGE_LOOP('',(#6485,#6486,#6487,#6488));
#1070=EDGE_LOOP('',(#6489,#6490,#6491,#6492));
#1071=EDGE_LOOP('',(#6493,#6494,#6495,#6496));
#1072=EDGE_LOOP('',(#6497,#6498,#6499,#6500));
#1073=EDGE_LOOP('',(#6501,#6502,#6503,#6504));
#1074=EDGE_LOOP('',(#6505,#6506,#6507,#6508));
#1075=EDGE_LOOP('',(#6509,#6510,#6511,#6512));
#1076=EDGE_LOOP('',(#6513,#6514,#6515,#6516));
#1077=EDGE_LOOP('',(#6517,#6518,#6519,#6520));
#1078=EDGE_LOOP('',(#6521,#6522,#6523,#6524));
#1079=EDGE_LOOP('',(#6525,#6526,#6527,#6528));
#1080=EDGE_LOOP('',(#6529,#6530,#6531,#6532));
#1081=EDGE_LOOP('',(#6533,#6534,#6535,#6536));
#1082=EDGE_LOOP('',(#6537,#6538,#6539,#6540));
#1083=EDGE_LOOP('',(#6541,#6542,#6543,#6544));
#1084=EDGE_LOOP('',(#6545,#6546,#6547,#6548));
#1085=EDGE_LOOP('',(#6549,#6550,#6551,#6552));
#1086=EDGE_LOOP('',(#6553,#6554,#6555,#6556));
#1087=EDGE_LOOP('',(#6557,#6558,#6559,#6560));
#1088=EDGE_LOOP('',(#6561,#6562,#6563,#6564));
#1089=EDGE_LOOP('',(#6565,#6566,#6567,#6568));
#1090=EDGE_LOOP('',(#6569,#6570,#6571,#6572));
#1091=EDGE_LOOP('',(#6573,#6574,#6575,#6576));
#1092=EDGE_LOOP('',(#6577,#6578,#6579,#6580));
#1093=EDGE_LOOP('',(#6581,#6582,#6583,#6584));
#1094=EDGE_LOOP('',(#6585,#6586,#6587,#6588));
#1095=EDGE_LOOP('',(#6589,#6590,#6591,#6592));
#1096=EDGE_LOOP('',(#6593,#6594,#6595,#6596));
#1097=EDGE_LOOP('',(#6597,#6598,#6599,#6600));
#1098=EDGE_LOOP('',(#6601,#6602,#6603,#6604));
#1099=EDGE_LOOP('',(#6605,#6606,#6607,#6608));
#1100=EDGE_LOOP('',(#6609,#6610,#6611,#6612));
#1101=EDGE_LOOP('',(#6613,#6614,#6615,#6616));
#1102=EDGE_LOOP('',(#6617,#6618,#6619,#6620));
#1103=EDGE_LOOP('',(#6621,#6622,#6623,#6624));
#1104=EDGE_LOOP('',(#6625,#6626,#6627,#6628));
#1105=EDGE_LOOP('',(#6629,#6630,#6631,#6632));
#1106=EDGE_LOOP('',(#6633,#6634,#6635,#6636));
#1107=EDGE_LOOP('',(#6637,#6638,#6639,#6640));
#1108=EDGE_LOOP('',(#6641,#6642,#6643,#6644));
#1109=EDGE_LOOP('',(#6645,#6646,#6647,#6648));
#1110=EDGE_LOOP('',(#6649,#6650,#6651,#6652));
#1111=EDGE_LOOP('',(#6653,#6654,#6655,#6656));
#1112=EDGE_LOOP('',(#6657,#6658,#6659,#6660));
#1113=EDGE_LOOP('',(#6661,#6662,#6663,#6664));
#1114=EDGE_LOOP('',(#6665,#6666,#6667,#6668));
#1115=EDGE_LOOP('',(#6669,#6670,#6671,#6672));
#1116=EDGE_LOOP('',(#6673,#6674,#6675,#6676));
#1117=EDGE_LOOP('',(#6677,#6678,#6679,#6680));
#1118=EDGE_LOOP('',(#6681,#6682,#6683,#6684));
#1119=EDGE_LOOP('',(#6685,#6686,#6687,#6688));
#1120=EDGE_LOOP('',(#6689,#6690,#6691,#6692));
#1121=EDGE_LOOP('',(#6693,#6694,#6695,#6696));
#1122=EDGE_LOOP('',(#6697,#6698,#6699,#6700));
#1123=EDGE_LOOP('',(#6701,#6702,#6703,#6704));
#1124=EDGE_LOOP('',(#6705,#6706,#6707,#6708));
#1125=EDGE_LOOP('',(#6709,#6710,#6711,#6712));
#1126=EDGE_LOOP('',(#6713,#6714,#6715,#6716));
#1127=EDGE_LOOP('',(#6717,#6718,#6719,#6720));
#1128=EDGE_LOOP('',(#6721,#6722,#6723,#6724));
#1129=EDGE_LOOP('',(#6725,#6726,#6727,#6728));
#1130=EDGE_LOOP('',(#6729,#6730,#6731,#6732));
#1131=EDGE_LOOP('',(#6733,#6734,#6735,#6736));
#1132=EDGE_LOOP('',(#6737,#6738,#6739,#6740));
#1133=EDGE_LOOP('',(#6741,#6742,#6743,#6744));
#1134=EDGE_LOOP('',(#6745,#6746,#6747,#6748));
#1135=EDGE_LOOP('',(#6749,#6750,#6751,#6752));
#1136=EDGE_LOOP('',(#6753,#6754,#6755,#6756));
#1137=EDGE_LOOP('',(#6757,#6758,#6759,#6760));
#1138=EDGE_LOOP('',(#6761,#6762,#6763,#6764));
#1139=EDGE_LOOP('',(#6765,#6766,#6767,#6768));
#1140=EDGE_LOOP('',(#6769,#6770,#6771,#6772));
#1141=EDGE_LOOP('',(#6773,#6774,#6775,#6776));
#1142=EDGE_LOOP('',(#6777,#6778,#6779,#6780));
#1143=EDGE_LOOP('',(#6781,#6782,#6783,#6784));
#1144=EDGE_LOOP('',(#6785,#6786,#6787,#6788));
#1145=EDGE_LOOP('',(#6789,#6790,#6791,#6792));
#1146=EDGE_LOOP('',(#6793,#6794,#6795,#6796));
#1147=EDGE_LOOP('',(#6797,#6798,#6799,#6800));
#1148=EDGE_LOOP('',(#6801,#6802,#6803,#6804));
#1149=EDGE_LOOP('',(#6805,#6806,#6807,#6808));
#1150=EDGE_LOOP('',(#6809,#6810,#6811,#6812));
#1151=EDGE_LOOP('',(#6813,#6814,#6815,#6816));
#1152=EDGE_LOOP('',(#6817,#6818,#6819,#6820));
#1153=EDGE_LOOP('',(#6821,#6822,#6823,#6824));
#1154=EDGE_LOOP('',(#6825,#6826,#6827,#6828));
#1155=EDGE_LOOP('',(#6829,#6830,#6831,#6832));
#1156=EDGE_LOOP('',(#6833,#6834,#6835,#6836));
#1157=EDGE_LOOP('',(#6837,#6838,#6839,#6840));
#1158=EDGE_LOOP('',(#6841,#6842,#6843,#6844));
#1159=EDGE_LOOP('',(#6845,#6846,#6847,#6848));
#1160=EDGE_LOOP('',(#6849,#6850,#6851,#6852));
#1161=EDGE_LOOP('',(#6853,#6854,#6855,#6856));
#1162=EDGE_LOOP('',(#6857,#6858,#6859,#6860));
#1163=EDGE_LOOP('',(#6861,#6862,#6863,#6864));
#1164=EDGE_LOOP('',(#6865,#6866,#6867,#6868));
#1165=EDGE_LOOP('',(#6869,#6870,#6871,#6872));
#1166=EDGE_LOOP('',(#6873,#6874,#6875,#6876));
#1167=EDGE_LOOP('',(#6877,#6878,#6879,#6880));
#1168=EDGE_LOOP('',(#6881,#6882,#6883,#6884));
#1169=EDGE_LOOP('',(#6885,#6886,#6887,#6888));
#1170=EDGE_LOOP('',(#6889,#6890,#6891,#6892));
#1171=EDGE_LOOP('',(#6893,#6894,#6895,#6896));
#1172=EDGE_LOOP('',(#6897,#6898,#6899,#6900));
#1173=EDGE_LOOP('',(#6901,#6902,#6903,#6904));
#1174=EDGE_LOOP('',(#6905,#6906,#6907,#6908));
#1175=EDGE_LOOP('',(#6909,#6910,#6911,#6912));
#1176=EDGE_LOOP('',(#6913,#6914,#6915,#6916));
#1177=EDGE_LOOP('',(#6917,#6918,#6919,#6920));
#1178=EDGE_LOOP('',(#6921,#6922,#6923,#6924));
#1179=EDGE_LOOP('',(#6925,#6926,#6927,#6928));
#1180=EDGE_LOOP('',(#6929,#6930,#6931,#6932));
#1181=EDGE_LOOP('',(#6933,#6934,#6935,#6936));
#1182=EDGE_LOOP('',(#6937,#6938,#6939,#6940));
#1183=EDGE_LOOP('',(#6941,#6942,#6943,#6944));
#1184=EDGE_LOOP('',(#6945,#6946,#6947,#6948));
#1185=EDGE_LOOP('',(#6949,#6950,#6951,#6952));
#1186=EDGE_LOOP('',(#6953,#6954,#6955,#6956));
#1187=EDGE_LOOP('',(#6957,#6958,#6959,#6960));
#1188=EDGE_LOOP('',(#6961,#6962,#6963,#6964));
#1189=EDGE_LOOP('',(#6965,#6966,#6967,#6968));
#1190=EDGE_LOOP('',(#6969,#6970,#6971,#6972));
#1191=EDGE_LOOP('',(#6973,#6974,#6975,#6976));
#1192=EDGE_LOOP('',(#6977,#6978,#6979,#6980));
#1193=EDGE_LOOP('',(#6981,#6982,#6983,#6984));
#1194=EDGE_LOOP('',(#6985,#6986,#6987,#6988));
#1195=EDGE_LOOP('',(#6989,#6990,#6991,#6992));
#1196=EDGE_LOOP('',(#6993,#6994,#6995,#6996));
#1197=EDGE_LOOP('',(#6997,#6998,#6999,#7000));
#1198=EDGE_LOOP('',(#7001,#7002,#7003,#7004));
#1199=EDGE_LOOP('',(#7005,#7006,#7007,#7008));
#1200=EDGE_LOOP('',(#7009,#7010,#7011,#7012));
#1201=EDGE_LOOP('',(#7013,#7014,#7015,#7016));
#1202=EDGE_LOOP('',(#7017,#7018,#7019,#7020));
#1203=EDGE_LOOP('',(#7021,#7022,#7023,#7024));
#1204=EDGE_LOOP('',(#7025,#7026,#7027,#7028));
#1205=EDGE_LOOP('',(#7029,#7030,#7031,#7032));
#1206=EDGE_LOOP('',(#7033,#7034,#7035,#7036));
#1207=EDGE_LOOP('',(#7037,#7038,#7039,#7040));
#1208=EDGE_LOOP('',(#7041,#7042,#7043,#7044));
#1209=EDGE_LOOP('',(#7045,#7046,#7047,#7048));
#1210=EDGE_LOOP('',(#7049,#7050,#7051,#7052));
#1211=EDGE_LOOP('',(#7053,#7054,#7055,#7056));
#1212=EDGE_LOOP('',(#7057,#7058,#7059,#7060));
#1213=EDGE_LOOP('',(#7061,#7062,#7063,#7064));
#1214=EDGE_LOOP('',(#7065,#7066,#7067,#7068));
#1215=EDGE_LOOP('',(#7069,#7070,#7071,#7072));
#1216=EDGE_LOOP('',(#7073,#7074,#7075,#7076));
#1217=EDGE_LOOP('',(#7077,#7078,#7079,#7080));
#1218=EDGE_LOOP('',(#7081,#7082,#7083,#7084));
#1219=EDGE_LOOP('',(#7085,#7086,#7087,#7088));
#1220=EDGE_LOOP('',(#7089,#7090,#7091,#7092));
#1221=EDGE_LOOP('',(#7093,#7094,#7095,#7096));
#1222=EDGE_LOOP('',(#7097,#7098,#7099,#7100));
#1223=EDGE_LOOP('',(#7101,#7102,#7103,#7104));
#1224=EDGE_LOOP('',(#7105,#7106,#7107,#7108));
#1225=EDGE_LOOP('',(#7109,#7110,#7111,#7112));
#1226=EDGE_LOOP('',(#7113,#7114,#7115,#7116));
#1227=EDGE_LOOP('',(#7117,#7118,#7119,#7120));
#1228=EDGE_LOOP('',(#7121,#7122,#7123,#7124));
#1229=EDGE_LOOP('',(#7125,#7126,#7127,#7128));
#1230=EDGE_LOOP('',(#7129,#7130,#7131,#7132));
#1231=EDGE_LOOP('',(#7133,#7134,#7135,#7136));
#1232=EDGE_LOOP('',(#7137,#7138,#7139,#7140));
#1233=EDGE_LOOP('',(#7141,#7142,#7143,#7144));
#1234=EDGE_LOOP('',(#7145,#7146,#7147,#7148));
#1235=EDGE_LOOP('',(#7149,#7150,#7151,#7152));
#1236=EDGE_LOOP('',(#7153,#7154,#7155,#7156));
#1237=EDGE_LOOP('',(#7157,#7158,#7159,#7160));
#1238=EDGE_LOOP('',(#7161,#7162,#7163,#7164));
#1239=EDGE_LOOP('',(#7165,#7166,#7167,#7168));
#1240=EDGE_LOOP('',(#7169,#7170,#7171,#7172));
#1241=EDGE_LOOP('',(#7173,#7174,#7175,#7176));
#1242=EDGE_LOOP('',(#7177,#7178,#7179,#7180));
#1243=EDGE_LOOP('',(#7181,#7182,#7183,#7184));
#1244=EDGE_LOOP('',(#7185,#7186,#7187,#7188));
#1245=EDGE_LOOP('',(#7189,#7190,#7191,#7192));
#1246=EDGE_LOOP('',(#7193,#7194,#7195,#7196));
#1247=EDGE_LOOP('',(#7197,#7198,#7199,#7200));
#1248=EDGE_LOOP('',(#7201,#7202,#7203,#7204));
#1249=EDGE_LOOP('',(#7205,#7206,#7207,#7208));
#1250=EDGE_LOOP('',(#7209,#7210,#7211,#7212));
#1251=EDGE_LOOP('',(#7213,#7214,#7215,#7216));
#1252=EDGE_LOOP('',(#7217,#7218,#7219,#7220));
#1253=EDGE_LOOP('',(#7221,#7222,#7223,#7224));
#1254=EDGE_LOOP('',(#7225,#7226,#7227,#7228));
#1255=EDGE_LOOP('',(#7229,#7230,#7231,#7232));
#1256=EDGE_LOOP('',(#7233,#7234,#7235,#7236));
#1257=EDGE_LOOP('',(#7237,#7238,#7239,#7240));
#1258=EDGE_LOOP('',(#7241,#7242,#7243,#7244));
#1259=EDGE_LOOP('',(#7245,#7246,#7247,#7248));
#1260=EDGE_LOOP('',(#7249,#7250,#7251,#7252));
#1261=EDGE_LOOP('',(#7253,#7254,#7255,#7256));
#1262=EDGE_LOOP('',(#7257,#7258,#7259,#7260));
#1263=EDGE_LOOP('',(#7261,#7262,#7263,#7264));
#1264=EDGE_LOOP('',(#7265,#7266,#7267,#7268));
#1265=EDGE_LOOP('',(#7269,#7270,#7271,#7272));
#1266=EDGE_LOOP('',(#7273,#7274,#7275,#7276));
#1267=EDGE_LOOP('',(#7277,#7278,#7279,#7280));
#1268=EDGE_LOOP('',(#7281,#7282,#7283,#7284));
#1269=EDGE_LOOP('',(#7285,#7286,#7287,#7288));
#1270=EDGE_LOOP('',(#7289,#7290,#7291,#7292));
#1271=EDGE_LOOP('',(#7293,#7294,#7295,#7296));
#1272=EDGE_LOOP('',(#7297,#7298,#7299,#7300));
#1273=EDGE_LOOP('',(#7301,#7302,#7303,#7304));
#1274=EDGE_LOOP('',(#7305,#7306,#7307,#7308));
#1275=EDGE_LOOP('',(#7309,#7310,#7311,#7312));
#1276=EDGE_LOOP('',(#7313,#7314,#7315,#7316));
#1277=EDGE_LOOP('',(#7317,#7318,#7319,#7320));
#1278=EDGE_LOOP('',(#7321,#7322,#7323,#7324));
#1279=EDGE_LOOP('',(#7325,#7326,#7327,#7328));
#1280=EDGE_LOOP('',(#7329,#7330,#7331,#7332));
#1281=EDGE_LOOP('',(#7333,#7334,#7335,#7336));
#1282=EDGE_LOOP('',(#7337,#7338,#7339,#7340));
#1283=EDGE_LOOP('',(#7341,#7342,#7343,#7344));
#1284=EDGE_LOOP('',(#7345,#7346,#7347,#7348));
#1285=EDGE_LOOP('',(#7349,#7350,#7351,#7352));
#1286=EDGE_LOOP('',(#7353,#7354,#7355,#7356));
#1287=EDGE_LOOP('',(#7357,#7358,#7359,#7360));
#1288=EDGE_LOOP('',(#7361,#7362,#7363,#7364));
#1289=EDGE_LOOP('',(#7365,#7366,#7367,#7368));
#1290=EDGE_LOOP('',(#7369,#7370,#7371,#7372));
#1291=EDGE_LOOP('',(#7373,#7374,#7375,#7376));
#1292=EDGE_LOOP('',(#7377,#7378,#7379,#7380));
#1293=EDGE_LOOP('',(#7381,#7382,#7383,#7384));
#1294=EDGE_LOOP('',(#7385,#7386,#7387,#7388));
#1295=EDGE_LOOP('',(#7389,#7390,#7391,#7392));
#1296=EDGE_LOOP('',(#7393,#7394,#7395,#7396));
#1297=EDGE_LOOP('',(#7397,#7398,#7399,#7400));
#1298=EDGE_LOOP('',(#7401,#7402,#7403,#7404));
#1299=EDGE_LOOP('',(#7405,#7406,#7407,#7408));
#1300=EDGE_LOOP('',(#7409,#7410,#7411,#7412));
#1301=EDGE_LOOP('',(#7413,#7414,#7415,#7416));
#1302=EDGE_LOOP('',(#7417,#7418,#7419,#7420));
#1303=EDGE_LOOP('',(#7421,#7422,#7423,#7424));
#1304=EDGE_LOOP('',(#7425,#7426,#7427,#7428));
#1305=EDGE_LOOP('',(#7429,#7430,#7431,#7432));
#1306=EDGE_LOOP('',(#7433,#7434,#7435,#7436));
#1307=EDGE_LOOP('',(#7437,#7438,#7439,#7440));
#1308=EDGE_LOOP('',(#7441,#7442,#7443,#7444));
#1309=EDGE_LOOP('',(#7445,#7446,#7447,#7448));
#1310=EDGE_LOOP('',(#7449,#7450,#7451,#7452));
#1311=EDGE_LOOP('',(#7453,#7454,#7455,#7456));
#1312=EDGE_LOOP('',(#7457,#7458,#7459,#7460));
#1313=EDGE_LOOP('',(#7461,#7462,#7463,#7464));
#1314=EDGE_LOOP('',(#7465,#7466,#7467,#7468));
#1315=EDGE_LOOP('',(#7469,#7470,#7471,#7472));
#1316=EDGE_LOOP('',(#7473,#7474,#7475,#7476));
#1317=EDGE_LOOP('',(#7477,#7478,#7479,#7480));
#1318=EDGE_LOOP('',(#7481,#7482,#7483,#7484));
#1319=EDGE_LOOP('',(#7485,#7486,#7487,#7488));
#1320=EDGE_LOOP('',(#7489,#7490,#7491,#7492));
#1321=EDGE_LOOP('',(#7493,#7494,#7495,#7496));
#1322=EDGE_LOOP('',(#7497,#7498,#7499,#7500));
#1323=EDGE_LOOP('',(#7501,#7502,#7503,#7504));
#1324=EDGE_LOOP('',(#7505,#7506,#7507,#7508));
#1325=EDGE_LOOP('',(#7509,#7510,#7511,#7512));
#1326=EDGE_LOOP('',(#7513,#7514,#7515,#7516));
#1327=EDGE_LOOP('',(#7517,#7518,#7519,#7520));
#1328=EDGE_LOOP('',(#7521,#7522,#7523,#7524));
#1329=EDGE_LOOP('',(#7525,#7526,#7527,#7528));
#1330=EDGE_LOOP('',(#7529,#7530,#7531,#7532));
#1331=EDGE_LOOP('',(#7533,#7534,#7535,#7536));
#1332=EDGE_LOOP('',(#7537,#7538,#7539,#7540));
#1333=EDGE_LOOP('',(#7541,#7542,#7543,#7544));
#1334=EDGE_LOOP('',(#7545,#7546,#7547,#7548));
#1335=EDGE_LOOP('',(#7549,#7550,#7551,#7552));
#1336=EDGE_LOOP('',(#7553,#7554,#7555,#7556));
#1337=EDGE_LOOP('',(#7557,#7558,#7559,#7560));
#1338=EDGE_LOOP('',(#7561,#7562,#7563,#7564));
#1339=EDGE_LOOP('',(#7565,#7566,#7567,#7568));
#1340=EDGE_LOOP('',(#7569,#7570,#7571,#7572));
#1341=EDGE_LOOP('',(#7573,#7574,#7575,#7576));
#1342=EDGE_LOOP('',(#7577,#7578,#7579,#7580));
#1343=EDGE_LOOP('',(#7581,#7582,#7583,#7584));
#1344=EDGE_LOOP('',(#7585,#7586,#7587,#7588));
#1345=EDGE_LOOP('',(#7589,#7590,#7591,#7592));
#1346=EDGE_LOOP('',(#7593,#7594,#7595,#7596));
#1347=EDGE_LOOP('',(#7597,#7598,#7599,#7600));
#1348=EDGE_LOOP('',(#7601,#7602,#7603,#7604));
#1349=EDGE_LOOP('',(#7605,#7606,#7607,#7608));
#1350=EDGE_LOOP('',(#7609,#7610,#7611,#7612));
#1351=EDGE_LOOP('',(#7613,#7614,#7615,#7616));
#1352=EDGE_LOOP('',(#7617,#7618,#7619,#7620));
#1353=EDGE_LOOP('',(#7621,#7622,#7623,#7624));
#1354=EDGE_LOOP('',(#7625,#7626,#7627,#7628));
#1355=EDGE_LOOP('',(#7629,#7630,#7631,#7632));
#1356=EDGE_LOOP('',(#7633,#7634,#7635,#7636));
#1357=EDGE_LOOP('',(#7637,#7638,#7639,#7640));
#1358=EDGE_LOOP('',(#7641,#7642,#7643,#7644));
#1359=EDGE_LOOP('',(#7645,#7646,#7647,#7648));
#1360=EDGE_LOOP('',(#7649,#7650,#7651,#7652));
#1361=EDGE_LOOP('',(#7653,#7654,#7655,#7656));
#1362=EDGE_LOOP('',(#7657,#7658,#7659,#7660));
#1363=EDGE_LOOP('',(#7661,#7662,#7663,#7664));
#1364=EDGE_LOOP('',(#7665,#7666,#7667,#7668));
#1365=EDGE_LOOP('',(#7669,#7670,#7671,#7672));
#1366=EDGE_LOOP('',(#7673,#7674,#7675,#7676));
#1367=EDGE_LOOP('',(#7677,#7678,#7679,#7680));
#1368=EDGE_LOOP('',(#7681,#7682,#7683,#7684));
#1369=EDGE_LOOP('',(#7685,#7686,#7687,#7688));
#1370=EDGE_LOOP('',(#7689,#7690,#7691,#7692));
#1371=EDGE_LOOP('',(#7693,#7694,#7695,#7696));
#1372=EDGE_LOOP('',(#7697,#7698,#7699,#7700));
#1373=EDGE_LOOP('',(#7701,#7702,#7703,#7704));
#1374=EDGE_LOOP('',(#7705,#7706,#7707,#7708));
#1375=EDGE_LOOP('',(#7709,#7710,#7711,#7712));
#1376=EDGE_LOOP('',(#7713,#7714,#7715,#7716));
#1377=EDGE_LOOP('',(#7717,#7718,#7719,#7720));
#1378=EDGE_LOOP('',(#7721,#7722,#7723,#7724));
#1379=EDGE_LOOP('',(#7725,#7726,#7727,#7728));
#1380=EDGE_LOOP('',(#7729,#7730,#7731,#7732));
#1381=EDGE_LOOP('',(#7733,#7734,#7735,#7736));
#1382=EDGE_LOOP('',(#7737,#7738,#7739,#7740));
#1383=EDGE_LOOP('',(#7741,#7742,#7743,#7744));
#1384=EDGE_LOOP('',(#7745,#7746,#7747,#7748));
#1385=EDGE_LOOP('',(#7749,#7750,#7751,#7752));
#1386=EDGE_LOOP('',(#7753,#7754,#7755,#7756));
#1387=EDGE_LOOP('',(#7757,#7758,#7759,#7760));
#1388=EDGE_LOOP('',(#7761,#7762,#7763,#7764));
#1389=EDGE_LOOP('',(#7765,#7766,#7767,#7768));
#1390=EDGE_LOOP('',(#7769,#7770,#7771,#7772));
#1391=EDGE_LOOP('',(#7773,#7774,#7775,#7776));
#1392=EDGE_LOOP('',(#7777,#7778,#7779,#7780));
#1393=EDGE_LOOP('',(#7781,#7782,#7783,#7784));
#1394=EDGE_LOOP('',(#7785,#7786,#7787,#7788));
#1395=EDGE_LOOP('',(#7789,#7790,#7791,#7792));
#1396=EDGE_LOOP('',(#7793,#7794,#7795,#7796));
#1397=EDGE_LOOP('',(#7797,#7798,#7799,#7800));
#1398=EDGE_LOOP('',(#7801,#7802,#7803,#7804));
#1399=EDGE_LOOP('',(#7805,#7806,#7807,#7808));
#1400=EDGE_LOOP('',(#7809,#7810,#7811,#7812));
#1401=EDGE_LOOP('',(#7813,#7814,#7815,#7816));
#1402=EDGE_LOOP('',(#7817,#7818,#7819,#7820));
#1403=EDGE_LOOP('',(#7821,#7822,#7823,#7824));
#1404=EDGE_LOOP('',(#7825,#7826,#7827,#7828));
#1405=EDGE_LOOP('',(#7829,#7830,#7831,#7832));
#1406=EDGE_LOOP('',(#7833,#7834,#7835,#7836));
#1407=EDGE_LOOP('',(#7837,#7838,#7839,#7840));
#1408=EDGE_LOOP('',(#7841,#7842,#7843,#7844));
#1409=EDGE_LOOP('',(#7845,#7846,#7847,#7848));
#1410=EDGE_LOOP('',(#7849,#7850,#7851,#7852));
#1411=EDGE_LOOP('',(#7853,#7854,#7855,#7856));
#1412=EDGE_LOOP('',(#7857,#7858,#7859,#7860));
#1413=EDGE_LOOP('',(#7861,#7862,#7863,#7864));
#1414=EDGE_LOOP('',(#7865,#7866,#7867,#7868));
#1415=EDGE_LOOP('',(#7869,#7870,#7871,#7872));
#1416=EDGE_LOOP('',(#7873,#7874,#7875,#7876));
#1417=EDGE_LOOP('',(#7877,#7878,#7879,#7880));
#1418=EDGE_LOOP('',(#7881,#7882,#7883,#7884));
#1419=EDGE_LOOP('',(#7885,#7886,#7887,#7888));
#1420=EDGE_LOOP('',(#7889,#7890,#7891,#7892));
#1421=EDGE_LOOP('',(#7893,#7894,#7895,#7896));
#1422=EDGE_LOOP('',(#7897,#7898,#7899,#7900));
#1423=EDGE_LOOP('',(#7901,#7902,#7903,#7904));
#1424=EDGE_LOOP('',(#7905,#7906,#7907,#7908));
#1425=EDGE_LOOP('',(#7909,#7910,#7911,#7912));
#1426=EDGE_LOOP('',(#7913,#7914,#7915,#7916));
#1427=EDGE_LOOP('',(#7917,#7918,#7919,#7920,#7921,#7922,#7923,#7924,#7925,
#7926));
#1428=EDGE_LOOP('',(#7927));
#1429=EDGE_LOOP('',(#7928));
#1430=EDGE_LOOP('',(#7929));
#1431=EDGE_LOOP('',(#7930));
#1432=EDGE_LOOP('',(#7931,#7932,#7933,#7934));
#1433=EDGE_LOOP('',(#7935,#7936,#7937,#7938));
#1434=EDGE_LOOP('',(#7939,#7940,#7941,#7942));
#1435=EDGE_LOOP('',(#7943,#7944,#7945,#7946));
#1436=EDGE_LOOP('',(#7947,#7948,#7949,#7950));
#1437=EDGE_LOOP('',(#7951,#7952,#7953,#7954));
#1438=EDGE_LOOP('',(#7955,#7956,#7957,#7958));
#1439=EDGE_LOOP('',(#7959,#7960,#7961,#7962));
#1440=EDGE_LOOP('',(#7963,#7964,#7965,#7966));
#1441=EDGE_LOOP('',(#7967,#7968,#7969,#7970));
#1442=EDGE_LOOP('',(#7971,#7972,#7973,#7974));
#1443=EDGE_LOOP('',(#7975,#7976,#7977,#7978));
#1444=EDGE_LOOP('',(#7979,#7980,#7981,#7982));
#1445=EDGE_LOOP('',(#7983,#7984,#7985,#7986));
#1446=EDGE_LOOP('',(#7987,#7988,#7989,#7990));
#1447=EDGE_LOOP('',(#7991,#7992,#7993,#7994));
#1448=EDGE_LOOP('',(#7995,#7996,#7997,#7998));
#1449=EDGE_LOOP('',(#7999,#8000,#8001,#8002));
#1450=EDGE_LOOP('',(#8003,#8004,#8005,#8006));
#1451=EDGE_LOOP('',(#8007,#8008,#8009,#8010,#8011,#8012,#8013,#8014,#8015,
#8016,#8017,#8018,#8019,#8020,#8021,#8022,#8023,#8024,#8025,#8026,#8027,
#8028,#8029,#8030,#8031,#8032,#8033,#8034,#8035,#8036,#8037,#8038,#8039,
#8040,#8041,#8042));
#1452=EDGE_LOOP('',(#8043,#8044,#8045,#8046));
#1453=EDGE_LOOP('',(#8047,#8048,#8049,#8050));
#1454=EDGE_LOOP('',(#8051,#8052,#8053,#8054));
#1455=EDGE_LOOP('',(#8055,#8056,#8057,#8058));
#1456=EDGE_LOOP('',(#8059,#8060,#8061,#8062));
#1457=EDGE_LOOP('',(#8063,#8064,#8065,#8066));
#1458=EDGE_LOOP('',(#8067,#8068,#8069,#8070));
#1459=EDGE_LOOP('',(#8071,#8072,#8073,#8074));
#1460=EDGE_LOOP('',(#8075,#8076,#8077,#8078));
#1461=EDGE_LOOP('',(#8079,#8080,#8081,#8082));
#1462=EDGE_LOOP('',(#8083,#8084,#8085,#8086));
#1463=EDGE_LOOP('',(#8087,#8088,#8089,#8090,#8091,#8092,#8093,#8094,#8095,
#8096,#8097,#8098,#8099,#8100,#8101,#8102,#8103,#8104,#8105,#8106,#8107,
#8108,#8109,#8110,#8111,#8112,#8113,#8114,#8115,#8116,#8117,#8118,#8119,
#8120,#8121,#8122));
#1464=EDGE_LOOP('',(#8123,#8124,#8125,#8126));
#1465=EDGE_LOOP('',(#8127,#8128,#8129,#8130));
#1466=EDGE_LOOP('',(#8131,#8132,#8133,#8134));
#1467=EDGE_LOOP('',(#8135,#8136,#8137,#8138));
#1468=EDGE_LOOP('',(#8139,#8140,#8141,#8142));
#1469=EDGE_LOOP('',(#8143,#8144,#8145,#8146));
#1470=EDGE_LOOP('',(#8147,#8148,#8149,#8150));
#1471=EDGE_LOOP('',(#8151,#8152,#8153,#8154));
#1472=EDGE_LOOP('',(#8155,#8156,#8157,#8158));
#1473=EDGE_LOOP('',(#8159,#8160,#8161,#8162));
#1474=EDGE_LOOP('',(#8163,#8164,#8165,#8166));
#1475=EDGE_LOOP('',(#8167,#8168,#8169,#8170));
#1476=EDGE_LOOP('',(#8171,#8172,#8173,#8174,#8175,#8176,#8177,#8178,#8179,
#8180,#8181,#8182,#8183,#8184,#8185,#8186,#8187,#8188,#8189,#8190,#8191,
#8192,#8193,#8194,#8195,#8196,#8197,#8198,#8199,#8200,#8201,#8202,#8203,
#8204,#8205,#8206));
#1477=EDGE_LOOP('',(#8207,#8208,#8209,#8210));
#1478=EDGE_LOOP('',(#8211,#8212,#8213,#8214));
#1479=EDGE_LOOP('',(#8215,#8216,#8217,#8218));
#1480=EDGE_LOOP('',(#8219,#8220,#8221,#8222));
#1481=EDGE_LOOP('',(#8223,#8224,#8225,#8226));
#1482=EDGE_LOOP('',(#8227,#8228,#8229,#8230));
#1483=EDGE_LOOP('',(#8231,#8232,#8233,#8234));
#1484=EDGE_LOOP('',(#8235,#8236,#8237,#8238));
#1485=EDGE_LOOP('',(#8239,#8240,#8241,#8242));
#1486=EDGE_LOOP('',(#8243,#8244,#8245,#8246));
#1487=EDGE_LOOP('',(#8247,#8248,#8249,#8250));
#1488=EDGE_LOOP('',(#8251,#8252,#8253,#8254));
#1489=EDGE_LOOP('',(#8255,#8256,#8257,#8258));
#1490=EDGE_LOOP('',(#8259,#8260,#8261,#8262));
#1491=EDGE_LOOP('',(#8263,#8264,#8265,#8266));
#1492=EDGE_LOOP('',(#8267,#8268,#8269,#8270));
#1493=EDGE_LOOP('',(#8271,#8272,#8273,#8274));
#1494=EDGE_LOOP('',(#8275,#8276,#8277,#8278));
#1495=EDGE_LOOP('',(#8279,#8280,#8281,#8282));
#1496=EDGE_LOOP('',(#8283,#8284,#8285,#8286,#8287,#8288,#8289,#8290,#8291,
#8292,#8293,#8294,#8295,#8296,#8297,#8298,#8299,#8300,#8301,#8302,#8303,
#8304,#8305,#8306,#8307,#8308,#8309,#8310,#8311,#8312,#8313,#8314,#8315,
#8316,#8317,#8318));
#1497=LINE('',#11192,#2691);
#1498=LINE('',#11198,#2692);
#1499=LINE('',#11204,#2693);
#1500=LINE('',#11210,#2694);
#1501=LINE('',#11215,#2695);
#1502=LINE('',#11217,#2696);
#1503=LINE('',#11219,#2697);
#1504=LINE('',#11220,#2698);
#1505=LINE('',#11224,#2699);
#1506=LINE('',#11226,#2700);
#1507=LINE('',#11228,#2701);
#1508=LINE('',#11229,#2702);
#1509=LINE('',#11235,#2703);
#1510=LINE('',#11238,#2704);
#1511=LINE('',#11240,#2705);
#1512=LINE('',#11241,#2706);
#1513=LINE('',#11247,#2707);
#1514=LINE('',#11250,#2708);
#1515=LINE('',#11252,#2709);
#1516=LINE('',#11253,#2710);
#1517=LINE('',#11255,#2711);
#1518=LINE('',#11256,#2712);
#1519=LINE('',#11259,#2713);
#1520=LINE('',#11261,#2714);
#1521=LINE('',#11262,#2715);
#1522=LINE('',#11265,#2716);
#1523=LINE('',#11267,#2717);
#1524=LINE('',#11269,#2718);
#1525=LINE('',#11271,#2719);
#1526=LINE('',#11273,#2720);
#1527=LINE('',#11275,#2721);
#1528=LINE('',#11277,#2722);
#1529=LINE('',#11279,#2723);
#1530=LINE('',#11281,#2724);
#1531=LINE('',#11283,#2725);
#1532=LINE('',#11285,#2726);
#1533=LINE('',#11287,#2727);
#1534=LINE('',#11289,#2728);
#1535=LINE('',#11291,#2729);
#1536=LINE('',#11293,#2730);
#1537=LINE('',#11295,#2731);
#1538=LINE('',#11297,#2732);
#1539=LINE('',#11299,#2733);
#1540=LINE('',#11301,#2734);
#1541=LINE('',#11303,#2735);
#1542=LINE('',#11305,#2736);
#1543=LINE('',#11307,#2737);
#1544=LINE('',#11309,#2738);
#1545=LINE('',#11311,#2739);
#1546=LINE('',#11313,#2740);
#1547=LINE('',#11315,#2741);
#1548=LINE('',#11317,#2742);
#1549=LINE('',#11319,#2743);
#1550=LINE('',#11321,#2744);
#1551=LINE('',#11323,#2745);
#1552=LINE('',#11325,#2746);
#1553=LINE('',#11327,#2747);
#1554=LINE('',#11329,#2748);
#1555=LINE('',#11331,#2749);
#1556=LINE('',#11333,#2750);
#1557=LINE('',#11334,#2751);
#1558=LINE('',#11337,#2752);
#1559=LINE('',#11339,#2753);
#1560=LINE('',#11341,#2754);
#1561=LINE('',#11342,#2755);
#1562=LINE('',#11345,#2756);
#1563=LINE('',#11347,#2757);
#1564=LINE('',#11349,#2758);
#1565=LINE('',#11350,#2759);
#1566=LINE('',#11353,#2760);
#1567=LINE('',#11355,#2761);
#1568=LINE('',#11357,#2762);
#1569=LINE('',#11358,#2763);
#1570=LINE('',#11361,#2764);
#1571=LINE('',#11363,#2765);
#1572=LINE('',#11365,#2766);
#1573=LINE('',#11366,#2767);
#1574=LINE('',#11369,#2768);
#1575=LINE('',#11371,#2769);
#1576=LINE('',#11373,#2770);
#1577=LINE('',#11374,#2771);
#1578=LINE('',#11377,#2772);
#1579=LINE('',#11379,#2773);
#1580=LINE('',#11381,#2774);
#1581=LINE('',#11382,#2775);
#1582=LINE('',#11385,#2776);
#1583=LINE('',#11387,#2777);
#1584=LINE('',#11389,#2778);
#1585=LINE('',#11390,#2779);
#1586=LINE('',#11393,#2780);
#1587=LINE('',#11395,#2781);
#1588=LINE('',#11397,#2782);
#1589=LINE('',#11398,#2783);
#1590=LINE('',#11401,#2784);
#1591=LINE('',#11403,#2785);
#1592=LINE('',#11405,#2786);
#1593=LINE('',#11406,#2787);
#1594=LINE('',#11409,#2788);
#1595=LINE('',#11411,#2789);
#1596=LINE('',#11413,#2790);
#1597=LINE('',#11414,#2791);
#1598=LINE('',#11417,#2792);
#1599=LINE('',#11419,#2793);
#1600=LINE('',#11421,#2794);
#1601=LINE('',#11422,#2795);
#1602=LINE('',#11425,#2796);
#1603=LINE('',#11427,#2797);
#1604=LINE('',#11429,#2798);
#1605=LINE('',#11430,#2799);
#1606=LINE('',#11433,#2800);
#1607=LINE('',#11435,#2801);
#1608=LINE('',#11437,#2802);
#1609=LINE('',#11438,#2803);
#1610=LINE('',#11441,#2804);
#1611=LINE('',#11443,#2805);
#1612=LINE('',#11445,#2806);
#1613=LINE('',#11446,#2807);
#1614=LINE('',#11449,#2808);
#1615=LINE('',#11451,#2809);
#1616=LINE('',#11453,#2810);
#1617=LINE('',#11454,#2811);
#1618=LINE('',#11457,#2812);
#1619=LINE('',#11459,#2813);
#1620=LINE('',#11461,#2814);
#1621=LINE('',#11462,#2815);
#1622=LINE('',#11465,#2816);
#1623=LINE('',#11467,#2817);
#1624=LINE('',#11469,#2818);
#1625=LINE('',#11470,#2819);
#1626=LINE('',#11473,#2820);
#1627=LINE('',#11475,#2821);
#1628=LINE('',#11477,#2822);
#1629=LINE('',#11478,#2823);
#1630=LINE('',#11481,#2824);
#1631=LINE('',#11483,#2825);
#1632=LINE('',#11485,#2826);
#1633=LINE('',#11486,#2827);
#1634=LINE('',#11489,#2828);
#1635=LINE('',#11491,#2829);
#1636=LINE('',#11493,#2830);
#1637=LINE('',#11495,#2831);
#1638=LINE('',#11497,#2832);
#1639=LINE('',#11499,#2833);
#1640=LINE('',#11501,#2834);
#1641=LINE('',#11503,#2835);
#1642=LINE('',#11505,#2836);
#1643=LINE('',#11507,#2837);
#1644=LINE('',#11509,#2838);
#1645=LINE('',#11511,#2839);
#1646=LINE('',#11513,#2840);
#1647=LINE('',#11515,#2841);
#1648=LINE('',#11517,#2842);
#1649=LINE('',#11519,#2843);
#1650=LINE('',#11521,#2844);
#1651=LINE('',#11523,#2845);
#1652=LINE('',#11525,#2846);
#1653=LINE('',#11527,#2847);
#1654=LINE('',#11529,#2848);
#1655=LINE('',#11531,#2849);
#1656=LINE('',#11533,#2850);
#1657=LINE('',#11535,#2851);
#1658=LINE('',#11537,#2852);
#1659=LINE('',#11539,#2853);
#1660=LINE('',#11541,#2854);
#1661=LINE('',#11543,#2855);
#1662=LINE('',#11545,#2856);
#1663=LINE('',#11547,#2857);
#1664=LINE('',#11549,#2858);
#1665=LINE('',#11551,#2859);
#1666=LINE('',#11553,#2860);
#1667=LINE('',#11555,#2861);
#1668=LINE('',#11557,#2862);
#1669=LINE('',#11558,#2863);
#1670=LINE('',#11561,#2864);
#1671=LINE('',#11563,#2865);
#1672=LINE('',#11565,#2866);
#1673=LINE('',#11566,#2867);
#1674=LINE('',#11569,#2868);
#1675=LINE('',#11571,#2869);
#1676=LINE('',#11573,#2870);
#1677=LINE('',#11574,#2871);
#1678=LINE('',#11577,#2872);
#1679=LINE('',#11579,#2873);
#1680=LINE('',#11581,#2874);
#1681=LINE('',#11582,#2875);
#1682=LINE('',#11585,#2876);
#1683=LINE('',#11587,#2877);
#1684=LINE('',#11589,#2878);
#1685=LINE('',#11590,#2879);
#1686=LINE('',#11593,#2880);
#1687=LINE('',#11595,#2881);
#1688=LINE('',#11597,#2882);
#1689=LINE('',#11598,#2883);
#1690=LINE('',#11601,#2884);
#1691=LINE('',#11603,#2885);
#1692=LINE('',#11605,#2886);
#1693=LINE('',#11606,#2887);
#1694=LINE('',#11609,#2888);
#1695=LINE('',#11611,#2889);
#1696=LINE('',#11613,#2890);
#1697=LINE('',#11614,#2891);
#1698=LINE('',#11617,#2892);
#1699=LINE('',#11619,#2893);
#1700=LINE('',#11621,#2894);
#1701=LINE('',#11622,#2895);
#1702=LINE('',#11625,#2896);
#1703=LINE('',#11627,#2897);
#1704=LINE('',#11629,#2898);
#1705=LINE('',#11630,#2899);
#1706=LINE('',#11633,#2900);
#1707=LINE('',#11635,#2901);
#1708=LINE('',#11637,#2902);
#1709=LINE('',#11638,#2903);
#1710=LINE('',#11641,#2904);
#1711=LINE('',#11643,#2905);
#1712=LINE('',#11645,#2906);
#1713=LINE('',#11646,#2907);
#1714=LINE('',#11649,#2908);
#1715=LINE('',#11651,#2909);
#1716=LINE('',#11653,#2910);
#1717=LINE('',#11654,#2911);
#1718=LINE('',#11657,#2912);
#1719=LINE('',#11659,#2913);
#1720=LINE('',#11661,#2914);
#1721=LINE('',#11663,#2915);
#1722=LINE('',#11665,#2916);
#1723=LINE('',#11667,#2917);
#1724=LINE('',#11669,#2918);
#1725=LINE('',#11671,#2919);
#1726=LINE('',#11673,#2920);
#1727=LINE('',#11675,#2921);
#1728=LINE('',#11677,#2922);
#1729=LINE('',#11679,#2923);
#1730=LINE('',#11681,#2924);
#1731=LINE('',#11683,#2925);
#1732=LINE('',#11685,#2926);
#1733=LINE('',#11687,#2927);
#1734=LINE('',#11689,#2928);
#1735=LINE('',#11691,#2929);
#1736=LINE('',#11693,#2930);
#1737=LINE('',#11695,#2931);
#1738=LINE('',#11697,#2932);
#1739=LINE('',#11699,#2933);
#1740=LINE('',#11701,#2934);
#1741=LINE('',#11703,#2935);
#1742=LINE('',#11705,#2936);
#1743=LINE('',#11707,#2937);
#1744=LINE('',#11709,#2938);
#1745=LINE('',#11711,#2939);
#1746=LINE('',#11713,#2940);
#1747=LINE('',#11715,#2941);
#1748=LINE('',#11717,#2942);
#1749=LINE('',#11719,#2943);
#1750=LINE('',#11721,#2944);
#1751=LINE('',#11723,#2945);
#1752=LINE('',#11725,#2946);
#1753=LINE('',#11726,#2947);
#1754=LINE('',#11729,#2948);
#1755=LINE('',#11731,#2949);
#1756=LINE('',#11733,#2950);
#1757=LINE('',#11734,#2951);
#1758=LINE('',#11737,#2952);
#1759=LINE('',#11739,#2953);
#1760=LINE('',#11741,#2954);
#1761=LINE('',#11742,#2955);
#1762=LINE('',#11745,#2956);
#1763=LINE('',#11747,#2957);
#1764=LINE('',#11749,#2958);
#1765=LINE('',#11750,#2959);
#1766=LINE('',#11753,#2960);
#1767=LINE('',#11755,#2961);
#1768=LINE('',#11757,#2962);
#1769=LINE('',#11758,#2963);
#1770=LINE('',#11761,#2964);
#1771=LINE('',#11763,#2965);
#1772=LINE('',#11765,#2966);
#1773=LINE('',#11766,#2967);
#1774=LINE('',#11769,#2968);
#1775=LINE('',#11771,#2969);
#1776=LINE('',#11773,#2970);
#1777=LINE('',#11774,#2971);
#1778=LINE('',#11777,#2972);
#1779=LINE('',#11779,#2973);
#1780=LINE('',#11781,#2974);
#1781=LINE('',#11782,#2975);
#1782=LINE('',#11785,#2976);
#1783=LINE('',#11787,#2977);
#1784=LINE('',#11789,#2978);
#1785=LINE('',#11790,#2979);
#1786=LINE('',#11793,#2980);
#1787=LINE('',#11795,#2981);
#1788=LINE('',#11797,#2982);
#1789=LINE('',#11798,#2983);
#1790=LINE('',#11801,#2984);
#1791=LINE('',#11803,#2985);
#1792=LINE('',#11805,#2986);
#1793=LINE('',#11806,#2987);
#1794=LINE('',#11809,#2988);
#1795=LINE('',#11811,#2989);
#1796=LINE('',#11813,#2990);
#1797=LINE('',#11814,#2991);
#1798=LINE('',#11817,#2992);
#1799=LINE('',#11819,#2993);
#1800=LINE('',#11821,#2994);
#1801=LINE('',#11823,#2995);
#1802=LINE('',#11825,#2996);
#1803=LINE('',#11827,#2997);
#1804=LINE('',#11829,#2998);
#1805=LINE('',#11831,#2999);
#1806=LINE('',#11833,#3000);
#1807=LINE('',#11835,#3001);
#1808=LINE('',#11837,#3002);
#1809=LINE('',#11839,#3003);
#1810=LINE('',#11841,#3004);
#1811=LINE('',#11843,#3005);
#1812=LINE('',#11845,#3006);
#1813=LINE('',#11847,#3007);
#1814=LINE('',#11849,#3008);
#1815=LINE('',#11851,#3009);
#1816=LINE('',#11853,#3010);
#1817=LINE('',#11855,#3011);
#1818=LINE('',#11857,#3012);
#1819=LINE('',#11859,#3013);
#1820=LINE('',#11861,#3014);
#1821=LINE('',#11863,#3015);
#1822=LINE('',#11865,#3016);
#1823=LINE('',#11867,#3017);
#1824=LINE('',#11869,#3018);
#1825=LINE('',#11871,#3019);
#1826=LINE('',#11873,#3020);
#1827=LINE('',#11875,#3021);
#1828=LINE('',#11877,#3022);
#1829=LINE('',#11879,#3023);
#1830=LINE('',#11881,#3024);
#1831=LINE('',#11883,#3025);
#1832=LINE('',#11885,#3026);
#1833=LINE('',#11886,#3027);
#1834=LINE('',#11889,#3028);
#1835=LINE('',#11891,#3029);
#1836=LINE('',#11893,#3030);
#1837=LINE('',#11894,#3031);
#1838=LINE('',#11897,#3032);
#1839=LINE('',#11899,#3033);
#1840=LINE('',#11901,#3034);
#1841=LINE('',#11902,#3035);
#1842=LINE('',#11905,#3036);
#1843=LINE('',#11907,#3037);
#1844=LINE('',#11909,#3038);
#1845=LINE('',#11910,#3039);
#1846=LINE('',#11913,#3040);
#1847=LINE('',#11915,#3041);
#1848=LINE('',#11917,#3042);
#1849=LINE('',#11918,#3043);
#1850=LINE('',#11921,#3044);
#1851=LINE('',#11923,#3045);
#1852=LINE('',#11925,#3046);
#1853=LINE('',#11926,#3047);
#1854=LINE('',#11929,#3048);
#1855=LINE('',#11931,#3049);
#1856=LINE('',#11933,#3050);
#1857=LINE('',#11934,#3051);
#1858=LINE('',#11937,#3052);
#1859=LINE('',#11939,#3053);
#1860=LINE('',#11941,#3054);
#1861=LINE('',#11942,#3055);
#1862=LINE('',#11945,#3056);
#1863=LINE('',#11947,#3057);
#1864=LINE('',#11949,#3058);
#1865=LINE('',#11950,#3059);
#1866=LINE('',#11953,#3060);
#1867=LINE('',#11955,#3061);
#1868=LINE('',#11957,#3062);
#1869=LINE('',#11958,#3063);
#1870=LINE('',#11961,#3064);
#1871=LINE('',#11963,#3065);
#1872=LINE('',#11965,#3066);
#1873=LINE('',#11966,#3067);
#1874=LINE('',#11969,#3068);
#1875=LINE('',#11971,#3069);
#1876=LINE('',#11973,#3070);
#1877=LINE('',#11974,#3071);
#1878=LINE('',#11977,#3072);
#1879=LINE('',#11979,#3073);
#1880=LINE('',#11981,#3074);
#1881=LINE('',#11982,#3075);
#1882=LINE('',#11985,#3076);
#1883=LINE('',#11987,#3077);
#1884=LINE('',#11989,#3078);
#1885=LINE('',#11990,#3079);
#1886=LINE('',#11993,#3080);
#1887=LINE('',#11995,#3081);
#1888=LINE('',#11997,#3082);
#1889=LINE('',#11998,#3083);
#1890=LINE('',#12001,#3084);
#1891=LINE('',#12003,#3085);
#1892=LINE('',#12005,#3086);
#1893=LINE('',#12006,#3087);
#1894=LINE('',#12009,#3088);
#1895=LINE('',#12011,#3089);
#1896=LINE('',#12013,#3090);
#1897=LINE('',#12014,#3091);
#1898=LINE('',#12017,#3092);
#1899=LINE('',#12019,#3093);
#1900=LINE('',#12021,#3094);
#1901=LINE('',#12022,#3095);
#1902=LINE('',#12025,#3096);
#1903=LINE('',#12027,#3097);
#1904=LINE('',#12029,#3098);
#1905=LINE('',#12030,#3099);
#1906=LINE('',#12033,#3100);
#1907=LINE('',#12035,#3101);
#1908=LINE('',#12037,#3102);
#1909=LINE('',#12038,#3103);
#1910=LINE('',#12041,#3104);
#1911=LINE('',#12043,#3105);
#1912=LINE('',#12044,#3106);
#1913=LINE('',#12047,#3107);
#1914=LINE('',#12048,#3108);
#1915=LINE('',#12051,#3109);
#1916=LINE('',#12052,#3110);
#1917=LINE('',#12054,#3111);
#1918=LINE('',#12057,#3112);
#1919=LINE('',#12059,#3113);
#1920=LINE('',#12060,#3114);
#1921=LINE('',#12063,#3115);
#1922=LINE('',#12064,#3116);
#1923=LINE('',#12067,#3117);
#1924=LINE('',#12068,#3118);
#1925=LINE('',#12070,#3119);
#1926=LINE('',#12073,#3120);
#1927=LINE('',#12075,#3121);
#1928=LINE('',#12076,#3122);
#1929=LINE('',#12079,#3123);
#1930=LINE('',#12080,#3124);
#1931=LINE('',#12083,#3125);
#1932=LINE('',#12084,#3126);
#1933=LINE('',#12086,#3127);
#1934=LINE('',#12089,#3128);
#1935=LINE('',#12091,#3129);
#1936=LINE('',#12092,#3130);
#1937=LINE('',#12095,#3131);
#1938=LINE('',#12096,#3132);
#1939=LINE('',#12099,#3133);
#1940=LINE('',#12100,#3134);
#1941=LINE('',#12102,#3135);
#1942=LINE('',#12105,#3136);
#1943=LINE('',#12107,#3137);
#1944=LINE('',#12108,#3138);
#1945=LINE('',#12111,#3139);
#1946=LINE('',#12112,#3140);
#1947=LINE('',#12115,#3141);
#1948=LINE('',#12116,#3142);
#1949=LINE('',#12118,#3143);
#1950=LINE('',#12121,#3144);
#1951=LINE('',#12123,#3145);
#1952=LINE('',#12124,#3146);
#1953=LINE('',#12127,#3147);
#1954=LINE('',#12128,#3148);
#1955=LINE('',#12131,#3149);
#1956=LINE('',#12132,#3150);
#1957=LINE('',#12134,#3151);
#1958=LINE('',#12137,#3152);
#1959=LINE('',#12139,#3153);
#1960=LINE('',#12140,#3154);
#1961=LINE('',#12143,#3155);
#1962=LINE('',#12144,#3156);
#1963=LINE('',#12147,#3157);
#1964=LINE('',#12148,#3158);
#1965=LINE('',#12150,#3159);
#1966=LINE('',#12153,#3160);
#1967=LINE('',#12155,#3161);
#1968=LINE('',#12156,#3162);
#1969=LINE('',#12159,#3163);
#1970=LINE('',#12160,#3164);
#1971=LINE('',#12163,#3165);
#1972=LINE('',#12164,#3166);
#1973=LINE('',#12166,#3167);
#1974=LINE('',#12169,#3168);
#1975=LINE('',#12171,#3169);
#1976=LINE('',#12172,#3170);
#1977=LINE('',#12175,#3171);
#1978=LINE('',#12176,#3172);
#1979=LINE('',#12179,#3173);
#1980=LINE('',#12180,#3174);
#1981=LINE('',#12182,#3175);
#1982=LINE('',#12185,#3176);
#1983=LINE('',#12187,#3177);
#1984=LINE('',#12188,#3178);
#1985=LINE('',#12191,#3179);
#1986=LINE('',#12192,#3180);
#1987=LINE('',#12195,#3181);
#1988=LINE('',#12196,#3182);
#1989=LINE('',#12198,#3183);
#1990=LINE('',#12201,#3184);
#1991=LINE('',#12203,#3185);
#1992=LINE('',#12204,#3186);
#1993=LINE('',#12207,#3187);
#1994=LINE('',#12208,#3188);
#1995=LINE('',#12211,#3189);
#1996=LINE('',#12212,#3190);
#1997=LINE('',#12214,#3191);
#1998=LINE('',#12217,#3192);
#1999=LINE('',#12219,#3193);
#2000=LINE('',#12220,#3194);
#2001=LINE('',#12223,#3195);
#2002=LINE('',#12224,#3196);
#2003=LINE('',#12227,#3197);
#2004=LINE('',#12228,#3198);
#2005=LINE('',#12230,#3199);
#2006=LINE('',#12233,#3200);
#2007=LINE('',#12235,#3201);
#2008=LINE('',#12236,#3202);
#2009=LINE('',#12239,#3203);
#2010=LINE('',#12240,#3204);
#2011=LINE('',#12243,#3205);
#2012=LINE('',#12244,#3206);
#2013=LINE('',#12246,#3207);
#2014=LINE('',#12249,#3208);
#2015=LINE('',#12251,#3209);
#2016=LINE('',#12252,#3210);
#2017=LINE('',#12255,#3211);
#2018=LINE('',#12256,#3212);
#2019=LINE('',#12259,#3213);
#2020=LINE('',#12260,#3214);
#2021=LINE('',#12262,#3215);
#2022=LINE('',#12265,#3216);
#2023=LINE('',#12267,#3217);
#2024=LINE('',#12268,#3218);
#2025=LINE('',#12271,#3219);
#2026=LINE('',#12272,#3220);
#2027=LINE('',#12275,#3221);
#2028=LINE('',#12276,#3222);
#2029=LINE('',#12278,#3223);
#2030=LINE('',#12281,#3224);
#2031=LINE('',#12283,#3225);
#2032=LINE('',#12284,#3226);
#2033=LINE('',#12287,#3227);
#2034=LINE('',#12288,#3228);
#2035=LINE('',#12291,#3229);
#2036=LINE('',#12292,#3230);
#2037=LINE('',#12294,#3231);
#2038=LINE('',#12297,#3232);
#2039=LINE('',#12299,#3233);
#2040=LINE('',#12300,#3234);
#2041=LINE('',#12303,#3235);
#2042=LINE('',#12304,#3236);
#2043=LINE('',#12307,#3237);
#2044=LINE('',#12308,#3238);
#2045=LINE('',#12310,#3239);
#2046=LINE('',#12313,#3240);
#2047=LINE('',#12315,#3241);
#2048=LINE('',#12316,#3242);
#2049=LINE('',#12319,#3243);
#2050=LINE('',#12320,#3244);
#2051=LINE('',#12323,#3245);
#2052=LINE('',#12324,#3246);
#2053=LINE('',#12326,#3247);
#2054=LINE('',#12329,#3248);
#2055=LINE('',#12331,#3249);
#2056=LINE('',#12332,#3250);
#2057=LINE('',#12335,#3251);
#2058=LINE('',#12336,#3252);
#2059=LINE('',#12339,#3253);
#2060=LINE('',#12340,#3254);
#2061=LINE('',#12342,#3255);
#2062=LINE('',#12345,#3256);
#2063=LINE('',#12347,#3257);
#2064=LINE('',#12348,#3258);
#2065=LINE('',#12351,#3259);
#2066=LINE('',#12352,#3260);
#2067=LINE('',#12355,#3261);
#2068=LINE('',#12356,#3262);
#2069=LINE('',#12359,#3263);
#2070=LINE('',#12360,#3264);
#2071=LINE('',#12363,#3265);
#2072=LINE('',#12364,#3266);
#2073=LINE('',#12367,#3267);
#2074=LINE('',#12368,#3268);
#2075=LINE('',#12371,#3269);
#2076=LINE('',#12372,#3270);
#2077=LINE('',#12375,#3271);
#2078=LINE('',#12376,#3272);
#2079=LINE('',#12379,#3273);
#2080=LINE('',#12380,#3274);
#2081=LINE('',#12383,#3275);
#2082=LINE('',#12384,#3276);
#2083=LINE('',#12387,#3277);
#2084=LINE('',#12388,#3278);
#2085=LINE('',#12391,#3279);
#2086=LINE('',#12392,#3280);
#2087=LINE('',#12395,#3281);
#2088=LINE('',#12396,#3282);
#2089=LINE('',#12399,#3283);
#2090=LINE('',#12400,#3284);
#2091=LINE('',#12403,#3285);
#2092=LINE('',#12404,#3286);
#2093=LINE('',#12407,#3287);
#2094=LINE('',#12408,#3288);
#2095=LINE('',#12411,#3289);
#2096=LINE('',#12412,#3290);
#2097=LINE('',#12415,#3291);
#2098=LINE('',#12416,#3292);
#2099=LINE('',#12419,#3293);
#2100=LINE('',#12420,#3294);
#2101=LINE('',#12423,#3295);
#2102=LINE('',#12424,#3296);
#2103=LINE('',#12427,#3297);
#2104=LINE('',#12428,#3298);
#2105=LINE('',#12431,#3299);
#2106=LINE('',#12432,#3300);
#2107=LINE('',#12435,#3301);
#2108=LINE('',#12436,#3302);
#2109=LINE('',#12439,#3303);
#2110=LINE('',#12440,#3304);
#2111=LINE('',#12443,#3305);
#2112=LINE('',#12444,#3306);
#2113=LINE('',#12447,#3307);
#2114=LINE('',#12448,#3308);
#2115=LINE('',#12451,#3309);
#2116=LINE('',#12452,#3310);
#2117=LINE('',#12455,#3311);
#2118=LINE('',#12456,#3312);
#2119=LINE('',#12459,#3313);
#2120=LINE('',#12460,#3314);
#2121=LINE('',#12463,#3315);
#2122=LINE('',#12464,#3316);
#2123=LINE('',#12467,#3317);
#2124=LINE('',#12468,#3318);
#2125=LINE('',#12471,#3319);
#2126=LINE('',#12472,#3320);
#2127=LINE('',#12475,#3321);
#2128=LINE('',#12476,#3322);
#2129=LINE('',#12479,#3323);
#2130=LINE('',#12480,#3324);
#2131=LINE('',#12483,#3325);
#2132=LINE('',#12484,#3326);
#2133=LINE('',#12486,#3327);
#2134=LINE('',#12489,#3328);
#2135=LINE('',#12491,#3329);
#2136=LINE('',#12492,#3330);
#2137=LINE('',#12495,#3331);
#2138=LINE('',#12496,#3332);
#2139=LINE('',#12499,#3333);
#2140=LINE('',#12500,#3334);
#2141=LINE('',#12502,#3335);
#2142=LINE('',#12505,#3336);
#2143=LINE('',#12507,#3337);
#2144=LINE('',#12508,#3338);
#2145=LINE('',#12511,#3339);
#2146=LINE('',#12512,#3340);
#2147=LINE('',#12515,#3341);
#2148=LINE('',#12516,#3342);
#2149=LINE('',#12518,#3343);
#2150=LINE('',#12521,#3344);
#2151=LINE('',#12523,#3345);
#2152=LINE('',#12524,#3346);
#2153=LINE('',#12527,#3347);
#2154=LINE('',#12528,#3348);
#2155=LINE('',#12531,#3349);
#2156=LINE('',#12532,#3350);
#2157=LINE('',#12534,#3351);
#2158=LINE('',#12537,#3352);
#2159=LINE('',#12539,#3353);
#2160=LINE('',#12540,#3354);
#2161=LINE('',#12543,#3355);
#2162=LINE('',#12544,#3356);
#2163=LINE('',#12547,#3357);
#2164=LINE('',#12548,#3358);
#2165=LINE('',#12550,#3359);
#2166=LINE('',#12553,#3360);
#2167=LINE('',#12555,#3361);
#2168=LINE('',#12556,#3362);
#2169=LINE('',#12559,#3363);
#2170=LINE('',#12560,#3364);
#2171=LINE('',#12563,#3365);
#2172=LINE('',#12564,#3366);
#2173=LINE('',#12566,#3367);
#2174=LINE('',#12569,#3368);
#2175=LINE('',#12571,#3369);
#2176=LINE('',#12572,#3370);
#2177=LINE('',#12575,#3371);
#2178=LINE('',#12576,#3372);
#2179=LINE('',#12579,#3373);
#2180=LINE('',#12580,#3374);
#2181=LINE('',#12582,#3375);
#2182=LINE('',#12585,#3376);
#2183=LINE('',#12587,#3377);
#2184=LINE('',#12588,#3378);
#2185=LINE('',#12591,#3379);
#2186=LINE('',#12592,#3380);
#2187=LINE('',#12595,#3381);
#2188=LINE('',#12596,#3382);
#2189=LINE('',#12598,#3383);
#2190=LINE('',#12601,#3384);
#2191=LINE('',#12603,#3385);
#2192=LINE('',#12604,#3386);
#2193=LINE('',#12607,#3387);
#2194=LINE('',#12608,#3388);
#2195=LINE('',#12611,#3389);
#2196=LINE('',#12612,#3390);
#2197=LINE('',#12614,#3391);
#2198=LINE('',#12617,#3392);
#2199=LINE('',#12619,#3393);
#2200=LINE('',#12620,#3394);
#2201=LINE('',#12623,#3395);
#2202=LINE('',#12624,#3396);
#2203=LINE('',#12627,#3397);
#2204=LINE('',#12628,#3398);
#2205=LINE('',#12630,#3399);
#2206=LINE('',#12633,#3400);
#2207=LINE('',#12635,#3401);
#2208=LINE('',#12636,#3402);
#2209=LINE('',#12639,#3403);
#2210=LINE('',#12640,#3404);
#2211=LINE('',#12643,#3405);
#2212=LINE('',#12644,#3406);
#2213=LINE('',#12646,#3407);
#2214=LINE('',#12649,#3408);
#2215=LINE('',#12651,#3409);
#2216=LINE('',#12652,#3410);
#2217=LINE('',#12655,#3411);
#2218=LINE('',#12656,#3412);
#2219=LINE('',#12659,#3413);
#2220=LINE('',#12660,#3414);
#2221=LINE('',#12662,#3415);
#2222=LINE('',#12665,#3416);
#2223=LINE('',#12667,#3417);
#2224=LINE('',#12668,#3418);
#2225=LINE('',#12671,#3419);
#2226=LINE('',#12672,#3420);
#2227=LINE('',#12675,#3421);
#2228=LINE('',#12676,#3422);
#2229=LINE('',#12679,#3423);
#2230=LINE('',#12680,#3424);
#2231=LINE('',#12683,#3425);
#2232=LINE('',#12684,#3426);
#2233=LINE('',#12687,#3427);
#2234=LINE('',#12688,#3428);
#2235=LINE('',#12691,#3429);
#2236=LINE('',#12692,#3430);
#2237=LINE('',#12695,#3431);
#2238=LINE('',#12696,#3432);
#2239=LINE('',#12699,#3433);
#2240=LINE('',#12700,#3434);
#2241=LINE('',#12703,#3435);
#2242=LINE('',#12704,#3436);
#2243=LINE('',#12707,#3437);
#2244=LINE('',#12708,#3438);
#2245=LINE('',#12711,#3439);
#2246=LINE('',#12712,#3440);
#2247=LINE('',#12715,#3441);
#2248=LINE('',#12716,#3442);
#2249=LINE('',#12719,#3443);
#2250=LINE('',#12720,#3444);
#2251=LINE('',#12723,#3445);
#2252=LINE('',#12724,#3446);
#2253=LINE('',#12727,#3447);
#2254=LINE('',#12728,#3448);
#2255=LINE('',#12731,#3449);
#2256=LINE('',#12732,#3450);
#2257=LINE('',#12735,#3451);
#2258=LINE('',#12736,#3452);
#2259=LINE('',#12739,#3453);
#2260=LINE('',#12740,#3454);
#2261=LINE('',#12743,#3455);
#2262=LINE('',#12744,#3456);
#2263=LINE('',#12747,#3457);
#2264=LINE('',#12748,#3458);
#2265=LINE('',#12751,#3459);
#2266=LINE('',#12752,#3460);
#2267=LINE('',#12755,#3461);
#2268=LINE('',#12756,#3462);
#2269=LINE('',#12759,#3463);
#2270=LINE('',#12760,#3464);
#2271=LINE('',#12763,#3465);
#2272=LINE('',#12764,#3466);
#2273=LINE('',#12767,#3467);
#2274=LINE('',#12768,#3468);
#2275=LINE('',#12771,#3469);
#2276=LINE('',#12772,#3470);
#2277=LINE('',#12775,#3471);
#2278=LINE('',#12776,#3472);
#2279=LINE('',#12779,#3473);
#2280=LINE('',#12780,#3474);
#2281=LINE('',#12783,#3475);
#2282=LINE('',#12784,#3476);
#2283=LINE('',#12787,#3477);
#2284=LINE('',#12788,#3478);
#2285=LINE('',#12791,#3479);
#2286=LINE('',#12792,#3480);
#2287=LINE('',#12795,#3481);
#2288=LINE('',#12796,#3482);
#2289=LINE('',#12799,#3483);
#2290=LINE('',#12800,#3484);
#2291=LINE('',#12803,#3485);
#2292=LINE('',#12804,#3486);
#2293=LINE('',#12806,#3487);
#2294=LINE('',#12809,#3488);
#2295=LINE('',#12811,#3489);
#2296=LINE('',#12812,#3490);
#2297=LINE('',#12815,#3491);
#2298=LINE('',#12816,#3492);
#2299=LINE('',#12819,#3493);
#2300=LINE('',#12820,#3494);
#2301=LINE('',#12822,#3495);
#2302=LINE('',#12825,#3496);
#2303=LINE('',#12827,#3497);
#2304=LINE('',#12828,#3498);
#2305=LINE('',#12831,#3499);
#2306=LINE('',#12832,#3500);
#2307=LINE('',#12835,#3501);
#2308=LINE('',#12836,#3502);
#2309=LINE('',#12838,#3503);
#2310=LINE('',#12841,#3504);
#2311=LINE('',#12843,#3505);
#2312=LINE('',#12844,#3506);
#2313=LINE('',#12847,#3507);
#2314=LINE('',#12848,#3508);
#2315=LINE('',#12851,#3509);
#2316=LINE('',#12852,#3510);
#2317=LINE('',#12854,#3511);
#2318=LINE('',#12857,#3512);
#2319=LINE('',#12859,#3513);
#2320=LINE('',#12860,#3514);
#2321=LINE('',#12863,#3515);
#2322=LINE('',#12864,#3516);
#2323=LINE('',#12867,#3517);
#2324=LINE('',#12868,#3518);
#2325=LINE('',#12870,#3519);
#2326=LINE('',#12873,#3520);
#2327=LINE('',#12875,#3521);
#2328=LINE('',#12876,#3522);
#2329=LINE('',#12879,#3523);
#2330=LINE('',#12880,#3524);
#2331=LINE('',#12883,#3525);
#2332=LINE('',#12884,#3526);
#2333=LINE('',#12886,#3527);
#2334=LINE('',#12889,#3528);
#2335=LINE('',#12891,#3529);
#2336=LINE('',#12892,#3530);
#2337=LINE('',#12895,#3531);
#2338=LINE('',#12896,#3532);
#2339=LINE('',#12899,#3533);
#2340=LINE('',#12900,#3534);
#2341=LINE('',#12902,#3535);
#2342=LINE('',#12905,#3536);
#2343=LINE('',#12907,#3537);
#2344=LINE('',#12908,#3538);
#2345=LINE('',#12911,#3539);
#2346=LINE('',#12912,#3540);
#2347=LINE('',#12915,#3541);
#2348=LINE('',#12916,#3542);
#2349=LINE('',#12918,#3543);
#2350=LINE('',#12921,#3544);
#2351=LINE('',#12923,#3545);
#2352=LINE('',#12924,#3546);
#2353=LINE('',#12927,#3547);
#2354=LINE('',#12928,#3548);
#2355=LINE('',#12931,#3549);
#2356=LINE('',#12932,#3550);
#2357=LINE('',#12934,#3551);
#2358=LINE('',#12937,#3552);
#2359=LINE('',#12939,#3553);
#2360=LINE('',#12940,#3554);
#2361=LINE('',#12943,#3555);
#2362=LINE('',#12944,#3556);
#2363=LINE('',#12947,#3557);
#2364=LINE('',#12948,#3558);
#2365=LINE('',#12950,#3559);
#2366=LINE('',#12953,#3560);
#2367=LINE('',#12955,#3561);
#2368=LINE('',#12956,#3562);
#2369=LINE('',#12959,#3563);
#2370=LINE('',#12960,#3564);
#2371=LINE('',#12963,#3565);
#2372=LINE('',#12964,#3566);
#2373=LINE('',#12966,#3567);
#2374=LINE('',#12969,#3568);
#2375=LINE('',#12971,#3569);
#2376=LINE('',#12972,#3570);
#2377=LINE('',#12975,#3571);
#2378=LINE('',#12976,#3572);
#2379=LINE('',#12979,#3573);
#2380=LINE('',#12980,#3574);
#2381=LINE('',#12982,#3575);
#2382=LINE('',#12985,#3576);
#2383=LINE('',#12987,#3577);
#2384=LINE('',#12988,#3578);
#2385=LINE('',#12991,#3579);
#2386=LINE('',#12992,#3580);
#2387=LINE('',#12995,#3581);
#2388=LINE('',#12996,#3582);
#2389=LINE('',#12998,#3583);
#2390=LINE('',#13001,#3584);
#2391=LINE('',#13003,#3585);
#2392=LINE('',#13004,#3586);
#2393=LINE('',#13007,#3587);
#2394=LINE('',#13008,#3588);
#2395=LINE('',#13011,#3589);
#2396=LINE('',#13012,#3590);
#2397=LINE('',#13015,#3591);
#2398=LINE('',#13016,#3592);
#2399=LINE('',#13019,#3593);
#2400=LINE('',#13020,#3594);
#2401=LINE('',#13023,#3595);
#2402=LINE('',#13024,#3596);
#2403=LINE('',#13027,#3597);
#2404=LINE('',#13028,#3598);
#2405=LINE('',#13031,#3599);
#2406=LINE('',#13032,#3600);
#2407=LINE('',#13035,#3601);
#2408=LINE('',#13036,#3602);
#2409=LINE('',#13039,#3603);
#2410=LINE('',#13040,#3604);
#2411=LINE('',#13043,#3605);
#2412=LINE('',#13044,#3606);
#2413=LINE('',#13047,#3607);
#2414=LINE('',#13048,#3608);
#2415=LINE('',#13051,#3609);
#2416=LINE('',#13052,#3610);
#2417=LINE('',#13055,#3611);
#2418=LINE('',#13056,#3612);
#2419=LINE('',#13059,#3613);
#2420=LINE('',#13060,#3614);
#2421=LINE('',#13063,#3615);
#2422=LINE('',#13064,#3616);
#2423=LINE('',#13067,#3617);
#2424=LINE('',#13068,#3618);
#2425=LINE('',#13071,#3619);
#2426=LINE('',#13072,#3620);
#2427=LINE('',#13075,#3621);
#2428=LINE('',#13076,#3622);
#2429=LINE('',#13079,#3623);
#2430=LINE('',#13080,#3624);
#2431=LINE('',#13083,#3625);
#2432=LINE('',#13084,#3626);
#2433=LINE('',#13087,#3627);
#2434=LINE('',#13088,#3628);
#2435=LINE('',#13091,#3629);
#2436=LINE('',#13092,#3630);
#2437=LINE('',#13095,#3631);
#2438=LINE('',#13096,#3632);
#2439=LINE('',#13099,#3633);
#2440=LINE('',#13100,#3634);
#2441=LINE('',#13103,#3635);
#2442=LINE('',#13104,#3636);
#2443=LINE('',#13107,#3637);
#2444=LINE('',#13108,#3638);
#2445=LINE('',#13111,#3639);
#2446=LINE('',#13112,#3640);
#2447=LINE('',#13115,#3641);
#2448=LINE('',#13116,#3642);
#2449=LINE('',#13119,#3643);
#2450=LINE('',#13120,#3644);
#2451=LINE('',#13123,#3645);
#2452=LINE('',#13124,#3646);
#2453=LINE('',#13127,#3647);
#2454=LINE('',#13128,#3648);
#2455=LINE('',#13131,#3649);
#2456=LINE('',#13132,#3650);
#2457=LINE('',#13135,#3651);
#2458=LINE('',#13136,#3652);
#2459=LINE('',#13139,#3653);
#2460=LINE('',#13140,#3654);
#2461=LINE('',#13142,#3655);
#2462=LINE('',#13145,#3656);
#2463=LINE('',#13147,#3657);
#2464=LINE('',#13148,#3658);
#2465=LINE('',#13151,#3659);
#2466=LINE('',#13152,#3660);
#2467=LINE('',#13155,#3661);
#2468=LINE('',#13156,#3662);
#2469=LINE('',#13158,#3663);
#2470=LINE('',#13161,#3664);
#2471=LINE('',#13163,#3665);
#2472=LINE('',#13164,#3666);
#2473=LINE('',#13167,#3667);
#2474=LINE('',#13168,#3668);
#2475=LINE('',#13171,#3669);
#2476=LINE('',#13172,#3670);
#2477=LINE('',#13174,#3671);
#2478=LINE('',#13177,#3672);
#2479=LINE('',#13179,#3673);
#2480=LINE('',#13180,#3674);
#2481=LINE('',#13183,#3675);
#2482=LINE('',#13184,#3676);
#2483=LINE('',#13187,#3677);
#2484=LINE('',#13188,#3678);
#2485=LINE('',#13190,#3679);
#2486=LINE('',#13193,#3680);
#2487=LINE('',#13195,#3681);
#2488=LINE('',#13196,#3682);
#2489=LINE('',#13199,#3683);
#2490=LINE('',#13200,#3684);
#2491=LINE('',#13203,#3685);
#2492=LINE('',#13204,#3686);
#2493=LINE('',#13206,#3687);
#2494=LINE('',#13209,#3688);
#2495=LINE('',#13211,#3689);
#2496=LINE('',#13212,#3690);
#2497=LINE('',#13215,#3691);
#2498=LINE('',#13216,#3692);
#2499=LINE('',#13219,#3693);
#2500=LINE('',#13220,#3694);
#2501=LINE('',#13222,#3695);
#2502=LINE('',#13225,#3696);
#2503=LINE('',#13227,#3697);
#2504=LINE('',#13228,#3698);
#2505=LINE('',#13231,#3699);
#2506=LINE('',#13232,#3700);
#2507=LINE('',#13235,#3701);
#2508=LINE('',#13236,#3702);
#2509=LINE('',#13238,#3703);
#2510=LINE('',#13241,#3704);
#2511=LINE('',#13243,#3705);
#2512=LINE('',#13244,#3706);
#2513=LINE('',#13247,#3707);
#2514=LINE('',#13248,#3708);
#2515=LINE('',#13251,#3709);
#2516=LINE('',#13252,#3710);
#2517=LINE('',#13254,#3711);
#2518=LINE('',#13257,#3712);
#2519=LINE('',#13259,#3713);
#2520=LINE('',#13260,#3714);
#2521=LINE('',#13263,#3715);
#2522=LINE('',#13264,#3716);
#2523=LINE('',#13267,#3717);
#2524=LINE('',#13268,#3718);
#2525=LINE('',#13270,#3719);
#2526=LINE('',#13273,#3720);
#2527=LINE('',#13275,#3721);
#2528=LINE('',#13276,#3722);
#2529=LINE('',#13279,#3723);
#2530=LINE('',#13280,#3724);
#2531=LINE('',#13283,#3725);
#2532=LINE('',#13284,#3726);
#2533=LINE('',#13286,#3727);
#2534=LINE('',#13289,#3728);
#2535=LINE('',#13291,#3729);
#2536=LINE('',#13292,#3730);
#2537=LINE('',#13295,#3731);
#2538=LINE('',#13296,#3732);
#2539=LINE('',#13299,#3733);
#2540=LINE('',#13300,#3734);
#2541=LINE('',#13302,#3735);
#2542=LINE('',#13305,#3736);
#2543=LINE('',#13307,#3737);
#2544=LINE('',#13308,#3738);
#2545=LINE('',#13311,#3739);
#2546=LINE('',#13312,#3740);
#2547=LINE('',#13315,#3741);
#2548=LINE('',#13316,#3742);
#2549=LINE('',#13318,#3743);
#2550=LINE('',#13321,#3744);
#2551=LINE('',#13323,#3745);
#2552=LINE('',#13324,#3746);
#2553=LINE('',#13327,#3747);
#2554=LINE('',#13328,#3748);
#2555=LINE('',#13331,#3749);
#2556=LINE('',#13332,#3750);
#2557=LINE('',#13334,#3751);
#2558=LINE('',#13337,#3752);
#2559=LINE('',#13339,#3753);
#2560=LINE('',#13340,#3754);
#2561=LINE('',#13343,#3755);
#2562=LINE('',#13344,#3756);
#2563=LINE('',#13347,#3757);
#2564=LINE('',#13348,#3758);
#2565=LINE('',#13350,#3759);
#2566=LINE('',#13353,#3760);
#2567=LINE('',#13355,#3761);
#2568=LINE('',#13356,#3762);
#2569=LINE('',#13359,#3763);
#2570=LINE('',#13360,#3764);
#2571=LINE('',#13363,#3765);
#2572=LINE('',#13364,#3766);
#2573=LINE('',#13366,#3767);
#2574=LINE('',#13369,#3768);
#2575=LINE('',#13371,#3769);
#2576=LINE('',#13372,#3770);
#2577=LINE('',#13375,#3771);
#2578=LINE('',#13376,#3772);
#2579=LINE('',#13379,#3773);
#2580=LINE('',#13380,#3774);
#2581=LINE('',#13382,#3775);
#2582=LINE('',#13385,#3776);
#2583=LINE('',#13387,#3777);
#2584=LINE('',#13388,#3778);
#2585=LINE('',#13391,#3779);
#2586=LINE('',#13392,#3780);
#2587=LINE('',#13395,#3781);
#2588=LINE('',#13396,#3782);
#2589=LINE('',#13398,#3783);
#2590=LINE('',#13401,#3784);
#2591=LINE('',#13403,#3785);
#2592=LINE('',#13404,#3786);
#2593=LINE('',#13407,#3787);
#2594=LINE('',#13408,#3788);
#2595=LINE('',#13411,#3789);
#2596=LINE('',#13412,#3790);
#2597=LINE('',#13414,#3791);
#2598=LINE('',#13417,#3792);
#2599=LINE('',#13419,#3793);
#2600=LINE('',#13420,#3794);
#2601=LINE('',#13423,#3795);
#2602=LINE('',#13424,#3796);
#2603=LINE('',#13427,#3797);
#2604=LINE('',#13428,#3798);
#2605=LINE('',#13430,#3799);
#2606=LINE('',#13433,#3800);
#2607=LINE('',#13435,#3801);
#2608=LINE('',#13436,#3802);
#2609=LINE('',#13439,#3803);
#2610=LINE('',#13440,#3804);
#2611=LINE('',#13443,#3805);
#2612=LINE('',#13444,#3806);
#2613=LINE('',#13446,#3807);
#2614=LINE('',#13449,#3808);
#2615=LINE('',#13451,#3809);
#2616=LINE('',#13452,#3810);
#2617=LINE('',#13455,#3811);
#2618=LINE('',#13456,#3812);
#2619=LINE('',#13459,#3813);
#2620=LINE('',#13460,#3814);
#2621=LINE('',#13463,#3815);
#2622=LINE('',#13464,#3816);
#2623=LINE('',#13467,#3817);
#2624=LINE('',#13468,#3818);
#2625=LINE('',#13471,#3819);
#2626=LINE('',#13472,#3820);
#2627=LINE('',#13475,#3821);
#2628=LINE('',#13476,#3822);
#2629=LINE('',#13479,#3823);
#2630=LINE('',#13480,#3824);
#2631=LINE('',#13483,#3825);
#2632=LINE('',#13484,#3826);
#2633=LINE('',#13487,#3827);
#2634=LINE('',#13488,#3828);
#2635=LINE('',#13491,#3829);
#2636=LINE('',#13492,#3830);
#2637=LINE('',#13495,#3831);
#2638=LINE('',#13496,#3832);
#2639=LINE('',#13499,#3833);
#2640=LINE('',#13500,#3834);
#2641=LINE('',#13503,#3835);
#2642=LINE('',#13504,#3836);
#2643=LINE('',#13507,#3837);
#2644=LINE('',#13508,#3838);
#2645=LINE('',#13511,#3839);
#2646=LINE('',#13512,#3840);
#2647=LINE('',#13515,#3841);
#2648=LINE('',#13516,#3842);
#2649=LINE('',#13519,#3843);
#2650=LINE('',#13520,#3844);
#2651=LINE('',#13523,#3845);
#2652=LINE('',#13524,#3846);
#2653=LINE('',#13527,#3847);
#2654=LINE('',#13528,#3848);
#2655=LINE('',#13531,#3849);
#2656=LINE('',#13532,#3850);
#2657=LINE('',#13535,#3851);
#2658=LINE('',#13536,#3852);
#2659=LINE('',#13539,#3853);
#2660=LINE('',#13540,#3854);
#2661=LINE('',#13543,#3855);
#2662=LINE('',#13544,#3856);
#2663=LINE('',#13547,#3857);
#2664=LINE('',#13548,#3858);
#2665=LINE('',#13551,#3859);
#2666=LINE('',#13552,#3860);
#2667=LINE('',#13555,#3861);
#2668=LINE('',#13556,#3862);
#2669=LINE('',#13559,#3863);
#2670=LINE('',#13560,#3864);
#2671=LINE('',#13563,#3865);
#2672=LINE('',#13564,#3866);
#2673=LINE('',#13567,#3867);
#2674=LINE('',#13568,#3868);
#2675=LINE('',#13571,#3869);
#2676=LINE('',#13572,#3870);
#2677=LINE('',#13575,#3871);
#2678=LINE('',#13576,#3872);
#2679=LINE('',#13579,#3873);
#2680=LINE('',#13580,#3874);
#2681=LINE('',#13583,#3875);
#2682=LINE('',#13584,#3876);
#2683=LINE('',#13587,#3877);
#2684=LINE('',#13588,#3878);
#2685=LINE('',#13590,#3879);
#2686=LINE('',#13593,#3880);
#2687=LINE('',#13594,#3881);
#2688=LINE('',#13597,#3882);
#2689=LINE('',#13598,#3883);
#2690=LINE('',#13600,#3884);
#2691=VECTOR('',#9165,1.5);
#2692=VECTOR('',#9172,1.49999999999999);
#2693=VECTOR('',#9179,1.5);
#2694=VECTOR('',#9186,1.49999999999999);
#2695=VECTOR('',#9191,10.);
#2696=VECTOR('',#9192,10.);
#2697=VECTOR('',#9193,10.);
#2698=VECTOR('',#9194,10.);
#2699=VECTOR('',#9197,10.);
#2700=VECTOR('',#9198,10.);
#2701=VECTOR('',#9199,10.);
#2702=VECTOR('',#9200,10.);
#2703=VECTOR('',#9205,10.);
#2704=VECTOR('',#9208,10.);
#2705=VECTOR('',#9211,10.);
#2706=VECTOR('',#9212,10.);
#2707=VECTOR('',#9217,10.);
#2708=VECTOR('',#9220,10.);
#2709=VECTOR('',#9223,10.);
#2710=VECTOR('',#9224,10.);
#2711=VECTOR('',#9227,10.);
#2712=VECTOR('',#9228,10.);
#2713=VECTOR('',#9231,10.);
#2714=VECTOR('',#9232,10.);
#2715=VECTOR('',#9233,10.);
#2716=VECTOR('',#9234,10.);
#2717=VECTOR('',#9235,10.);
#2718=VECTOR('',#9236,10.);
#2719=VECTOR('',#9237,10.);
#2720=VECTOR('',#9238,10.);
#2721=VECTOR('',#9239,10.);
#2722=VECTOR('',#9240,10.);
#2723=VECTOR('',#9241,10.);
#2724=VECTOR('',#9242,10.);
#2725=VECTOR('',#9243,10.);
#2726=VECTOR('',#9244,10.);
#2727=VECTOR('',#9245,10.);
#2728=VECTOR('',#9246,10.);
#2729=VECTOR('',#9247,10.);
#2730=VECTOR('',#9248,10.);
#2731=VECTOR('',#9249,10.);
#2732=VECTOR('',#9250,10.);
#2733=VECTOR('',#9251,10.);
#2734=VECTOR('',#9252,10.);
#2735=VECTOR('',#9253,10.);
#2736=VECTOR('',#9254,10.);
#2737=VECTOR('',#9255,10.);
#2738=VECTOR('',#9256,10.);
#2739=VECTOR('',#9257,10.);
#2740=VECTOR('',#9258,10.);
#2741=VECTOR('',#9259,10.);
#2742=VECTOR('',#9260,10.);
#2743=VECTOR('',#9261,10.);
#2744=VECTOR('',#9262,10.);
#2745=VECTOR('',#9263,10.);
#2746=VECTOR('',#9264,10.);
#2747=VECTOR('',#9265,10.);
#2748=VECTOR('',#9266,10.);
#2749=VECTOR('',#9267,10.);
#2750=VECTOR('',#9268,10.);
#2751=VECTOR('',#9269,10.);
#2752=VECTOR('',#9270,10.);
#2753=VECTOR('',#9271,10.);
#2754=VECTOR('',#9272,10.);
#2755=VECTOR('',#9273,10.);
#2756=VECTOR('',#9274,10.);
#2757=VECTOR('',#9275,10.);
#2758=VECTOR('',#9276,10.);
#2759=VECTOR('',#9277,10.);
#2760=VECTOR('',#9278,10.);
#2761=VECTOR('',#9279,10.);
#2762=VECTOR('',#9280,10.);
#2763=VECTOR('',#9281,10.);
#2764=VECTOR('',#9282,10.);
#2765=VECTOR('',#9283,10.);
#2766=VECTOR('',#9284,10.);
#2767=VECTOR('',#9285,10.);
#2768=VECTOR('',#9286,10.);
#2769=VECTOR('',#9287,10.);
#2770=VECTOR('',#9288,10.);
#2771=VECTOR('',#9289,10.);
#2772=VECTOR('',#9290,10.);
#2773=VECTOR('',#9291,10.);
#2774=VECTOR('',#9292,10.);
#2775=VECTOR('',#9293,10.);
#2776=VECTOR('',#9294,10.);
#2777=VECTOR('',#9295,10.);
#2778=VECTOR('',#9296,10.);
#2779=VECTOR('',#9297,10.);
#2780=VECTOR('',#9298,10.);
#2781=VECTOR('',#9299,10.);
#2782=VECTOR('',#9300,10.);
#2783=VECTOR('',#9301,10.);
#2784=VECTOR('',#9302,10.);
#2785=VECTOR('',#9303,10.);
#2786=VECTOR('',#9304,10.);
#2787=VECTOR('',#9305,10.);
#2788=VECTOR('',#9306,10.);
#2789=VECTOR('',#9307,10.);
#2790=VECTOR('',#9308,10.);
#2791=VECTOR('',#9309,10.);
#2792=VECTOR('',#9310,10.);
#2793=VECTOR('',#9311,10.);
#2794=VECTOR('',#9312,10.);
#2795=VECTOR('',#9313,10.);
#2796=VECTOR('',#9314,10.);
#2797=VECTOR('',#9315,10.);
#2798=VECTOR('',#9316,10.);
#2799=VECTOR('',#9317,10.);
#2800=VECTOR('',#9318,10.);
#2801=VECTOR('',#9319,10.);
#2802=VECTOR('',#9320,10.);
#2803=VECTOR('',#9321,10.);
#2804=VECTOR('',#9322,10.);
#2805=VECTOR('',#9323,10.);
#2806=VECTOR('',#9324,10.);
#2807=VECTOR('',#9325,10.);
#2808=VECTOR('',#9326,10.);
#2809=VECTOR('',#9327,10.);
#2810=VECTOR('',#9328,10.);
#2811=VECTOR('',#9329,10.);
#2812=VECTOR('',#9330,10.);
#2813=VECTOR('',#9331,10.);
#2814=VECTOR('',#9332,10.);
#2815=VECTOR('',#9333,10.);
#2816=VECTOR('',#9334,10.);
#2817=VECTOR('',#9335,10.);
#2818=VECTOR('',#9336,10.);
#2819=VECTOR('',#9337,10.);
#2820=VECTOR('',#9338,10.);
#2821=VECTOR('',#9339,10.);
#2822=VECTOR('',#9340,10.);
#2823=VECTOR('',#9341,10.);
#2824=VECTOR('',#9342,10.);
#2825=VECTOR('',#9343,10.);
#2826=VECTOR('',#9344,10.);
#2827=VECTOR('',#9345,10.);
#2828=VECTOR('',#9346,10.);
#2829=VECTOR('',#9347,10.);
#2830=VECTOR('',#9348,10.);
#2831=VECTOR('',#9349,10.);
#2832=VECTOR('',#9350,10.);
#2833=VECTOR('',#9351,10.);
#2834=VECTOR('',#9352,10.);
#2835=VECTOR('',#9353,10.);
#2836=VECTOR('',#9354,10.);
#2837=VECTOR('',#9355,10.);
#2838=VECTOR('',#9356,10.);
#2839=VECTOR('',#9357,10.);
#2840=VECTOR('',#9358,10.);
#2841=VECTOR('',#9359,10.);
#2842=VECTOR('',#9360,10.);
#2843=VECTOR('',#9361,10.);
#2844=VECTOR('',#9362,10.);
#2845=VECTOR('',#9363,10.);
#2846=VECTOR('',#9364,10.);
#2847=VECTOR('',#9365,10.);
#2848=VECTOR('',#9366,10.);
#2849=VECTOR('',#9367,10.);
#2850=VECTOR('',#9368,10.);
#2851=VECTOR('',#9369,10.);
#2852=VECTOR('',#9370,10.);
#2853=VECTOR('',#9371,10.);
#2854=VECTOR('',#9372,10.);
#2855=VECTOR('',#9373,10.);
#2856=VECTOR('',#9374,10.);
#2857=VECTOR('',#9375,10.);
#2858=VECTOR('',#9376,10.);
#2859=VECTOR('',#9377,10.);
#2860=VECTOR('',#9378,10.);
#2861=VECTOR('',#9379,10.);
#2862=VECTOR('',#9380,10.);
#2863=VECTOR('',#9381,10.);
#2864=VECTOR('',#9382,10.);
#2865=VECTOR('',#9383,10.);
#2866=VECTOR('',#9384,10.);
#2867=VECTOR('',#9385,10.);
#2868=VECTOR('',#9386,10.);
#2869=VECTOR('',#9387,10.);
#2870=VECTOR('',#9388,10.);
#2871=VECTOR('',#9389,10.);
#2872=VECTOR('',#9390,10.);
#2873=VECTOR('',#9391,10.);
#2874=VECTOR('',#9392,10.);
#2875=VECTOR('',#9393,10.);
#2876=VECTOR('',#9394,10.);
#2877=VECTOR('',#9395,10.);
#2878=VECTOR('',#9396,10.);
#2879=VECTOR('',#9397,10.);
#2880=VECTOR('',#9398,10.);
#2881=VECTOR('',#9399,10.);
#2882=VECTOR('',#9400,10.);
#2883=VECTOR('',#9401,10.);
#2884=VECTOR('',#9402,10.);
#2885=VECTOR('',#9403,10.);
#2886=VECTOR('',#9404,10.);
#2887=VECTOR('',#9405,10.);
#2888=VECTOR('',#9406,10.);
#2889=VECTOR('',#9407,10.);
#2890=VECTOR('',#9408,10.);
#2891=VECTOR('',#9409,10.);
#2892=VECTOR('',#9410,10.);
#2893=VECTOR('',#9411,10.);
#2894=VECTOR('',#9412,10.);
#2895=VECTOR('',#9413,10.);
#2896=VECTOR('',#9414,10.);
#2897=VECTOR('',#9415,10.);
#2898=VECTOR('',#9416,10.);
#2899=VECTOR('',#9417,10.);
#2900=VECTOR('',#9418,10.);
#2901=VECTOR('',#9419,10.);
#2902=VECTOR('',#9420,10.);
#2903=VECTOR('',#9421,10.);
#2904=VECTOR('',#9422,10.);
#2905=VECTOR('',#9423,10.);
#2906=VECTOR('',#9424,10.);
#2907=VECTOR('',#9425,10.);
#2908=VECTOR('',#9426,10.);
#2909=VECTOR('',#9427,10.);
#2910=VECTOR('',#9428,10.);
#2911=VECTOR('',#9429,10.);
#2912=VECTOR('',#9430,10.);
#2913=VECTOR('',#9431,10.);
#2914=VECTOR('',#9432,10.);
#2915=VECTOR('',#9433,10.);
#2916=VECTOR('',#9434,10.);
#2917=VECTOR('',#9435,10.);
#2918=VECTOR('',#9436,10.);
#2919=VECTOR('',#9437,10.);
#2920=VECTOR('',#9438,10.);
#2921=VECTOR('',#9439,10.);
#2922=VECTOR('',#9440,10.);
#2923=VECTOR('',#9441,10.);
#2924=VECTOR('',#9442,10.);
#2925=VECTOR('',#9443,10.);
#2926=VECTOR('',#9444,10.);
#2927=VECTOR('',#9445,10.);
#2928=VECTOR('',#9446,10.);
#2929=VECTOR('',#9447,10.);
#2930=VECTOR('',#9448,10.);
#2931=VECTOR('',#9449,10.);
#2932=VECTOR('',#9450,10.);
#2933=VECTOR('',#9451,10.);
#2934=VECTOR('',#9452,10.);
#2935=VECTOR('',#9453,10.);
#2936=VECTOR('',#9454,10.);
#2937=VECTOR('',#9455,10.);
#2938=VECTOR('',#9456,10.);
#2939=VECTOR('',#9457,10.);
#2940=VECTOR('',#9458,10.);
#2941=VECTOR('',#9459,10.);
#2942=VECTOR('',#9460,10.);
#2943=VECTOR('',#9461,10.);
#2944=VECTOR('',#9462,10.);
#2945=VECTOR('',#9463,10.);
#2946=VECTOR('',#9464,10.);
#2947=VECTOR('',#9465,10.);
#2948=VECTOR('',#9466,10.);
#2949=VECTOR('',#9467,10.);
#2950=VECTOR('',#9468,10.);
#2951=VECTOR('',#9469,10.);
#2952=VECTOR('',#9470,10.);
#2953=VECTOR('',#9471,10.);
#2954=VECTOR('',#9472,10.);
#2955=VECTOR('',#9473,10.);
#2956=VECTOR('',#9474,10.);
#2957=VECTOR('',#9475,10.);
#2958=VECTOR('',#9476,10.);
#2959=VECTOR('',#9477,10.);
#2960=VECTOR('',#9478,10.);
#2961=VECTOR('',#9479,10.);
#2962=VECTOR('',#9480,10.);
#2963=VECTOR('',#9481,10.);
#2964=VECTOR('',#9482,10.);
#2965=VECTOR('',#9483,10.);
#2966=VECTOR('',#9484,10.);
#2967=VECTOR('',#9485,10.);
#2968=VECTOR('',#9486,10.);
#2969=VECTOR('',#9487,10.);
#2970=VECTOR('',#9488,10.);
#2971=VECTOR('',#9489,10.);
#2972=VECTOR('',#9490,10.);
#2973=VECTOR('',#9491,10.);
#2974=VECTOR('',#9492,10.);
#2975=VECTOR('',#9493,10.);
#2976=VECTOR('',#9494,10.);
#2977=VECTOR('',#9495,10.);
#2978=VECTOR('',#9496,10.);
#2979=VECTOR('',#9497,10.);
#2980=VECTOR('',#9498,10.);
#2981=VECTOR('',#9499,10.);
#2982=VECTOR('',#9500,10.);
#2983=VECTOR('',#9501,10.);
#2984=VECTOR('',#9502,10.);
#2985=VECTOR('',#9503,10.);
#2986=VECTOR('',#9504,10.);
#2987=VECTOR('',#9505,10.);
#2988=VECTOR('',#9506,10.);
#2989=VECTOR('',#9507,10.);
#2990=VECTOR('',#9508,10.);
#2991=VECTOR('',#9509,10.);
#2992=VECTOR('',#9510,10.);
#2993=VECTOR('',#9511,10.);
#2994=VECTOR('',#9512,10.);
#2995=VECTOR('',#9513,10.);
#2996=VECTOR('',#9514,10.);
#2997=VECTOR('',#9515,10.);
#2998=VECTOR('',#9516,10.);
#2999=VECTOR('',#9517,10.);
#3000=VECTOR('',#9518,10.);
#3001=VECTOR('',#9519,10.);
#3002=VECTOR('',#9520,10.);
#3003=VECTOR('',#9521,10.);
#3004=VECTOR('',#9522,10.);
#3005=VECTOR('',#9523,10.);
#3006=VECTOR('',#9524,10.);
#3007=VECTOR('',#9525,10.);
#3008=VECTOR('',#9526,10.);
#3009=VECTOR('',#9527,10.);
#3010=VECTOR('',#9528,10.);
#3011=VECTOR('',#9529,10.);
#3012=VECTOR('',#9530,10.);
#3013=VECTOR('',#9531,10.);
#3014=VECTOR('',#9532,10.);
#3015=VECTOR('',#9533,10.);
#3016=VECTOR('',#9534,10.);
#3017=VECTOR('',#9535,10.);
#3018=VECTOR('',#9536,10.);
#3019=VECTOR('',#9537,10.);
#3020=VECTOR('',#9538,10.);
#3021=VECTOR('',#9539,10.);
#3022=VECTOR('',#9540,10.);
#3023=VECTOR('',#9541,10.);
#3024=VECTOR('',#9542,10.);
#3025=VECTOR('',#9543,10.);
#3026=VECTOR('',#9544,10.);
#3027=VECTOR('',#9545,10.);
#3028=VECTOR('',#9546,10.);
#3029=VECTOR('',#9547,10.);
#3030=VECTOR('',#9548,10.);
#3031=VECTOR('',#9549,10.);
#3032=VECTOR('',#9550,10.);
#3033=VECTOR('',#9551,10.);
#3034=VECTOR('',#9552,10.);
#3035=VECTOR('',#9553,10.);
#3036=VECTOR('',#9554,10.);
#3037=VECTOR('',#9555,10.);
#3038=VECTOR('',#9556,10.);
#3039=VECTOR('',#9557,10.);
#3040=VECTOR('',#9558,10.);
#3041=VECTOR('',#9559,10.);
#3042=VECTOR('',#9560,10.);
#3043=VECTOR('',#9561,10.);
#3044=VECTOR('',#9562,10.);
#3045=VECTOR('',#9563,10.);
#3046=VECTOR('',#9564,10.);
#3047=VECTOR('',#9565,10.);
#3048=VECTOR('',#9566,10.);
#3049=VECTOR('',#9567,10.);
#3050=VECTOR('',#9568,10.);
#3051=VECTOR('',#9569,10.);
#3052=VECTOR('',#9570,10.);
#3053=VECTOR('',#9571,10.);
#3054=VECTOR('',#9572,10.);
#3055=VECTOR('',#9573,10.);
#3056=VECTOR('',#9574,10.);
#3057=VECTOR('',#9575,10.);
#3058=VECTOR('',#9576,10.);
#3059=VECTOR('',#9577,10.);
#3060=VECTOR('',#9578,10.);
#3061=VECTOR('',#9579,10.);
#3062=VECTOR('',#9580,10.);
#3063=VECTOR('',#9581,10.);
#3064=VECTOR('',#9582,10.);
#3065=VECTOR('',#9583,10.);
#3066=VECTOR('',#9584,10.);
#3067=VECTOR('',#9585,10.);
#3068=VECTOR('',#9586,10.);
#3069=VECTOR('',#9587,10.);
#3070=VECTOR('',#9588,10.);
#3071=VECTOR('',#9589,10.);
#3072=VECTOR('',#9590,10.);
#3073=VECTOR('',#9591,10.);
#3074=VECTOR('',#9592,10.);
#3075=VECTOR('',#9593,10.);
#3076=VECTOR('',#9594,10.);
#3077=VECTOR('',#9595,10.);
#3078=VECTOR('',#9596,10.);
#3079=VECTOR('',#9597,10.);
#3080=VECTOR('',#9598,10.);
#3081=VECTOR('',#9599,10.);
#3082=VECTOR('',#9600,10.);
#3083=VECTOR('',#9601,10.);
#3084=VECTOR('',#9602,10.);
#3085=VECTOR('',#9603,10.);
#3086=VECTOR('',#9604,10.);
#3087=VECTOR('',#9605,10.);
#3088=VECTOR('',#9606,10.);
#3089=VECTOR('',#9607,10.);
#3090=VECTOR('',#9608,10.);
#3091=VECTOR('',#9609,10.);
#3092=VECTOR('',#9610,10.);
#3093=VECTOR('',#9611,10.);
#3094=VECTOR('',#9612,10.);
#3095=VECTOR('',#9613,10.);
#3096=VECTOR('',#9614,10.);
#3097=VECTOR('',#9615,10.);
#3098=VECTOR('',#9616,10.);
#3099=VECTOR('',#9617,10.);
#3100=VECTOR('',#9618,10.);
#3101=VECTOR('',#9619,10.);
#3102=VECTOR('',#9620,10.);
#3103=VECTOR('',#9621,10.);
#3104=VECTOR('',#9624,10.);
#3105=VECTOR('',#9625,10.);
#3106=VECTOR('',#9626,10.);
#3107=VECTOR('',#9629,10.);
#3108=VECTOR('',#9630,10.);
#3109=VECTOR('',#9633,10.);
#3110=VECTOR('',#9634,10.);
#3111=VECTOR('',#9637,10.);
#3112=VECTOR('',#9640,10.);
#3113=VECTOR('',#9641,10.);
#3114=VECTOR('',#9642,10.);
#3115=VECTOR('',#9645,10.);
#3116=VECTOR('',#9646,10.);
#3117=VECTOR('',#9649,10.);
#3118=VECTOR('',#9650,10.);
#3119=VECTOR('',#9653,10.);
#3120=VECTOR('',#9656,10.);
#3121=VECTOR('',#9657,10.);
#3122=VECTOR('',#9658,10.);
#3123=VECTOR('',#9661,10.);
#3124=VECTOR('',#9662,10.);
#3125=VECTOR('',#9665,10.);
#3126=VECTOR('',#9666,10.);
#3127=VECTOR('',#9669,10.);
#3128=VECTOR('',#9672,10.);
#3129=VECTOR('',#9673,10.);
#3130=VECTOR('',#9674,10.);
#3131=VECTOR('',#9677,10.);
#3132=VECTOR('',#9678,10.);
#3133=VECTOR('',#9681,10.);
#3134=VECTOR('',#9682,10.);
#3135=VECTOR('',#9685,10.);
#3136=VECTOR('',#9688,10.);
#3137=VECTOR('',#9689,10.);
#3138=VECTOR('',#9690,10.);
#3139=VECTOR('',#9693,10.);
#3140=VECTOR('',#9694,10.);
#3141=VECTOR('',#9697,10.);
#3142=VECTOR('',#9698,10.);
#3143=VECTOR('',#9701,10.);
#3144=VECTOR('',#9704,10.);
#3145=VECTOR('',#9705,10.);
#3146=VECTOR('',#9706,10.);
#3147=VECTOR('',#9709,10.);
#3148=VECTOR('',#9710,10.);
#3149=VECTOR('',#9713,10.);
#3150=VECTOR('',#9714,10.);
#3151=VECTOR('',#9717,10.);
#3152=VECTOR('',#9720,10.);
#3153=VECTOR('',#9721,10.);
#3154=VECTOR('',#9722,10.);
#3155=VECTOR('',#9725,10.);
#3156=VECTOR('',#9726,10.);
#3157=VECTOR('',#9729,10.);
#3158=VECTOR('',#9730,10.);
#3159=VECTOR('',#9733,10.);
#3160=VECTOR('',#9736,10.);
#3161=VECTOR('',#9737,10.);
#3162=VECTOR('',#9738,10.);
#3163=VECTOR('',#9741,10.);
#3164=VECTOR('',#9742,10.);
#3165=VECTOR('',#9745,10.);
#3166=VECTOR('',#9746,10.);
#3167=VECTOR('',#9749,10.);
#3168=VECTOR('',#9752,10.);
#3169=VECTOR('',#9753,10.);
#3170=VECTOR('',#9754,10.);
#3171=VECTOR('',#9757,10.);
#3172=VECTOR('',#9758,10.);
#3173=VECTOR('',#9761,10.);
#3174=VECTOR('',#9762,10.);
#3175=VECTOR('',#9765,10.);
#3176=VECTOR('',#9768,10.);
#3177=VECTOR('',#9769,10.);
#3178=VECTOR('',#9770,10.);
#3179=VECTOR('',#9773,10.);
#3180=VECTOR('',#9774,10.);
#3181=VECTOR('',#9777,10.);
#3182=VECTOR('',#9778,10.);
#3183=VECTOR('',#9781,10.);
#3184=VECTOR('',#9784,10.);
#3185=VECTOR('',#9785,10.);
#3186=VECTOR('',#9786,10.);
#3187=VECTOR('',#9789,10.);
#3188=VECTOR('',#9790,10.);
#3189=VECTOR('',#9793,10.);
#3190=VECTOR('',#9794,10.);
#3191=VECTOR('',#9797,10.);
#3192=VECTOR('',#9800,10.);
#3193=VECTOR('',#9801,10.);
#3194=VECTOR('',#9802,10.);
#3195=VECTOR('',#9805,10.);
#3196=VECTOR('',#9806,10.);
#3197=VECTOR('',#9809,10.);
#3198=VECTOR('',#9810,10.);
#3199=VECTOR('',#9813,10.);
#3200=VECTOR('',#9816,10.);
#3201=VECTOR('',#9817,10.);
#3202=VECTOR('',#9818,10.);
#3203=VECTOR('',#9821,10.);
#3204=VECTOR('',#9822,10.);
#3205=VECTOR('',#9825,10.);
#3206=VECTOR('',#9826,10.);
#3207=VECTOR('',#9829,10.);
#3208=VECTOR('',#9832,10.);
#3209=VECTOR('',#9833,10.);
#3210=VECTOR('',#9834,10.);
#3211=VECTOR('',#9837,10.);
#3212=VECTOR('',#9838,10.);
#3213=VECTOR('',#9841,10.);
#3214=VECTOR('',#9842,10.);
#3215=VECTOR('',#9845,10.);
#3216=VECTOR('',#9848,10.);
#3217=VECTOR('',#9849,10.);
#3218=VECTOR('',#9850,10.);
#3219=VECTOR('',#9853,10.);
#3220=VECTOR('',#9854,10.);
#3221=VECTOR('',#9857,10.);
#3222=VECTOR('',#9858,10.);
#3223=VECTOR('',#9861,10.);
#3224=VECTOR('',#9864,10.);
#3225=VECTOR('',#9865,10.);
#3226=VECTOR('',#9866,10.);
#3227=VECTOR('',#9869,10.);
#3228=VECTOR('',#9870,10.);
#3229=VECTOR('',#9873,10.);
#3230=VECTOR('',#9874,10.);
#3231=VECTOR('',#9877,10.);
#3232=VECTOR('',#9880,10.);
#3233=VECTOR('',#9881,10.);
#3234=VECTOR('',#9882,10.);
#3235=VECTOR('',#9885,10.);
#3236=VECTOR('',#9886,10.);
#3237=VECTOR('',#9889,10.);
#3238=VECTOR('',#9890,10.);
#3239=VECTOR('',#9893,10.);
#3240=VECTOR('',#9896,10.);
#3241=VECTOR('',#9897,10.);
#3242=VECTOR('',#9898,10.);
#3243=VECTOR('',#9901,10.);
#3244=VECTOR('',#9902,10.);
#3245=VECTOR('',#9905,10.);
#3246=VECTOR('',#9906,10.);
#3247=VECTOR('',#9909,10.);
#3248=VECTOR('',#9912,10.);
#3249=VECTOR('',#9913,10.);
#3250=VECTOR('',#9914,10.);
#3251=VECTOR('',#9917,10.);
#3252=VECTOR('',#9918,10.);
#3253=VECTOR('',#9921,10.);
#3254=VECTOR('',#9922,10.);
#3255=VECTOR('',#9925,10.);
#3256=VECTOR('',#9928,10.);
#3257=VECTOR('',#9929,10.);
#3258=VECTOR('',#9930,10.);
#3259=VECTOR('',#9933,10.);
#3260=VECTOR('',#9934,10.);
#3261=VECTOR('',#9937,10.);
#3262=VECTOR('',#9938,10.);
#3263=VECTOR('',#9941,10.);
#3264=VECTOR('',#9942,10.);
#3265=VECTOR('',#9945,10.);
#3266=VECTOR('',#9946,10.);
#3267=VECTOR('',#9949,10.);
#3268=VECTOR('',#9950,10.);
#3269=VECTOR('',#9953,10.);
#3270=VECTOR('',#9954,10.);
#3271=VECTOR('',#9957,10.);
#3272=VECTOR('',#9958,10.);
#3273=VECTOR('',#9961,10.);
#3274=VECTOR('',#9962,10.);
#3275=VECTOR('',#9965,10.);
#3276=VECTOR('',#9966,10.);
#3277=VECTOR('',#9969,10.);
#3278=VECTOR('',#9970,10.);
#3279=VECTOR('',#9973,10.);
#3280=VECTOR('',#9974,10.);
#3281=VECTOR('',#9977,10.);
#3282=VECTOR('',#9978,10.);
#3283=VECTOR('',#9981,10.);
#3284=VECTOR('',#9982,10.);
#3285=VECTOR('',#9985,10.);
#3286=VECTOR('',#9986,10.);
#3287=VECTOR('',#9989,10.);
#3288=VECTOR('',#9990,10.);
#3289=VECTOR('',#9993,10.);
#3290=VECTOR('',#9994,10.);
#3291=VECTOR('',#9997,10.);
#3292=VECTOR('',#9998,10.);
#3293=VECTOR('',#10001,10.);
#3294=VECTOR('',#10002,10.);
#3295=VECTOR('',#10005,10.);
#3296=VECTOR('',#10006,10.);
#3297=VECTOR('',#10009,10.);
#3298=VECTOR('',#10010,10.);
#3299=VECTOR('',#10013,10.);
#3300=VECTOR('',#10014,10.);
#3301=VECTOR('',#10017,10.);
#3302=VECTOR('',#10018,10.);
#3303=VECTOR('',#10021,10.);
#3304=VECTOR('',#10022,10.);
#3305=VECTOR('',#10025,10.);
#3306=VECTOR('',#10026,10.);
#3307=VECTOR('',#10029,10.);
#3308=VECTOR('',#10030,10.);
#3309=VECTOR('',#10033,10.);
#3310=VECTOR('',#10034,10.);
#3311=VECTOR('',#10037,10.);
#3312=VECTOR('',#10038,10.);
#3313=VECTOR('',#10041,10.);
#3314=VECTOR('',#10042,10.);
#3315=VECTOR('',#10045,10.);
#3316=VECTOR('',#10046,10.);
#3317=VECTOR('',#10049,10.);
#3318=VECTOR('',#10050,10.);
#3319=VECTOR('',#10053,10.);
#3320=VECTOR('',#10054,10.);
#3321=VECTOR('',#10057,10.);
#3322=VECTOR('',#10058,10.);
#3323=VECTOR('',#10061,10.);
#3324=VECTOR('',#10062,10.);
#3325=VECTOR('',#10065,10.);
#3326=VECTOR('',#10066,10.);
#3327=VECTOR('',#10069,10.);
#3328=VECTOR('',#10072,10.);
#3329=VECTOR('',#10073,10.);
#3330=VECTOR('',#10074,10.);
#3331=VECTOR('',#10077,10.);
#3332=VECTOR('',#10078,10.);
#3333=VECTOR('',#10081,10.);
#3334=VECTOR('',#10082,10.);
#3335=VECTOR('',#10085,10.);
#3336=VECTOR('',#10088,10.);
#3337=VECTOR('',#10089,10.);
#3338=VECTOR('',#10090,10.);
#3339=VECTOR('',#10093,10.);
#3340=VECTOR('',#10094,10.);
#3341=VECTOR('',#10097,10.);
#3342=VECTOR('',#10098,10.);
#3343=VECTOR('',#10101,10.);
#3344=VECTOR('',#10104,10.);
#3345=VECTOR('',#10105,10.);
#3346=VECTOR('',#10106,10.);
#3347=VECTOR('',#10109,10.);
#3348=VECTOR('',#10110,10.);
#3349=VECTOR('',#10113,10.);
#3350=VECTOR('',#10114,10.);
#3351=VECTOR('',#10117,10.);
#3352=VECTOR('',#10120,10.);
#3353=VECTOR('',#10121,10.);
#3354=VECTOR('',#10122,10.);
#3355=VECTOR('',#10125,10.);
#3356=VECTOR('',#10126,10.);
#3357=VECTOR('',#10129,10.);
#3358=VECTOR('',#10130,10.);
#3359=VECTOR('',#10133,10.);
#3360=VECTOR('',#10136,10.);
#3361=VECTOR('',#10137,10.);
#3362=VECTOR('',#10138,10.);
#3363=VECTOR('',#10141,10.);
#3364=VECTOR('',#10142,10.);
#3365=VECTOR('',#10145,10.);
#3366=VECTOR('',#10146,10.);
#3367=VECTOR('',#10149,10.);
#3368=VECTOR('',#10152,10.);
#3369=VECTOR('',#10153,10.);
#3370=VECTOR('',#10154,10.);
#3371=VECTOR('',#10157,10.);
#3372=VECTOR('',#10158,10.);
#3373=VECTOR('',#10161,10.);
#3374=VECTOR('',#10162,10.);
#3375=VECTOR('',#10165,10.);
#3376=VECTOR('',#10168,10.);
#3377=VECTOR('',#10169,10.);
#3378=VECTOR('',#10170,10.);
#3379=VECTOR('',#10173,10.);
#3380=VECTOR('',#10174,10.);
#3381=VECTOR('',#10177,10.);
#3382=VECTOR('',#10178,10.);
#3383=VECTOR('',#10181,10.);
#3384=VECTOR('',#10184,10.);
#3385=VECTOR('',#10185,10.);
#3386=VECTOR('',#10186,10.);
#3387=VECTOR('',#10189,10.);
#3388=VECTOR('',#10190,10.);
#3389=VECTOR('',#10193,10.);
#3390=VECTOR('',#10194,10.);
#3391=VECTOR('',#10197,10.);
#3392=VECTOR('',#10200,10.);
#3393=VECTOR('',#10201,10.);
#3394=VECTOR('',#10202,10.);
#3395=VECTOR('',#10205,10.);
#3396=VECTOR('',#10206,10.);
#3397=VECTOR('',#10209,10.);
#3398=VECTOR('',#10210,10.);
#3399=VECTOR('',#10213,10.);
#3400=VECTOR('',#10216,10.);
#3401=VECTOR('',#10217,10.);
#3402=VECTOR('',#10218,10.);
#3403=VECTOR('',#10221,10.);
#3404=VECTOR('',#10222,10.);
#3405=VECTOR('',#10225,10.);
#3406=VECTOR('',#10226,10.);
#3407=VECTOR('',#10229,10.);
#3408=VECTOR('',#10232,10.);
#3409=VECTOR('',#10233,10.);
#3410=VECTOR('',#10234,10.);
#3411=VECTOR('',#10237,10.);
#3412=VECTOR('',#10238,10.);
#3413=VECTOR('',#10241,10.);
#3414=VECTOR('',#10242,10.);
#3415=VECTOR('',#10245,10.);
#3416=VECTOR('',#10248,10.);
#3417=VECTOR('',#10249,10.);
#3418=VECTOR('',#10250,10.);
#3419=VECTOR('',#10253,10.);
#3420=VECTOR('',#10254,10.);
#3421=VECTOR('',#10257,10.);
#3422=VECTOR('',#10258,10.);
#3423=VECTOR('',#10261,10.);
#3424=VECTOR('',#10262,10.);
#3425=VECTOR('',#10265,10.);
#3426=VECTOR('',#10266,10.);
#3427=VECTOR('',#10269,10.);
#3428=VECTOR('',#10270,10.);
#3429=VECTOR('',#10273,10.);
#3430=VECTOR('',#10274,10.);
#3431=VECTOR('',#10277,10.);
#3432=VECTOR('',#10278,10.);
#3433=VECTOR('',#10281,10.);
#3434=VECTOR('',#10282,10.);
#3435=VECTOR('',#10285,10.);
#3436=VECTOR('',#10286,10.);
#3437=VECTOR('',#10289,10.);
#3438=VECTOR('',#10290,10.);
#3439=VECTOR('',#10293,10.);
#3440=VECTOR('',#10294,10.);
#3441=VECTOR('',#10297,10.);
#3442=VECTOR('',#10298,10.);
#3443=VECTOR('',#10301,10.);
#3444=VECTOR('',#10302,10.);
#3445=VECTOR('',#10305,10.);
#3446=VECTOR('',#10306,10.);
#3447=VECTOR('',#10309,10.);
#3448=VECTOR('',#10310,10.);
#3449=VECTOR('',#10313,10.);
#3450=VECTOR('',#10314,10.);
#3451=VECTOR('',#10317,10.);
#3452=VECTOR('',#10318,10.);
#3453=VECTOR('',#10321,10.);
#3454=VECTOR('',#10322,10.);
#3455=VECTOR('',#10325,10.);
#3456=VECTOR('',#10326,10.);
#3457=VECTOR('',#10329,10.);
#3458=VECTOR('',#10330,10.);
#3459=VECTOR('',#10333,10.);
#3460=VECTOR('',#10334,10.);
#3461=VECTOR('',#10337,10.);
#3462=VECTOR('',#10338,10.);
#3463=VECTOR('',#10341,10.);
#3464=VECTOR('',#10342,10.);
#3465=VECTOR('',#10345,10.);
#3466=VECTOR('',#10346,10.);
#3467=VECTOR('',#10349,10.);
#3468=VECTOR('',#10350,10.);
#3469=VECTOR('',#10353,10.);
#3470=VECTOR('',#10354,10.);
#3471=VECTOR('',#10357,10.);
#3472=VECTOR('',#10358,10.);
#3473=VECTOR('',#10361,10.);
#3474=VECTOR('',#10362,10.);
#3475=VECTOR('',#10365,10.);
#3476=VECTOR('',#10366,10.);
#3477=VECTOR('',#10369,10.);
#3478=VECTOR('',#10370,10.);
#3479=VECTOR('',#10373,10.);
#3480=VECTOR('',#10374,10.);
#3481=VECTOR('',#10377,10.);
#3482=VECTOR('',#10378,10.);
#3483=VECTOR('',#10381,10.);
#3484=VECTOR('',#10382,10.);
#3485=VECTOR('',#10385,10.);
#3486=VECTOR('',#10386,10.);
#3487=VECTOR('',#10389,10.);
#3488=VECTOR('',#10392,10.);
#3489=VECTOR('',#10393,10.);
#3490=VECTOR('',#10394,10.);
#3491=VECTOR('',#10397,10.);
#3492=VECTOR('',#10398,10.);
#3493=VECTOR('',#10401,10.);
#3494=VECTOR('',#10402,10.);
#3495=VECTOR('',#10405,10.);
#3496=VECTOR('',#10408,10.);
#3497=VECTOR('',#10409,10.);
#3498=VECTOR('',#10410,10.);
#3499=VECTOR('',#10413,10.);
#3500=VECTOR('',#10414,10.);
#3501=VECTOR('',#10417,10.);
#3502=VECTOR('',#10418,10.);
#3503=VECTOR('',#10421,10.);
#3504=VECTOR('',#10424,10.);
#3505=VECTOR('',#10425,10.);
#3506=VECTOR('',#10426,10.);
#3507=VECTOR('',#10429,10.);
#3508=VECTOR('',#10430,10.);
#3509=VECTOR('',#10433,10.);
#3510=VECTOR('',#10434,10.);
#3511=VECTOR('',#10437,10.);
#3512=VECTOR('',#10440,10.);
#3513=VECTOR('',#10441,10.);
#3514=VECTOR('',#10442,10.);
#3515=VECTOR('',#10445,10.);
#3516=VECTOR('',#10446,10.);
#3517=VECTOR('',#10449,10.);
#3518=VECTOR('',#10450,10.);
#3519=VECTOR('',#10453,10.);
#3520=VECTOR('',#10456,10.);
#3521=VECTOR('',#10457,10.);
#3522=VECTOR('',#10458,10.);
#3523=VECTOR('',#10461,10.);
#3524=VECTOR('',#10462,10.);
#3525=VECTOR('',#10465,10.);
#3526=VECTOR('',#10466,10.);
#3527=VECTOR('',#10469,10.);
#3528=VECTOR('',#10472,10.);
#3529=VECTOR('',#10473,10.);
#3530=VECTOR('',#10474,10.);
#3531=VECTOR('',#10477,10.);
#3532=VECTOR('',#10478,10.);
#3533=VECTOR('',#10481,10.);
#3534=VECTOR('',#10482,10.);
#3535=VECTOR('',#10485,10.);
#3536=VECTOR('',#10488,10.);
#3537=VECTOR('',#10489,10.);
#3538=VECTOR('',#10490,10.);
#3539=VECTOR('',#10493,10.);
#3540=VECTOR('',#10494,10.);
#3541=VECTOR('',#10497,10.);
#3542=VECTOR('',#10498,10.);
#3543=VECTOR('',#10501,10.);
#3544=VECTOR('',#10504,10.);
#3545=VECTOR('',#10505,10.);
#3546=VECTOR('',#10506,10.);
#3547=VECTOR('',#10509,10.);
#3548=VECTOR('',#10510,10.);
#3549=VECTOR('',#10513,10.);
#3550=VECTOR('',#10514,10.);
#3551=VECTOR('',#10517,10.);
#3552=VECTOR('',#10520,10.);
#3553=VECTOR('',#10521,10.);
#3554=VECTOR('',#10522,10.);
#3555=VECTOR('',#10525,10.);
#3556=VECTOR('',#10526,10.);
#3557=VECTOR('',#10529,10.);
#3558=VECTOR('',#10530,10.);
#3559=VECTOR('',#10533,10.);
#3560=VECTOR('',#10536,10.);
#3561=VECTOR('',#10537,10.);
#3562=VECTOR('',#10538,10.);
#3563=VECTOR('',#10541,10.);
#3564=VECTOR('',#10542,10.);
#3565=VECTOR('',#10545,10.);
#3566=VECTOR('',#10546,10.);
#3567=VECTOR('',#10549,10.);
#3568=VECTOR('',#10552,10.);
#3569=VECTOR('',#10553,10.);
#3570=VECTOR('',#10554,10.);
#3571=VECTOR('',#10557,10.);
#3572=VECTOR('',#10558,10.);
#3573=VECTOR('',#10561,10.);
#3574=VECTOR('',#10562,10.);
#3575=VECTOR('',#10565,10.);
#3576=VECTOR('',#10568,10.);
#3577=VECTOR('',#10569,10.);
#3578=VECTOR('',#10570,10.);
#3579=VECTOR('',#10573,10.);
#3580=VECTOR('',#10574,10.);
#3581=VECTOR('',#10577,10.);
#3582=VECTOR('',#10578,10.);
#3583=VECTOR('',#10581,10.);
#3584=VECTOR('',#10584,10.);
#3585=VECTOR('',#10585,10.);
#3586=VECTOR('',#10586,10.);
#3587=VECTOR('',#10589,10.);
#3588=VECTOR('',#10590,10.);
#3589=VECTOR('',#10593,10.);
#3590=VECTOR('',#10594,10.);
#3591=VECTOR('',#10597,10.);
#3592=VECTOR('',#10598,10.);
#3593=VECTOR('',#10601,10.);
#3594=VECTOR('',#10602,10.);
#3595=VECTOR('',#10605,10.);
#3596=VECTOR('',#10606,10.);
#3597=VECTOR('',#10609,10.);
#3598=VECTOR('',#10610,10.);
#3599=VECTOR('',#10613,10.);
#3600=VECTOR('',#10614,10.);
#3601=VECTOR('',#10617,10.);
#3602=VECTOR('',#10618,10.);
#3603=VECTOR('',#10621,10.);
#3604=VECTOR('',#10622,10.);
#3605=VECTOR('',#10625,10.);
#3606=VECTOR('',#10626,10.);
#3607=VECTOR('',#10629,10.);
#3608=VECTOR('',#10630,10.);
#3609=VECTOR('',#10633,10.);
#3610=VECTOR('',#10634,10.);
#3611=VECTOR('',#10637,10.);
#3612=VECTOR('',#10638,10.);
#3613=VECTOR('',#10641,10.);
#3614=VECTOR('',#10642,10.);
#3615=VECTOR('',#10645,10.);
#3616=VECTOR('',#10646,10.);
#3617=VECTOR('',#10649,10.);
#3618=VECTOR('',#10650,10.);
#3619=VECTOR('',#10653,10.);
#3620=VECTOR('',#10654,10.);
#3621=VECTOR('',#10657,10.);
#3622=VECTOR('',#10658,10.);
#3623=VECTOR('',#10661,10.);
#3624=VECTOR('',#10662,10.);
#3625=VECTOR('',#10665,10.);
#3626=VECTOR('',#10666,10.);
#3627=VECTOR('',#10669,10.);
#3628=VECTOR('',#10670,10.);
#3629=VECTOR('',#10673,10.);
#3630=VECTOR('',#10674,10.);
#3631=VECTOR('',#10677,10.);
#3632=VECTOR('',#10678,10.);
#3633=VECTOR('',#10681,10.);
#3634=VECTOR('',#10682,10.);
#3635=VECTOR('',#10685,10.);
#3636=VECTOR('',#10686,10.);
#3637=VECTOR('',#10689,10.);
#3638=VECTOR('',#10690,10.);
#3639=VECTOR('',#10693,10.);
#3640=VECTOR('',#10694,10.);
#3641=VECTOR('',#10697,10.);
#3642=VECTOR('',#10698,10.);
#3643=VECTOR('',#10701,10.);
#3644=VECTOR('',#10702,10.);
#3645=VECTOR('',#10705,10.);
#3646=VECTOR('',#10706,10.);
#3647=VECTOR('',#10709,10.);
#3648=VECTOR('',#10710,10.);
#3649=VECTOR('',#10713,10.);
#3650=VECTOR('',#10714,10.);
#3651=VECTOR('',#10717,10.);
#3652=VECTOR('',#10718,10.);
#3653=VECTOR('',#10721,10.);
#3654=VECTOR('',#10722,10.);
#3655=VECTOR('',#10725,10.);
#3656=VECTOR('',#10728,10.);
#3657=VECTOR('',#10729,10.);
#3658=VECTOR('',#10730,10.);
#3659=VECTOR('',#10733,10.);
#3660=VECTOR('',#10734,10.);
#3661=VECTOR('',#10737,10.);
#3662=VECTOR('',#10738,10.);
#3663=VECTOR('',#10741,10.);
#3664=VECTOR('',#10744,10.);
#3665=VECTOR('',#10745,10.);
#3666=VECTOR('',#10746,10.);
#3667=VECTOR('',#10749,10.);
#3668=VECTOR('',#10750,10.);
#3669=VECTOR('',#10753,10.);
#3670=VECTOR('',#10754,10.);
#3671=VECTOR('',#10757,10.);
#3672=VECTOR('',#10760,10.);
#3673=VECTOR('',#10761,10.);
#3674=VECTOR('',#10762,10.);
#3675=VECTOR('',#10765,10.);
#3676=VECTOR('',#10766,10.);
#3677=VECTOR('',#10769,10.);
#3678=VECTOR('',#10770,10.);
#3679=VECTOR('',#10773,10.);
#3680=VECTOR('',#10776,10.);
#3681=VECTOR('',#10777,10.);
#3682=VECTOR('',#10778,10.);
#3683=VECTOR('',#10781,10.);
#3684=VECTOR('',#10782,10.);
#3685=VECTOR('',#10785,10.);
#3686=VECTOR('',#10786,10.);
#3687=VECTOR('',#10789,10.);
#3688=VECTOR('',#10792,10.);
#3689=VECTOR('',#10793,10.);
#3690=VECTOR('',#10794,10.);
#3691=VECTOR('',#10797,10.);
#3692=VECTOR('',#10798,10.);
#3693=VECTOR('',#10801,10.);
#3694=VECTOR('',#10802,10.);
#3695=VECTOR('',#10805,10.);
#3696=VECTOR('',#10808,10.);
#3697=VECTOR('',#10809,10.);
#3698=VECTOR('',#10810,10.);
#3699=VECTOR('',#10813,10.);
#3700=VECTOR('',#10814,10.);
#3701=VECTOR('',#10817,10.);
#3702=VECTOR('',#10818,10.);
#3703=VECTOR('',#10821,10.);
#3704=VECTOR('',#10824,10.);
#3705=VECTOR('',#10825,10.);
#3706=VECTOR('',#10826,10.);
#3707=VECTOR('',#10829,10.);
#3708=VECTOR('',#10830,10.);
#3709=VECTOR('',#10833,10.);
#3710=VECTOR('',#10834,10.);
#3711=VECTOR('',#10837,10.);
#3712=VECTOR('',#10840,10.);
#3713=VECTOR('',#10841,10.);
#3714=VECTOR('',#10842,10.);
#3715=VECTOR('',#10845,10.);
#3716=VECTOR('',#10846,10.);
#3717=VECTOR('',#10849,10.);
#3718=VECTOR('',#10850,10.);
#3719=VECTOR('',#10853,10.);
#3720=VECTOR('',#10856,10.);
#3721=VECTOR('',#10857,10.);
#3722=VECTOR('',#10858,10.);
#3723=VECTOR('',#10861,10.);
#3724=VECTOR('',#10862,10.);
#3725=VECTOR('',#10865,10.);
#3726=VECTOR('',#10866,10.);
#3727=VECTOR('',#10869,10.);
#3728=VECTOR('',#10872,10.);
#3729=VECTOR('',#10873,10.);
#3730=VECTOR('',#10874,10.);
#3731=VECTOR('',#10877,10.);
#3732=VECTOR('',#10878,10.);
#3733=VECTOR('',#10881,10.);
#3734=VECTOR('',#10882,10.);
#3735=VECTOR('',#10885,10.);
#3736=VECTOR('',#10888,10.);
#3737=VECTOR('',#10889,10.);
#3738=VECTOR('',#10890,10.);
#3739=VECTOR('',#10893,10.);
#3740=VECTOR('',#10894,10.);
#3741=VECTOR('',#10897,10.);
#3742=VECTOR('',#10898,10.);
#3743=VECTOR('',#10901,10.);
#3744=VECTOR('',#10904,10.);
#3745=VECTOR('',#10905,10.);
#3746=VECTOR('',#10906,10.);
#3747=VECTOR('',#10909,10.);
#3748=VECTOR('',#10910,10.);
#3749=VECTOR('',#10913,10.);
#3750=VECTOR('',#10914,10.);
#3751=VECTOR('',#10917,10.);
#3752=VECTOR('',#10920,10.);
#3753=VECTOR('',#10921,10.);
#3754=VECTOR('',#10922,10.);
#3755=VECTOR('',#10925,10.);
#3756=VECTOR('',#10926,10.);
#3757=VECTOR('',#10929,10.);
#3758=VECTOR('',#10930,10.);
#3759=VECTOR('',#10933,10.);
#3760=VECTOR('',#10936,10.);
#3761=VECTOR('',#10937,10.);
#3762=VECTOR('',#10938,10.);
#3763=VECTOR('',#10941,10.);
#3764=VECTOR('',#10942,10.);
#3765=VECTOR('',#10945,10.);
#3766=VECTOR('',#10946,10.);
#3767=VECTOR('',#10949,10.);
#3768=VECTOR('',#10952,10.);
#3769=VECTOR('',#10953,10.);
#3770=VECTOR('',#10954,10.);
#3771=VECTOR('',#10957,10.);
#3772=VECTOR('',#10958,10.);
#3773=VECTOR('',#10961,10.);
#3774=VECTOR('',#10962,10.);
#3775=VECTOR('',#10965,10.);
#3776=VECTOR('',#10968,10.);
#3777=VECTOR('',#10969,10.);
#3778=VECTOR('',#10970,10.);
#3779=VECTOR('',#10973,10.);
#3780=VECTOR('',#10974,10.);
#3781=VECTOR('',#10977,10.);
#3782=VECTOR('',#10978,10.);
#3783=VECTOR('',#10981,10.);
#3784=VECTOR('',#10984,10.);
#3785=VECTOR('',#10985,10.);
#3786=VECTOR('',#10986,10.);
#3787=VECTOR('',#10989,10.);
#3788=VECTOR('',#10990,10.);
#3789=VECTOR('',#10993,10.);
#3790=VECTOR('',#10994,10.);
#3791=VECTOR('',#10997,10.);
#3792=VECTOR('',#11000,10.);
#3793=VECTOR('',#11001,10.);
#3794=VECTOR('',#11002,10.);
#3795=VECTOR('',#11005,10.);
#3796=VECTOR('',#11006,10.);
#3797=VECTOR('',#11009,10.);
#3798=VECTOR('',#11010,10.);
#3799=VECTOR('',#11013,10.);
#3800=VECTOR('',#11016,10.);
#3801=VECTOR('',#11017,10.);
#3802=VECTOR('',#11018,10.);
#3803=VECTOR('',#11021,10.);
#3804=VECTOR('',#11022,10.);
#3805=VECTOR('',#11025,10.);
#3806=VECTOR('',#11026,10.);
#3807=VECTOR('',#11029,10.);
#3808=VECTOR('',#11032,10.);
#3809=VECTOR('',#11033,10.);
#3810=VECTOR('',#11034,10.);
#3811=VECTOR('',#11037,10.);
#3812=VECTOR('',#11038,10.);
#3813=VECTOR('',#11041,10.);
#3814=VECTOR('',#11042,10.);
#3815=VECTOR('',#11045,10.);
#3816=VECTOR('',#11046,10.);
#3817=VECTOR('',#11049,10.);
#3818=VECTOR('',#11050,10.);
#3819=VECTOR('',#11053,10.);
#3820=VECTOR('',#11054,10.);
#3821=VECTOR('',#11057,10.);
#3822=VECTOR('',#11058,10.);
#3823=VECTOR('',#11061,10.);
#3824=VECTOR('',#11062,10.);
#3825=VECTOR('',#11065,10.);
#3826=VECTOR('',#11066,10.);
#3827=VECTOR('',#11069,10.);
#3828=VECTOR('',#11070,10.);
#3829=VECTOR('',#11073,10.);
#3830=VECTOR('',#11074,10.);
#3831=VECTOR('',#11077,10.);
#3832=VECTOR('',#11078,10.);
#3833=VECTOR('',#11081,10.);
#3834=VECTOR('',#11082,10.);
#3835=VECTOR('',#11085,10.);
#3836=VECTOR('',#11086,10.);
#3837=VECTOR('',#11089,10.);
#3838=VECTOR('',#11090,10.);
#3839=VECTOR('',#11093,10.);
#3840=VECTOR('',#11094,10.);
#3841=VECTOR('',#11097,10.);
#3842=VECTOR('',#11098,10.);
#3843=VECTOR('',#11101,10.);
#3844=VECTOR('',#11102,10.);
#3845=VECTOR('',#11105,10.);
#3846=VECTOR('',#11106,10.);
#3847=VECTOR('',#11109,10.);
#3848=VECTOR('',#11110,10.);
#3849=VECTOR('',#11113,10.);
#3850=VECTOR('',#11114,10.);
#3851=VECTOR('',#11117,10.);
#3852=VECTOR('',#11118,10.);
#3853=VECTOR('',#11121,10.);
#3854=VECTOR('',#11122,10.);
#3855=VECTOR('',#11125,10.);
#3856=VECTOR('',#11126,10.);
#3857=VECTOR('',#11129,10.);
#3858=VECTOR('',#11130,10.);
#3859=VECTOR('',#11133,10.);
#3860=VECTOR('',#11134,10.);
#3861=VECTOR('',#11137,10.);
#3862=VECTOR('',#11138,10.);
#3863=VECTOR('',#11141,10.);
#3864=VECTOR('',#11142,10.);
#3865=VECTOR('',#11145,10.);
#3866=VECTOR('',#11146,10.);
#3867=VECTOR('',#11149,10.);
#3868=VECTOR('',#11150,10.);
#3869=VECTOR('',#11153,10.);
#3870=VECTOR('',#11154,10.);
#3871=VECTOR('',#11157,10.);
#3872=VECTOR('',#11158,10.);
#3873=VECTOR('',#11161,10.);
#3874=VECTOR('',#11162,10.);
#3875=VECTOR('',#11165,10.);
#3876=VECTOR('',#11166,10.);
#3877=VECTOR('',#11169,10.);
#3878=VECTOR('',#11170,10.);
#3879=VECTOR('',#11173,10.);
#3880=VECTOR('',#11176,10.);
#3881=VECTOR('',#11177,10.);
#3882=VECTOR('',#11180,10.);
#3883=VECTOR('',#11181,10.);
#3884=VECTOR('',#11184,10.);
#3885=CIRCLE('',#8744,1.5);
#3886=CIRCLE('',#8745,1.5);
#3887=CIRCLE('',#8747,1.49999999999999);
#3888=CIRCLE('',#8748,1.49999999999999);
#3889=CIRCLE('',#8750,1.5);
#3890=CIRCLE('',#8751,1.5);
#3891=CIRCLE('',#8753,1.49999999999999);
#3892=CIRCLE('',#8754,1.49999999999999);
#3893=CIRCLE('',#8758,2.);
#3894=CIRCLE('',#8759,2.);
#3895=CIRCLE('',#8762,2.);
#3896=CIRCLE('',#8763,2.);
#3897=VERTEX_POINT('',#11189);
#3898=VERTEX_POINT('',#11191);
#3899=VERTEX_POINT('',#11195);
#3900=VERTEX_POINT('',#11197);
#3901=VERTEX_POINT('',#11201);
#3902=VERTEX_POINT('',#11203);
#3903=VERTEX_POINT('',#11207);
#3904=VERTEX_POINT('',#11209);
#3905=VERTEX_POINT('',#11213);
#3906=VERTEX_POINT('',#11214);
#3907=VERTEX_POINT('',#11216);
#3908=VERTEX_POINT('',#11218);
#3909=VERTEX_POINT('',#11222);
#3910=VERTEX_POINT('',#11223);
#3911=VERTEX_POINT('',#11225);
#3912=VERTEX_POINT('',#11227);
#3913=VERTEX_POINT('',#11231);
#3914=VERTEX_POINT('',#11232);
#3915=VERTEX_POINT('',#11234);
#3916=VERTEX_POINT('',#11236);
#3917=VERTEX_POINT('',#11243);
#3918=VERTEX_POINT('',#11244);
#3919=VERTEX_POINT('',#11246);
#3920=VERTEX_POINT('',#11248);
#3921=VERTEX_POINT('',#11258);
#3922=VERTEX_POINT('',#11260);
#3923=VERTEX_POINT('',#11263);
#3924=VERTEX_POINT('',#11264);
#3925=VERTEX_POINT('',#11266);
#3926=VERTEX_POINT('',#11268);
#3927=VERTEX_POINT('',#11270);
#3928=VERTEX_POINT('',#11272);
#3929=VERTEX_POINT('',#11274);
#3930=VERTEX_POINT('',#11276);
#3931=VERTEX_POINT('',#11278);
#3932=VERTEX_POINT('',#11280);
#3933=VERTEX_POINT('',#11282);
#3934=VERTEX_POINT('',#11284);
#3935=VERTEX_POINT('',#11286);
#3936=VERTEX_POINT('',#11288);
#3937=VERTEX_POINT('',#11290);
#3938=VERTEX_POINT('',#11292);
#3939=VERTEX_POINT('',#11294);
#3940=VERTEX_POINT('',#11296);
#3941=VERTEX_POINT('',#11298);
#3942=VERTEX_POINT('',#11300);
#3943=VERTEX_POINT('',#11302);
#3944=VERTEX_POINT('',#11304);
#3945=VERTEX_POINT('',#11306);
#3946=VERTEX_POINT('',#11308);
#3947=VERTEX_POINT('',#11310);
#3948=VERTEX_POINT('',#11312);
#3949=VERTEX_POINT('',#11314);
#3950=VERTEX_POINT('',#11316);
#3951=VERTEX_POINT('',#11318);
#3952=VERTEX_POINT('',#11320);
#3953=VERTEX_POINT('',#11322);
#3954=VERTEX_POINT('',#11324);
#3955=VERTEX_POINT('',#11326);
#3956=VERTEX_POINT('',#11328);
#3957=VERTEX_POINT('',#11330);
#3958=VERTEX_POINT('',#11332);
#3959=VERTEX_POINT('',#11335);
#3960=VERTEX_POINT('',#11336);
#3961=VERTEX_POINT('',#11338);
#3962=VERTEX_POINT('',#11340);
#3963=VERTEX_POINT('',#11343);
#3964=VERTEX_POINT('',#11344);
#3965=VERTEX_POINT('',#11346);
#3966=VERTEX_POINT('',#11348);
#3967=VERTEX_POINT('',#11351);
#3968=VERTEX_POINT('',#11352);
#3969=VERTEX_POINT('',#11354);
#3970=VERTEX_POINT('',#11356);
#3971=VERTEX_POINT('',#11359);
#3972=VERTEX_POINT('',#11360);
#3973=VERTEX_POINT('',#11362);
#3974=VERTEX_POINT('',#11364);
#3975=VERTEX_POINT('',#11367);
#3976=VERTEX_POINT('',#11368);
#3977=VERTEX_POINT('',#11370);
#3978=VERTEX_POINT('',#11372);
#3979=VERTEX_POINT('',#11375);
#3980=VERTEX_POINT('',#11376);
#3981=VERTEX_POINT('',#11378);
#3982=VERTEX_POINT('',#11380);
#3983=VERTEX_POINT('',#11383);
#3984=VERTEX_POINT('',#11384);
#3985=VERTEX_POINT('',#11386);
#3986=VERTEX_POINT('',#11388);
#3987=VERTEX_POINT('',#11391);
#3988=VERTEX_POINT('',#11392);
#3989=VERTEX_POINT('',#11394);
#3990=VERTEX_POINT('',#11396);
#3991=VERTEX_POINT('',#11399);
#3992=VERTEX_POINT('',#11400);
#3993=VERTEX_POINT('',#11402);
#3994=VERTEX_POINT('',#11404);
#3995=VERTEX_POINT('',#11407);
#3996=VERTEX_POINT('',#11408);
#3997=VERTEX_POINT('',#11410);
#3998=VERTEX_POINT('',#11412);
#3999=VERTEX_POINT('',#11415);
#4000=VERTEX_POINT('',#11416);
#4001=VERTEX_POINT('',#11418);
#4002=VERTEX_POINT('',#11420);
#4003=VERTEX_POINT('',#11423);
#4004=VERTEX_POINT('',#11424);
#4005=VERTEX_POINT('',#11426);
#4006=VERTEX_POINT('',#11428);
#4007=VERTEX_POINT('',#11431);
#4008=VERTEX_POINT('',#11432);
#4009=VERTEX_POINT('',#11434);
#4010=VERTEX_POINT('',#11436);
#4011=VERTEX_POINT('',#11439);
#4012=VERTEX_POINT('',#11440);
#4013=VERTEX_POINT('',#11442);
#4014=VERTEX_POINT('',#11444);
#4015=VERTEX_POINT('',#11447);
#4016=VERTEX_POINT('',#11448);
#4017=VERTEX_POINT('',#11450);
#4018=VERTEX_POINT('',#11452);
#4019=VERTEX_POINT('',#11455);
#4020=VERTEX_POINT('',#11456);
#4021=VERTEX_POINT('',#11458);
#4022=VERTEX_POINT('',#11460);
#4023=VERTEX_POINT('',#11463);
#4024=VERTEX_POINT('',#11464);
#4025=VERTEX_POINT('',#11466);
#4026=VERTEX_POINT('',#11468);
#4027=VERTEX_POINT('',#11471);
#4028=VERTEX_POINT('',#11472);
#4029=VERTEX_POINT('',#11474);
#4030=VERTEX_POINT('',#11476);
#4031=VERTEX_POINT('',#11479);
#4032=VERTEX_POINT('',#11480);
#4033=VERTEX_POINT('',#11482);
#4034=VERTEX_POINT('',#11484);
#4035=VERTEX_POINT('',#11487);
#4036=VERTEX_POINT('',#11488);
#4037=VERTEX_POINT('',#11490);
#4038=VERTEX_POINT('',#11492);
#4039=VERTEX_POINT('',#11494);
#4040=VERTEX_POINT('',#11496);
#4041=VERTEX_POINT('',#11498);
#4042=VERTEX_POINT('',#11500);
#4043=VERTEX_POINT('',#11502);
#4044=VERTEX_POINT('',#11504);
#4045=VERTEX_POINT('',#11506);
#4046=VERTEX_POINT('',#11508);
#4047=VERTEX_POINT('',#11510);
#4048=VERTEX_POINT('',#11512);
#4049=VERTEX_POINT('',#11514);
#4050=VERTEX_POINT('',#11516);
#4051=VERTEX_POINT('',#11518);
#4052=VERTEX_POINT('',#11520);
#4053=VERTEX_POINT('',#11522);
#4054=VERTEX_POINT('',#11524);
#4055=VERTEX_POINT('',#11526);
#4056=VERTEX_POINT('',#11528);
#4057=VERTEX_POINT('',#11530);
#4058=VERTEX_POINT('',#11532);
#4059=VERTEX_POINT('',#11534);
#4060=VERTEX_POINT('',#11536);
#4061=VERTEX_POINT('',#11538);
#4062=VERTEX_POINT('',#11540);
#4063=VERTEX_POINT('',#11542);
#4064=VERTEX_POINT('',#11544);
#4065=VERTEX_POINT('',#11546);
#4066=VERTEX_POINT('',#11548);
#4067=VERTEX_POINT('',#11550);
#4068=VERTEX_POINT('',#11552);
#4069=VERTEX_POINT('',#11554);
#4070=VERTEX_POINT('',#11556);
#4071=VERTEX_POINT('',#11559);
#4072=VERTEX_POINT('',#11560);
#4073=VERTEX_POINT('',#11562);
#4074=VERTEX_POINT('',#11564);
#4075=VERTEX_POINT('',#11567);
#4076=VERTEX_POINT('',#11568);
#4077=VERTEX_POINT('',#11570);
#4078=VERTEX_POINT('',#11572);
#4079=VERTEX_POINT('',#11575);
#4080=VERTEX_POINT('',#11576);
#4081=VERTEX_POINT('',#11578);
#4082=VERTEX_POINT('',#11580);
#4083=VERTEX_POINT('',#11583);
#4084=VERTEX_POINT('',#11584);
#4085=VERTEX_POINT('',#11586);
#4086=VERTEX_POINT('',#11588);
#4087=VERTEX_POINT('',#11591);
#4088=VERTEX_POINT('',#11592);
#4089=VERTEX_POINT('',#11594);
#4090=VERTEX_POINT('',#11596);
#4091=VERTEX_POINT('',#11599);
#4092=VERTEX_POINT('',#11600);
#4093=VERTEX_POINT('',#11602);
#4094=VERTEX_POINT('',#11604);
#4095=VERTEX_POINT('',#11607);
#4096=VERTEX_POINT('',#11608);
#4097=VERTEX_POINT('',#11610);
#4098=VERTEX_POINT('',#11612);
#4099=VERTEX_POINT('',#11615);
#4100=VERTEX_POINT('',#11616);
#4101=VERTEX_POINT('',#11618);
#4102=VERTEX_POINT('',#11620);
#4103=VERTEX_POINT('',#11623);
#4104=VERTEX_POINT('',#11624);
#4105=VERTEX_POINT('',#11626);
#4106=VERTEX_POINT('',#11628);
#4107=VERTEX_POINT('',#11631);
#4108=VERTEX_POINT('',#11632);
#4109=VERTEX_POINT('',#11634);
#4110=VERTEX_POINT('',#11636);
#4111=VERTEX_POINT('',#11639);
#4112=VERTEX_POINT('',#11640);
#4113=VERTEX_POINT('',#11642);
#4114=VERTEX_POINT('',#11644);
#4115=VERTEX_POINT('',#11647);
#4116=VERTEX_POINT('',#11648);
#4117=VERTEX_POINT('',#11650);
#4118=VERTEX_POINT('',#11652);
#4119=VERTEX_POINT('',#11655);
#4120=VERTEX_POINT('',#11656);
#4121=VERTEX_POINT('',#11658);
#4122=VERTEX_POINT('',#11660);
#4123=VERTEX_POINT('',#11662);
#4124=VERTEX_POINT('',#11664);
#4125=VERTEX_POINT('',#11666);
#4126=VERTEX_POINT('',#11668);
#4127=VERTEX_POINT('',#11670);
#4128=VERTEX_POINT('',#11672);
#4129=VERTEX_POINT('',#11674);
#4130=VERTEX_POINT('',#11676);
#4131=VERTEX_POINT('',#11678);
#4132=VERTEX_POINT('',#11680);
#4133=VERTEX_POINT('',#11682);
#4134=VERTEX_POINT('',#11684);
#4135=VERTEX_POINT('',#11686);
#4136=VERTEX_POINT('',#11688);
#4137=VERTEX_POINT('',#11690);
#4138=VERTEX_POINT('',#11692);
#4139=VERTEX_POINT('',#11694);
#4140=VERTEX_POINT('',#11696);
#4141=VERTEX_POINT('',#11698);
#4142=VERTEX_POINT('',#11700);
#4143=VERTEX_POINT('',#11702);
#4144=VERTEX_POINT('',#11704);
#4145=VERTEX_POINT('',#11706);
#4146=VERTEX_POINT('',#11708);
#4147=VERTEX_POINT('',#11710);
#4148=VERTEX_POINT('',#11712);
#4149=VERTEX_POINT('',#11714);
#4150=VERTEX_POINT('',#11716);
#4151=VERTEX_POINT('',#11718);
#4152=VERTEX_POINT('',#11720);
#4153=VERTEX_POINT('',#11722);
#4154=VERTEX_POINT('',#11724);
#4155=VERTEX_POINT('',#11727);
#4156=VERTEX_POINT('',#11728);
#4157=VERTEX_POINT('',#11730);
#4158=VERTEX_POINT('',#11732);
#4159=VERTEX_POINT('',#11735);
#4160=VERTEX_POINT('',#11736);
#4161=VERTEX_POINT('',#11738);
#4162=VERTEX_POINT('',#11740);
#4163=VERTEX_POINT('',#11743);
#4164=VERTEX_POINT('',#11744);
#4165=VERTEX_POINT('',#11746);
#4166=VERTEX_POINT('',#11748);
#4167=VERTEX_POINT('',#11751);
#4168=VERTEX_POINT('',#11752);
#4169=VERTEX_POINT('',#11754);
#4170=VERTEX_POINT('',#11756);
#4171=VERTEX_POINT('',#11759);
#4172=VERTEX_POINT('',#11760);
#4173=VERTEX_POINT('',#11762);
#4174=VERTEX_POINT('',#11764);
#4175=VERTEX_POINT('',#11767);
#4176=VERTEX_POINT('',#11768);
#4177=VERTEX_POINT('',#11770);
#4178=VERTEX_POINT('',#11772);
#4179=VERTEX_POINT('',#11775);
#4180=VERTEX_POINT('',#11776);
#4181=VERTEX_POINT('',#11778);
#4182=VERTEX_POINT('',#11780);
#4183=VERTEX_POINT('',#11783);
#4184=VERTEX_POINT('',#11784);
#4185=VERTEX_POINT('',#11786);
#4186=VERTEX_POINT('',#11788);
#4187=VERTEX_POINT('',#11791);
#4188=VERTEX_POINT('',#11792);
#4189=VERTEX_POINT('',#11794);
#4190=VERTEX_POINT('',#11796);
#4191=VERTEX_POINT('',#11799);
#4192=VERTEX_POINT('',#11800);
#4193=VERTEX_POINT('',#11802);
#4194=VERTEX_POINT('',#11804);
#4195=VERTEX_POINT('',#11807);
#4196=VERTEX_POINT('',#11808);
#4197=VERTEX_POINT('',#11810);
#4198=VERTEX_POINT('',#11812);
#4199=VERTEX_POINT('',#11815);
#4200=VERTEX_POINT('',#11816);
#4201=VERTEX_POINT('',#11818);
#4202=VERTEX_POINT('',#11820);
#4203=VERTEX_POINT('',#11822);
#4204=VERTEX_POINT('',#11824);
#4205=VERTEX_POINT('',#11826);
#4206=VERTEX_POINT('',#11828);
#4207=VERTEX_POINT('',#11830);
#4208=VERTEX_POINT('',#11832);
#4209=VERTEX_POINT('',#11834);
#4210=VERTEX_POINT('',#11836);
#4211=VERTEX_POINT('',#11838);
#4212=VERTEX_POINT('',#11840);
#4213=VERTEX_POINT('',#11842);
#4214=VERTEX_POINT('',#11844);
#4215=VERTEX_POINT('',#11846);
#4216=VERTEX_POINT('',#11848);
#4217=VERTEX_POINT('',#11850);
#4218=VERTEX_POINT('',#11852);
#4219=VERTEX_POINT('',#11854);
#4220=VERTEX_POINT('',#11856);
#4221=VERTEX_POINT('',#11858);
#4222=VERTEX_POINT('',#11860);
#4223=VERTEX_POINT('',#11862);
#4224=VERTEX_POINT('',#11864);
#4225=VERTEX_POINT('',#11866);
#4226=VERTEX_POINT('',#11868);
#4227=VERTEX_POINT('',#11870);
#4228=VERTEX_POINT('',#11872);
#4229=VERTEX_POINT('',#11874);
#4230=VERTEX_POINT('',#11876);
#4231=VERTEX_POINT('',#11878);
#4232=VERTEX_POINT('',#11880);
#4233=VERTEX_POINT('',#11882);
#4234=VERTEX_POINT('',#11884);
#4235=VERTEX_POINT('',#11887);
#4236=VERTEX_POINT('',#11888);
#4237=VERTEX_POINT('',#11890);
#4238=VERTEX_POINT('',#11892);
#4239=VERTEX_POINT('',#11895);
#4240=VERTEX_POINT('',#11896);
#4241=VERTEX_POINT('',#11898);
#4242=VERTEX_POINT('',#11900);
#4243=VERTEX_POINT('',#11903);
#4244=VERTEX_POINT('',#11904);
#4245=VERTEX_POINT('',#11906);
#4246=VERTEX_POINT('',#11908);
#4247=VERTEX_POINT('',#11911);
#4248=VERTEX_POINT('',#11912);
#4249=VERTEX_POINT('',#11914);
#4250=VERTEX_POINT('',#11916);
#4251=VERTEX_POINT('',#11919);
#4252=VERTEX_POINT('',#11920);
#4253=VERTEX_POINT('',#11922);
#4254=VERTEX_POINT('',#11924);
#4255=VERTEX_POINT('',#11927);
#4256=VERTEX_POINT('',#11928);
#4257=VERTEX_POINT('',#11930);
#4258=VERTEX_POINT('',#11932);
#4259=VERTEX_POINT('',#11935);
#4260=VERTEX_POINT('',#11936);
#4261=VERTEX_POINT('',#11938);
#4262=VERTEX_POINT('',#11940);
#4263=VERTEX_POINT('',#11943);
#4264=VERTEX_POINT('',#11944);
#4265=VERTEX_POINT('',#11946);
#4266=VERTEX_POINT('',#11948);
#4267=VERTEX_POINT('',#11951);
#4268=VERTEX_POINT('',#11952);
#4269=VERTEX_POINT('',#11954);
#4270=VERTEX_POINT('',#11956);
#4271=VERTEX_POINT('',#11959);
#4272=VERTEX_POINT('',#11960);
#4273=VERTEX_POINT('',#11962);
#4274=VERTEX_POINT('',#11964);
#4275=VERTEX_POINT('',#11967);
#4276=VERTEX_POINT('',#11968);
#4277=VERTEX_POINT('',#11970);
#4278=VERTEX_POINT('',#11972);
#4279=VERTEX_POINT('',#11975);
#4280=VERTEX_POINT('',#11976);
#4281=VERTEX_POINT('',#11978);
#4282=VERTEX_POINT('',#11980);
#4283=VERTEX_POINT('',#11983);
#4284=VERTEX_POINT('',#11984);
#4285=VERTEX_POINT('',#11986);
#4286=VERTEX_POINT('',#11988);
#4287=VERTEX_POINT('',#11991);
#4288=VERTEX_POINT('',#11992);
#4289=VERTEX_POINT('',#11994);
#4290=VERTEX_POINT('',#11996);
#4291=VERTEX_POINT('',#11999);
#4292=VERTEX_POINT('',#12000);
#4293=VERTEX_POINT('',#12002);
#4294=VERTEX_POINT('',#12004);
#4295=VERTEX_POINT('',#12007);
#4296=VERTEX_POINT('',#12008);
#4297=VERTEX_POINT('',#12010);
#4298=VERTEX_POINT('',#12012);
#4299=VERTEX_POINT('',#12015);
#4300=VERTEX_POINT('',#12016);
#4301=VERTEX_POINT('',#12018);
#4302=VERTEX_POINT('',#12020);
#4303=VERTEX_POINT('',#12023);
#4304=VERTEX_POINT('',#12024);
#4305=VERTEX_POINT('',#12026);
#4306=VERTEX_POINT('',#12028);
#4307=VERTEX_POINT('',#12031);
#4308=VERTEX_POINT('',#12032);
#4309=VERTEX_POINT('',#12034);
#4310=VERTEX_POINT('',#12036);
#4311=VERTEX_POINT('',#12040);
#4312=VERTEX_POINT('',#12042);
#4313=VERTEX_POINT('',#12046);
#4314=VERTEX_POINT('',#12050);
#4315=VERTEX_POINT('',#12056);
#4316=VERTEX_POINT('',#12058);
#4317=VERTEX_POINT('',#12062);
#4318=VERTEX_POINT('',#12066);
#4319=VERTEX_POINT('',#12072);
#4320=VERTEX_POINT('',#12074);
#4321=VERTEX_POINT('',#12078);
#4322=VERTEX_POINT('',#12082);
#4323=VERTEX_POINT('',#12088);
#4324=VERTEX_POINT('',#12090);
#4325=VERTEX_POINT('',#12094);
#4326=VERTEX_POINT('',#12098);
#4327=VERTEX_POINT('',#12104);
#4328=VERTEX_POINT('',#12106);
#4329=VERTEX_POINT('',#12110);
#4330=VERTEX_POINT('',#12114);
#4331=VERTEX_POINT('',#12120);
#4332=VERTEX_POINT('',#12122);
#4333=VERTEX_POINT('',#12126);
#4334=VERTEX_POINT('',#12130);
#4335=VERTEX_POINT('',#12136);
#4336=VERTEX_POINT('',#12138);
#4337=VERTEX_POINT('',#12142);
#4338=VERTEX_POINT('',#12146);
#4339=VERTEX_POINT('',#12152);
#4340=VERTEX_POINT('',#12154);
#4341=VERTEX_POINT('',#12158);
#4342=VERTEX_POINT('',#12162);
#4343=VERTEX_POINT('',#12168);
#4344=VERTEX_POINT('',#12170);
#4345=VERTEX_POINT('',#12174);
#4346=VERTEX_POINT('',#12178);
#4347=VERTEX_POINT('',#12184);
#4348=VERTEX_POINT('',#12186);
#4349=VERTEX_POINT('',#12190);
#4350=VERTEX_POINT('',#12194);
#4351=VERTEX_POINT('',#12200);
#4352=VERTEX_POINT('',#12202);
#4353=VERTEX_POINT('',#12206);
#4354=VERTEX_POINT('',#12210);
#4355=VERTEX_POINT('',#12216);
#4356=VERTEX_POINT('',#12218);
#4357=VERTEX_POINT('',#12222);
#4358=VERTEX_POINT('',#12226);
#4359=VERTEX_POINT('',#12232);
#4360=VERTEX_POINT('',#12234);
#4361=VERTEX_POINT('',#12238);
#4362=VERTEX_POINT('',#12242);
#4363=VERTEX_POINT('',#12248);
#4364=VERTEX_POINT('',#12250);
#4365=VERTEX_POINT('',#12254);
#4366=VERTEX_POINT('',#12258);
#4367=VERTEX_POINT('',#12264);
#4368=VERTEX_POINT('',#12266);
#4369=VERTEX_POINT('',#12270);
#4370=VERTEX_POINT('',#12274);
#4371=VERTEX_POINT('',#12280);
#4372=VERTEX_POINT('',#12282);
#4373=VERTEX_POINT('',#12286);
#4374=VERTEX_POINT('',#12290);
#4375=VERTEX_POINT('',#12296);
#4376=VERTEX_POINT('',#12298);
#4377=VERTEX_POINT('',#12302);
#4378=VERTEX_POINT('',#12306);
#4379=VERTEX_POINT('',#12312);
#4380=VERTEX_POINT('',#12314);
#4381=VERTEX_POINT('',#12318);
#4382=VERTEX_POINT('',#12322);
#4383=VERTEX_POINT('',#12328);
#4384=VERTEX_POINT('',#12330);
#4385=VERTEX_POINT('',#12334);
#4386=VERTEX_POINT('',#12338);
#4387=VERTEX_POINT('',#12344);
#4388=VERTEX_POINT('',#12346);
#4389=VERTEX_POINT('',#12350);
#4390=VERTEX_POINT('',#12354);
#4391=VERTEX_POINT('',#12358);
#4392=VERTEX_POINT('',#12362);
#4393=VERTEX_POINT('',#12366);
#4394=VERTEX_POINT('',#12370);
#4395=VERTEX_POINT('',#12374);
#4396=VERTEX_POINT('',#12378);
#4397=VERTEX_POINT('',#12382);
#4398=VERTEX_POINT('',#12386);
#4399=VERTEX_POINT('',#12390);
#4400=VERTEX_POINT('',#12394);
#4401=VERTEX_POINT('',#12398);
#4402=VERTEX_POINT('',#12402);
#4403=VERTEX_POINT('',#12406);
#4404=VERTEX_POINT('',#12410);
#4405=VERTEX_POINT('',#12414);
#4406=VERTEX_POINT('',#12418);
#4407=VERTEX_POINT('',#12422);
#4408=VERTEX_POINT('',#12426);
#4409=VERTEX_POINT('',#12430);
#4410=VERTEX_POINT('',#12434);
#4411=VERTEX_POINT('',#12438);
#4412=VERTEX_POINT('',#12442);
#4413=VERTEX_POINT('',#12446);
#4414=VERTEX_POINT('',#12450);
#4415=VERTEX_POINT('',#12454);
#4416=VERTEX_POINT('',#12458);
#4417=VERTEX_POINT('',#12462);
#4418=VERTEX_POINT('',#12466);
#4419=VERTEX_POINT('',#12470);
#4420=VERTEX_POINT('',#12474);
#4421=VERTEX_POINT('',#12478);
#4422=VERTEX_POINT('',#12482);
#4423=VERTEX_POINT('',#12488);
#4424=VERTEX_POINT('',#12490);
#4425=VERTEX_POINT('',#12494);
#4426=VERTEX_POINT('',#12498);
#4427=VERTEX_POINT('',#12504);
#4428=VERTEX_POINT('',#12506);
#4429=VERTEX_POINT('',#12510);
#4430=VERTEX_POINT('',#12514);
#4431=VERTEX_POINT('',#12520);
#4432=VERTEX_POINT('',#12522);
#4433=VERTEX_POINT('',#12526);
#4434=VERTEX_POINT('',#12530);
#4435=VERTEX_POINT('',#12536);
#4436=VERTEX_POINT('',#12538);
#4437=VERTEX_POINT('',#12542);
#4438=VERTEX_POINT('',#12546);
#4439=VERTEX_POINT('',#12552);
#4440=VERTEX_POINT('',#12554);
#4441=VERTEX_POINT('',#12558);
#4442=VERTEX_POINT('',#12562);
#4443=VERTEX_POINT('',#12568);
#4444=VERTEX_POINT('',#12570);
#4445=VERTEX_POINT('',#12574);
#4446=VERTEX_POINT('',#12578);
#4447=VERTEX_POINT('',#12584);
#4448=VERTEX_POINT('',#12586);
#4449=VERTEX_POINT('',#12590);
#4450=VERTEX_POINT('',#12594);
#4451=VERTEX_POINT('',#12600);
#4452=VERTEX_POINT('',#12602);
#4453=VERTEX_POINT('',#12606);
#4454=VERTEX_POINT('',#12610);
#4455=VERTEX_POINT('',#12616);
#4456=VERTEX_POINT('',#12618);
#4457=VERTEX_POINT('',#12622);
#4458=VERTEX_POINT('',#12626);
#4459=VERTEX_POINT('',#12632);
#4460=VERTEX_POINT('',#12634);
#4461=VERTEX_POINT('',#12638);
#4462=VERTEX_POINT('',#12642);
#4463=VERTEX_POINT('',#12648);
#4464=VERTEX_POINT('',#12650);
#4465=VERTEX_POINT('',#12654);
#4466=VERTEX_POINT('',#12658);
#4467=VERTEX_POINT('',#12664);
#4468=VERTEX_POINT('',#12666);
#4469=VERTEX_POINT('',#12670);
#4470=VERTEX_POINT('',#12674);
#4471=VERTEX_POINT('',#12678);
#4472=VERTEX_POINT('',#12682);
#4473=VERTEX_POINT('',#12686);
#4474=VERTEX_POINT('',#12690);
#4475=VERTEX_POINT('',#12694);
#4476=VERTEX_POINT('',#12698);
#4477=VERTEX_POINT('',#12702);
#4478=VERTEX_POINT('',#12706);
#4479=VERTEX_POINT('',#12710);
#4480=VERTEX_POINT('',#12714);
#4481=VERTEX_POINT('',#12718);
#4482=VERTEX_POINT('',#12722);
#4483=VERTEX_POINT('',#12726);
#4484=VERTEX_POINT('',#12730);
#4485=VERTEX_POINT('',#12734);
#4486=VERTEX_POINT('',#12738);
#4487=VERTEX_POINT('',#12742);
#4488=VERTEX_POINT('',#12746);
#4489=VERTEX_POINT('',#12750);
#4490=VERTEX_POINT('',#12754);
#4491=VERTEX_POINT('',#12758);
#4492=VERTEX_POINT('',#12762);
#4493=VERTEX_POINT('',#12766);
#4494=VERTEX_POINT('',#12770);
#4495=VERTEX_POINT('',#12774);
#4496=VERTEX_POINT('',#12778);
#4497=VERTEX_POINT('',#12782);
#4498=VERTEX_POINT('',#12786);
#4499=VERTEX_POINT('',#12790);
#4500=VERTEX_POINT('',#12794);
#4501=VERTEX_POINT('',#12798);
#4502=VERTEX_POINT('',#12802);
#4503=VERTEX_POINT('',#12808);
#4504=VERTEX_POINT('',#12810);
#4505=VERTEX_POINT('',#12814);
#4506=VERTEX_POINT('',#12818);
#4507=VERTEX_POINT('',#12824);
#4508=VERTEX_POINT('',#12826);
#4509=VERTEX_POINT('',#12830);
#4510=VERTEX_POINT('',#12834);
#4511=VERTEX_POINT('',#12840);
#4512=VERTEX_POINT('',#12842);
#4513=VERTEX_POINT('',#12846);
#4514=VERTEX_POINT('',#12850);
#4515=VERTEX_POINT('',#12856);
#4516=VERTEX_POINT('',#12858);
#4517=VERTEX_POINT('',#12862);
#4518=VERTEX_POINT('',#12866);
#4519=VERTEX_POINT('',#12872);
#4520=VERTEX_POINT('',#12874);
#4521=VERTEX_POINT('',#12878);
#4522=VERTEX_POINT('',#12882);
#4523=VERTEX_POINT('',#12888);
#4524=VERTEX_POINT('',#12890);
#4525=VERTEX_POINT('',#12894);
#4526=VERTEX_POINT('',#12898);
#4527=VERTEX_POINT('',#12904);
#4528=VERTEX_POINT('',#12906);
#4529=VERTEX_POINT('',#12910);
#4530=VERTEX_POINT('',#12914);
#4531=VERTEX_POINT('',#12920);
#4532=VERTEX_POINT('',#12922);
#4533=VERTEX_POINT('',#12926);
#4534=VERTEX_POINT('',#12930);
#4535=VERTEX_POINT('',#12936);
#4536=VERTEX_POINT('',#12938);
#4537=VERTEX_POINT('',#12942);
#4538=VERTEX_POINT('',#12946);
#4539=VERTEX_POINT('',#12952);
#4540=VERTEX_POINT('',#12954);
#4541=VERTEX_POINT('',#12958);
#4542=VERTEX_POINT('',#12962);
#4543=VERTEX_POINT('',#12968);
#4544=VERTEX_POINT('',#12970);
#4545=VERTEX_POINT('',#12974);
#4546=VERTEX_POINT('',#12978);
#4547=VERTEX_POINT('',#12984);
#4548=VERTEX_POINT('',#12986);
#4549=VERTEX_POINT('',#12990);
#4550=VERTEX_POINT('',#12994);
#4551=VERTEX_POINT('',#13000);
#4552=VERTEX_POINT('',#13002);
#4553=VERTEX_POINT('',#13006);
#4554=VERTEX_POINT('',#13010);
#4555=VERTEX_POINT('',#13014);
#4556=VERTEX_POINT('',#13018);
#4557=VERTEX_POINT('',#13022);
#4558=VERTEX_POINT('',#13026);
#4559=VERTEX_POINT('',#13030);
#4560=VERTEX_POINT('',#13034);
#4561=VERTEX_POINT('',#13038);
#4562=VERTEX_POINT('',#13042);
#4563=VERTEX_POINT('',#13046);
#4564=VERTEX_POINT('',#13050);
#4565=VERTEX_POINT('',#13054);
#4566=VERTEX_POINT('',#13058);
#4567=VERTEX_POINT('',#13062);
#4568=VERTEX_POINT('',#13066);
#4569=VERTEX_POINT('',#13070);
#4570=VERTEX_POINT('',#13074);
#4571=VERTEX_POINT('',#13078);
#4572=VERTEX_POINT('',#13082);
#4573=VERTEX_POINT('',#13086);
#4574=VERTEX_POINT('',#13090);
#4575=VERTEX_POINT('',#13094);
#4576=VERTEX_POINT('',#13098);
#4577=VERTEX_POINT('',#13102);
#4578=VERTEX_POINT('',#13106);
#4579=VERTEX_POINT('',#13110);
#4580=VERTEX_POINT('',#13114);
#4581=VERTEX_POINT('',#13118);
#4582=VERTEX_POINT('',#13122);
#4583=VERTEX_POINT('',#13126);
#4584=VERTEX_POINT('',#13130);
#4585=VERTEX_POINT('',#13134);
#4586=VERTEX_POINT('',#13138);
#4587=VERTEX_POINT('',#13144);
#4588=VERTEX_POINT('',#13146);
#4589=VERTEX_POINT('',#13150);
#4590=VERTEX_POINT('',#13154);
#4591=VERTEX_POINT('',#13160);
#4592=VERTEX_POINT('',#13162);
#4593=VERTEX_POINT('',#13166);
#4594=VERTEX_POINT('',#13170);
#4595=VERTEX_POINT('',#13176);
#4596=VERTEX_POINT('',#13178);
#4597=VERTEX_POINT('',#13182);
#4598=VERTEX_POINT('',#13186);
#4599=VERTEX_POINT('',#13192);
#4600=VERTEX_POINT('',#13194);
#4601=VERTEX_POINT('',#13198);
#4602=VERTEX_POINT('',#13202);
#4603=VERTEX_POINT('',#13208);
#4604=VERTEX_POINT('',#13210);
#4605=VERTEX_POINT('',#13214);
#4606=VERTEX_POINT('',#13218);
#4607=VERTEX_POINT('',#13224);
#4608=VERTEX_POINT('',#13226);
#4609=VERTEX_POINT('',#13230);
#4610=VERTEX_POINT('',#13234);
#4611=VERTEX_POINT('',#13240);
#4612=VERTEX_POINT('',#13242);
#4613=VERTEX_POINT('',#13246);
#4614=VERTEX_POINT('',#13250);
#4615=VERTEX_POINT('',#13256);
#4616=VERTEX_POINT('',#13258);
#4617=VERTEX_POINT('',#13262);
#4618=VERTEX_POINT('',#13266);
#4619=VERTEX_POINT('',#13272);
#4620=VERTEX_POINT('',#13274);
#4621=VERTEX_POINT('',#13278);
#4622=VERTEX_POINT('',#13282);
#4623=VERTEX_POINT('',#13288);
#4624=VERTEX_POINT('',#13290);
#4625=VERTEX_POINT('',#13294);
#4626=VERTEX_POINT('',#13298);
#4627=VERTEX_POINT('',#13304);
#4628=VERTEX_POINT('',#13306);
#4629=VERTEX_POINT('',#13310);
#4630=VERTEX_POINT('',#13314);
#4631=VERTEX_POINT('',#13320);
#4632=VERTEX_POINT('',#13322);
#4633=VERTEX_POINT('',#13326);
#4634=VERTEX_POINT('',#13330);
#4635=VERTEX_POINT('',#13336);
#4636=VERTEX_POINT('',#13338);
#4637=VERTEX_POINT('',#13342);
#4638=VERTEX_POINT('',#13346);
#4639=VERTEX_POINT('',#13352);
#4640=VERTEX_POINT('',#13354);
#4641=VERTEX_POINT('',#13358);
#4642=VERTEX_POINT('',#13362);
#4643=VERTEX_POINT('',#13368);
#4644=VERTEX_POINT('',#13370);
#4645=VERTEX_POINT('',#13374);
#4646=VERTEX_POINT('',#13378);
#4647=VERTEX_POINT('',#13384);
#4648=VERTEX_POINT('',#13386);
#4649=VERTEX_POINT('',#13390);
#4650=VERTEX_POINT('',#13394);
#4651=VERTEX_POINT('',#13400);
#4652=VERTEX_POINT('',#13402);
#4653=VERTEX_POINT('',#13406);
#4654=VERTEX_POINT('',#13410);
#4655=VERTEX_POINT('',#13416);
#4656=VERTEX_POINT('',#13418);
#4657=VERTEX_POINT('',#13422);
#4658=VERTEX_POINT('',#13426);
#4659=VERTEX_POINT('',#13432);
#4660=VERTEX_POINT('',#13434);
#4661=VERTEX_POINT('',#13438);
#4662=VERTEX_POINT('',#13442);
#4663=VERTEX_POINT('',#13448);
#4664=VERTEX_POINT('',#13450);
#4665=VERTEX_POINT('',#13454);
#4666=VERTEX_POINT('',#13458);
#4667=VERTEX_POINT('',#13462);
#4668=VERTEX_POINT('',#13466);
#4669=VERTEX_POINT('',#13470);
#4670=VERTEX_POINT('',#13474);
#4671=VERTEX_POINT('',#13478);
#4672=VERTEX_POINT('',#13482);
#4673=VERTEX_POINT('',#13486);
#4674=VERTEX_POINT('',#13490);
#4675=VERTEX_POINT('',#13494);
#4676=VERTEX_POINT('',#13498);
#4677=VERTEX_POINT('',#13502);
#4678=VERTEX_POINT('',#13506);
#4679=VERTEX_POINT('',#13510);
#4680=VERTEX_POINT('',#13514);
#4681=VERTEX_POINT('',#13518);
#4682=VERTEX_POINT('',#13522);
#4683=VERTEX_POINT('',#13526);
#4684=VERTEX_POINT('',#13530);
#4685=VERTEX_POINT('',#13534);
#4686=VERTEX_POINT('',#13538);
#4687=VERTEX_POINT('',#13542);
#4688=VERTEX_POINT('',#13546);
#4689=VERTEX_POINT('',#13550);
#4690=VERTEX_POINT('',#13554);
#4691=VERTEX_POINT('',#13558);
#4692=VERTEX_POINT('',#13562);
#4693=VERTEX_POINT('',#13566);
#4694=VERTEX_POINT('',#13570);
#4695=VERTEX_POINT('',#13574);
#4696=VERTEX_POINT('',#13578);
#4697=VERTEX_POINT('',#13582);
#4698=VERTEX_POINT('',#13586);
#4699=VERTEX_POINT('',#13592);
#4700=VERTEX_POINT('',#13596);
#4701=EDGE_CURVE('',#3897,#3897,#3885,.T.);
#4702=EDGE_CURVE('',#3897,#3898,#1497,.T.);
#4703=EDGE_CURVE('',#3898,#3898,#3886,.T.);
#4704=EDGE_CURVE('',#3899,#3899,#3887,.T.);
#4705=EDGE_CURVE('',#3899,#3900,#1498,.T.);
#4706=EDGE_CURVE('',#3900,#3900,#3888,.T.);
#4707=EDGE_CURVE('',#3901,#3901,#3889,.T.);
#4708=EDGE_CURVE('',#3901,#3902,#1499,.T.);
#4709=EDGE_CURVE('',#3902,#3902,#3890,.T.);
#4710=EDGE_CURVE('',#3903,#3903,#3891,.T.);
#4711=EDGE_CURVE('',#3903,#3904,#1500,.T.);
#4712=EDGE_CURVE('',#3904,#3904,#3892,.T.);
#4713=EDGE_CURVE('',#3905,#3906,#1501,.T.);
#4714=EDGE_CURVE('',#3906,#3907,#1502,.T.);
#4715=EDGE_CURVE('',#3907,#3908,#1503,.T.);
#4716=EDGE_CURVE('',#3908,#3905,#1504,.T.);
#4717=EDGE_CURVE('',#3909,#3910,#1505,.T.);
#4718=EDGE_CURVE('',#3910,#3911,#1506,.T.);
#4719=EDGE_CURVE('',#3911,#3912,#1507,.T.);
#4720=EDGE_CURVE('',#3912,#3909,#1508,.T.);
#4721=EDGE_CURVE('',#3913,#3914,#3893,.T.);
#4722=EDGE_CURVE('',#3914,#3915,#1509,.T.);
#4723=EDGE_CURVE('',#3915,#3916,#3894,.T.);
#4724=EDGE_CURVE('',#3916,#3913,#1510,.T.);
#4725=EDGE_CURVE('',#3914,#3906,#1511,.T.);
#4726=EDGE_CURVE('',#3915,#3905,#1512,.T.);
#4727=EDGE_CURVE('',#3917,#3918,#3895,.T.);
#4728=EDGE_CURVE('',#3918,#3919,#1513,.T.);
#4729=EDGE_CURVE('',#3919,#3920,#3896,.T.);
#4730=EDGE_CURVE('',#3920,#3917,#1514,.T.);
#4731=EDGE_CURVE('',#3919,#3916,#1515,.T.);
#4732=EDGE_CURVE('',#3913,#3918,#1516,.T.);
#4733=EDGE_CURVE('',#3920,#3910,#1517,.T.);
#4734=EDGE_CURVE('',#3917,#3909,#1518,.T.);
#4735=EDGE_CURVE('',#3921,#3908,#1519,.T.);
#4736=EDGE_CURVE('',#3921,#3922,#1520,.T.);
#4737=EDGE_CURVE('',#3922,#3911,#1521,.T.);
#4738=EDGE_CURVE('',#3923,#3924,#1522,.T.);
#4739=EDGE_CURVE('',#3924,#3925,#1523,.T.);
#4740=EDGE_CURVE('',#3925,#3926,#1524,.T.);
#4741=EDGE_CURVE('',#3926,#3927,#1525,.T.);
#4742=EDGE_CURVE('',#3927,#3928,#1526,.T.);
#4743=EDGE_CURVE('',#3928,#3929,#1527,.T.);
#4744=EDGE_CURVE('',#3929,#3930,#1528,.T.);
#4745=EDGE_CURVE('',#3930,#3931,#1529,.T.);
#4746=EDGE_CURVE('',#3931,#3932,#1530,.T.);
#4747=EDGE_CURVE('',#3932,#3933,#1531,.T.);
#4748=EDGE_CURVE('',#3933,#3934,#1532,.T.);
#4749=EDGE_CURVE('',#3934,#3935,#1533,.T.);
#4750=EDGE_CURVE('',#3935,#3936,#1534,.T.);
#4751=EDGE_CURVE('',#3936,#3937,#1535,.T.);
#4752=EDGE_CURVE('',#3937,#3938,#1536,.T.);
#4753=EDGE_CURVE('',#3938,#3939,#1537,.T.);
#4754=EDGE_CURVE('',#3939,#3940,#1538,.T.);
#4755=EDGE_CURVE('',#3940,#3941,#1539,.T.);
#4756=EDGE_CURVE('',#3941,#3942,#1540,.T.);
#4757=EDGE_CURVE('',#3942,#3943,#1541,.T.);
#4758=EDGE_CURVE('',#3943,#3944,#1542,.T.);
#4759=EDGE_CURVE('',#3944,#3945,#1543,.T.);
#4760=EDGE_CURVE('',#3945,#3946,#1544,.T.);
#4761=EDGE_CURVE('',#3946,#3947,#1545,.T.);
#4762=EDGE_CURVE('',#3947,#3948,#1546,.T.);
#4763=EDGE_CURVE('',#3948,#3949,#1547,.T.);
#4764=EDGE_CURVE('',#3949,#3950,#1548,.T.);
#4765=EDGE_CURVE('',#3950,#3951,#1549,.T.);
#4766=EDGE_CURVE('',#3951,#3952,#1550,.T.);
#4767=EDGE_CURVE('',#3952,#3953,#1551,.T.);
#4768=EDGE_CURVE('',#3953,#3954,#1552,.T.);
#4769=EDGE_CURVE('',#3954,#3955,#1553,.T.);
#4770=EDGE_CURVE('',#3955,#3956,#1554,.T.);
#4771=EDGE_CURVE('',#3956,#3957,#1555,.T.);
#4772=EDGE_CURVE('',#3957,#3958,#1556,.T.);
#4773=EDGE_CURVE('',#3958,#3923,#1557,.T.);
#4774=EDGE_CURVE('',#3959,#3960,#1558,.T.);
#4775=EDGE_CURVE('',#3960,#3961,#1559,.T.);
#4776=EDGE_CURVE('',#3961,#3962,#1560,.T.);
#4777=EDGE_CURVE('',#3962,#3959,#1561,.T.);
#4778=EDGE_CURVE('',#3963,#3964,#1562,.T.);
#4779=EDGE_CURVE('',#3964,#3965,#1563,.T.);
#4780=EDGE_CURVE('',#3965,#3966,#1564,.T.);
#4781=EDGE_CURVE('',#3966,#3963,#1565,.T.);
#4782=EDGE_CURVE('',#3967,#3968,#1566,.T.);
#4783=EDGE_CURVE('',#3968,#3969,#1567,.T.);
#4784=EDGE_CURVE('',#3969,#3970,#1568,.T.);
#4785=EDGE_CURVE('',#3970,#3967,#1569,.T.);
#4786=EDGE_CURVE('',#3971,#3972,#1570,.T.);
#4787=EDGE_CURVE('',#3972,#3973,#1571,.T.);
#4788=EDGE_CURVE('',#3973,#3974,#1572,.T.);
#4789=EDGE_CURVE('',#3974,#3971,#1573,.T.);
#4790=EDGE_CURVE('',#3975,#3976,#1574,.T.);
#4791=EDGE_CURVE('',#3976,#3977,#1575,.T.);
#4792=EDGE_CURVE('',#3977,#3978,#1576,.T.);
#4793=EDGE_CURVE('',#3978,#3975,#1577,.T.);
#4794=EDGE_CURVE('',#3979,#3980,#1578,.T.);
#4795=EDGE_CURVE('',#3980,#3981,#1579,.T.);
#4796=EDGE_CURVE('',#3981,#3982,#1580,.T.);
#4797=EDGE_CURVE('',#3982,#3979,#1581,.T.);
#4798=EDGE_CURVE('',#3983,#3984,#1582,.T.);
#4799=EDGE_CURVE('',#3984,#3985,#1583,.T.);
#4800=EDGE_CURVE('',#3985,#3986,#1584,.T.);
#4801=EDGE_CURVE('',#3986,#3983,#1585,.T.);
#4802=EDGE_CURVE('',#3987,#3988,#1586,.T.);
#4803=EDGE_CURVE('',#3988,#3989,#1587,.T.);
#4804=EDGE_CURVE('',#3989,#3990,#1588,.T.);
#4805=EDGE_CURVE('',#3990,#3987,#1589,.T.);
#4806=EDGE_CURVE('',#3991,#3992,#1590,.T.);
#4807=EDGE_CURVE('',#3992,#3993,#1591,.T.);
#4808=EDGE_CURVE('',#3993,#3994,#1592,.T.);
#4809=EDGE_CURVE('',#3994,#3991,#1593,.T.);
#4810=EDGE_CURVE('',#3995,#3996,#1594,.T.);
#4811=EDGE_CURVE('',#3996,#3997,#1595,.T.);
#4812=EDGE_CURVE('',#3997,#3998,#1596,.T.);
#4813=EDGE_CURVE('',#3998,#3995,#1597,.T.);
#4814=EDGE_CURVE('',#3999,#4000,#1598,.T.);
#4815=EDGE_CURVE('',#4000,#4001,#1599,.T.);
#4816=EDGE_CURVE('',#4001,#4002,#1600,.T.);
#4817=EDGE_CURVE('',#4002,#3999,#1601,.T.);
#4818=EDGE_CURVE('',#4003,#4004,#1602,.T.);
#4819=EDGE_CURVE('',#4004,#4005,#1603,.T.);
#4820=EDGE_CURVE('',#4005,#4006,#1604,.T.);
#4821=EDGE_CURVE('',#4006,#4003,#1605,.T.);
#4822=EDGE_CURVE('',#4007,#4008,#1606,.T.);
#4823=EDGE_CURVE('',#4008,#4009,#1607,.T.);
#4824=EDGE_CURVE('',#4009,#4010,#1608,.T.);
#4825=EDGE_CURVE('',#4010,#4007,#1609,.T.);
#4826=EDGE_CURVE('',#4011,#4012,#1610,.T.);
#4827=EDGE_CURVE('',#4012,#4013,#1611,.T.);
#4828=EDGE_CURVE('',#4013,#4014,#1612,.T.);
#4829=EDGE_CURVE('',#4014,#4011,#1613,.T.);
#4830=EDGE_CURVE('',#4015,#4016,#1614,.T.);
#4831=EDGE_CURVE('',#4016,#4017,#1615,.T.);
#4832=EDGE_CURVE('',#4017,#4018,#1616,.T.);
#4833=EDGE_CURVE('',#4018,#4015,#1617,.T.);
#4834=EDGE_CURVE('',#4019,#4020,#1618,.T.);
#4835=EDGE_CURVE('',#4020,#4021,#1619,.T.);
#4836=EDGE_CURVE('',#4021,#4022,#1620,.T.);
#4837=EDGE_CURVE('',#4022,#4019,#1621,.T.);
#4838=EDGE_CURVE('',#4023,#4024,#1622,.T.);
#4839=EDGE_CURVE('',#4024,#4025,#1623,.T.);
#4840=EDGE_CURVE('',#4025,#4026,#1624,.T.);
#4841=EDGE_CURVE('',#4026,#4023,#1625,.T.);
#4842=EDGE_CURVE('',#4027,#4028,#1626,.T.);
#4843=EDGE_CURVE('',#4028,#4029,#1627,.T.);
#4844=EDGE_CURVE('',#4029,#4030,#1628,.T.);
#4845=EDGE_CURVE('',#4030,#4027,#1629,.T.);
#4846=EDGE_CURVE('',#4031,#4032,#1630,.T.);
#4847=EDGE_CURVE('',#4032,#4033,#1631,.T.);
#4848=EDGE_CURVE('',#4033,#4034,#1632,.T.);
#4849=EDGE_CURVE('',#4034,#4031,#1633,.T.);
#4850=EDGE_CURVE('',#4035,#4036,#1634,.T.);
#4851=EDGE_CURVE('',#4036,#4037,#1635,.T.);
#4852=EDGE_CURVE('',#4037,#4038,#1636,.T.);
#4853=EDGE_CURVE('',#4038,#4039,#1637,.T.);
#4854=EDGE_CURVE('',#4039,#4040,#1638,.T.);
#4855=EDGE_CURVE('',#4040,#4041,#1639,.T.);
#4856=EDGE_CURVE('',#4041,#4042,#1640,.T.);
#4857=EDGE_CURVE('',#4042,#4043,#1641,.T.);
#4858=EDGE_CURVE('',#4043,#4044,#1642,.T.);
#4859=EDGE_CURVE('',#4044,#4045,#1643,.T.);
#4860=EDGE_CURVE('',#4045,#4046,#1644,.T.);
#4861=EDGE_CURVE('',#4046,#4047,#1645,.T.);
#4862=EDGE_CURVE('',#4047,#4048,#1646,.T.);
#4863=EDGE_CURVE('',#4048,#4049,#1647,.T.);
#4864=EDGE_CURVE('',#4049,#4050,#1648,.T.);
#4865=EDGE_CURVE('',#4050,#4051,#1649,.T.);
#4866=EDGE_CURVE('',#4051,#4052,#1650,.T.);
#4867=EDGE_CURVE('',#4052,#4053,#1651,.T.);
#4868=EDGE_CURVE('',#4053,#4054,#1652,.T.);
#4869=EDGE_CURVE('',#4054,#4055,#1653,.T.);
#4870=EDGE_CURVE('',#4055,#4056,#1654,.T.);
#4871=EDGE_CURVE('',#4056,#4057,#1655,.T.);
#4872=EDGE_CURVE('',#4057,#4058,#1656,.T.);
#4873=EDGE_CURVE('',#4058,#4059,#1657,.T.);
#4874=EDGE_CURVE('',#4059,#4060,#1658,.T.);
#4875=EDGE_CURVE('',#4060,#4061,#1659,.T.);
#4876=EDGE_CURVE('',#4061,#4062,#1660,.T.);
#4877=EDGE_CURVE('',#4062,#4063,#1661,.T.);
#4878=EDGE_CURVE('',#4063,#4064,#1662,.T.);
#4879=EDGE_CURVE('',#4064,#4065,#1663,.T.);
#4880=EDGE_CURVE('',#4065,#4066,#1664,.T.);
#4881=EDGE_CURVE('',#4066,#4067,#1665,.T.);
#4882=EDGE_CURVE('',#4067,#4068,#1666,.T.);
#4883=EDGE_CURVE('',#4068,#4069,#1667,.T.);
#4884=EDGE_CURVE('',#4069,#4070,#1668,.T.);
#4885=EDGE_CURVE('',#4070,#4035,#1669,.T.);
#4886=EDGE_CURVE('',#4071,#4072,#1670,.T.);
#4887=EDGE_CURVE('',#4072,#4073,#1671,.T.);
#4888=EDGE_CURVE('',#4073,#4074,#1672,.T.);
#4889=EDGE_CURVE('',#4074,#4071,#1673,.T.);
#4890=EDGE_CURVE('',#4075,#4076,#1674,.T.);
#4891=EDGE_CURVE('',#4076,#4077,#1675,.T.);
#4892=EDGE_CURVE('',#4077,#4078,#1676,.T.);
#4893=EDGE_CURVE('',#4078,#4075,#1677,.T.);
#4894=EDGE_CURVE('',#4079,#4080,#1678,.T.);
#4895=EDGE_CURVE('',#4080,#4081,#1679,.T.);
#4896=EDGE_CURVE('',#4081,#4082,#1680,.T.);
#4897=EDGE_CURVE('',#4082,#4079,#1681,.T.);
#4898=EDGE_CURVE('',#4083,#4084,#1682,.T.);
#4899=EDGE_CURVE('',#4084,#4085,#1683,.T.);
#4900=EDGE_CURVE('',#4085,#4086,#1684,.T.);
#4901=EDGE_CURVE('',#4086,#4083,#1685,.T.);
#4902=EDGE_CURVE('',#4087,#4088,#1686,.T.);
#4903=EDGE_CURVE('',#4088,#4089,#1687,.T.);
#4904=EDGE_CURVE('',#4089,#4090,#1688,.T.);
#4905=EDGE_CURVE('',#4090,#4087,#1689,.T.);
#4906=EDGE_CURVE('',#4091,#4092,#1690,.T.);
#4907=EDGE_CURVE('',#4092,#4093,#1691,.T.);
#4908=EDGE_CURVE('',#4093,#4094,#1692,.T.);
#4909=EDGE_CURVE('',#4094,#4091,#1693,.T.);
#4910=EDGE_CURVE('',#4095,#4096,#1694,.T.);
#4911=EDGE_CURVE('',#4096,#4097,#1695,.T.);
#4912=EDGE_CURVE('',#4097,#4098,#1696,.T.);
#4913=EDGE_CURVE('',#4098,#4095,#1697,.T.);
#4914=EDGE_CURVE('',#4099,#4100,#1698,.T.);
#4915=EDGE_CURVE('',#4100,#4101,#1699,.T.);
#4916=EDGE_CURVE('',#4101,#4102,#1700,.T.);
#4917=EDGE_CURVE('',#4102,#4099,#1701,.T.);
#4918=EDGE_CURVE('',#4103,#4104,#1702,.T.);
#4919=EDGE_CURVE('',#4104,#4105,#1703,.T.);
#4920=EDGE_CURVE('',#4105,#4106,#1704,.T.);
#4921=EDGE_CURVE('',#4106,#4103,#1705,.T.);
#4922=EDGE_CURVE('',#4107,#4108,#1706,.T.);
#4923=EDGE_CURVE('',#4108,#4109,#1707,.T.);
#4924=EDGE_CURVE('',#4109,#4110,#1708,.T.);
#4925=EDGE_CURVE('',#4110,#4107,#1709,.T.);
#4926=EDGE_CURVE('',#4111,#4112,#1710,.T.);
#4927=EDGE_CURVE('',#4112,#4113,#1711,.T.);
#4928=EDGE_CURVE('',#4113,#4114,#1712,.T.);
#4929=EDGE_CURVE('',#4114,#4111,#1713,.T.);
#4930=EDGE_CURVE('',#4115,#4116,#1714,.T.);
#4931=EDGE_CURVE('',#4116,#4117,#1715,.T.);
#4932=EDGE_CURVE('',#4117,#4118,#1716,.T.);
#4933=EDGE_CURVE('',#4118,#4115,#1717,.T.);
#4934=EDGE_CURVE('',#4119,#4120,#1718,.T.);
#4935=EDGE_CURVE('',#4120,#4121,#1719,.T.);
#4936=EDGE_CURVE('',#4121,#4122,#1720,.T.);
#4937=EDGE_CURVE('',#4122,#4123,#1721,.T.);
#4938=EDGE_CURVE('',#4123,#4124,#1722,.T.);
#4939=EDGE_CURVE('',#4124,#4125,#1723,.T.);
#4940=EDGE_CURVE('',#4125,#4126,#1724,.T.);
#4941=EDGE_CURVE('',#4126,#4127,#1725,.T.);
#4942=EDGE_CURVE('',#4127,#4128,#1726,.T.);
#4943=EDGE_CURVE('',#4128,#4129,#1727,.T.);
#4944=EDGE_CURVE('',#4129,#4130,#1728,.T.);
#4945=EDGE_CURVE('',#4130,#4131,#1729,.T.);
#4946=EDGE_CURVE('',#4131,#4132,#1730,.T.);
#4947=EDGE_CURVE('',#4132,#4133,#1731,.T.);
#4948=EDGE_CURVE('',#4133,#4134,#1732,.T.);
#4949=EDGE_CURVE('',#4134,#4135,#1733,.T.);
#4950=EDGE_CURVE('',#4135,#4136,#1734,.T.);
#4951=EDGE_CURVE('',#4136,#4137,#1735,.T.);
#4952=EDGE_CURVE('',#4137,#4138,#1736,.T.);
#4953=EDGE_CURVE('',#4138,#4139,#1737,.T.);
#4954=EDGE_CURVE('',#4139,#4140,#1738,.T.);
#4955=EDGE_CURVE('',#4140,#4141,#1739,.T.);
#4956=EDGE_CURVE('',#4141,#4142,#1740,.T.);
#4957=EDGE_CURVE('',#4142,#4143,#1741,.T.);
#4958=EDGE_CURVE('',#4143,#4144,#1742,.T.);
#4959=EDGE_CURVE('',#4144,#4145,#1743,.T.);
#4960=EDGE_CURVE('',#4145,#4146,#1744,.T.);
#4961=EDGE_CURVE('',#4146,#4147,#1745,.T.);
#4962=EDGE_CURVE('',#4147,#4148,#1746,.T.);
#4963=EDGE_CURVE('',#4148,#4149,#1747,.T.);
#4964=EDGE_CURVE('',#4149,#4150,#1748,.T.);
#4965=EDGE_CURVE('',#4150,#4151,#1749,.T.);
#4966=EDGE_CURVE('',#4151,#4152,#1750,.T.);
#4967=EDGE_CURVE('',#4152,#4153,#1751,.T.);
#4968=EDGE_CURVE('',#4153,#4154,#1752,.T.);
#4969=EDGE_CURVE('',#4154,#4119,#1753,.T.);
#4970=EDGE_CURVE('',#4155,#4156,#1754,.T.);
#4971=EDGE_CURVE('',#4156,#4157,#1755,.T.);
#4972=EDGE_CURVE('',#4157,#4158,#1756,.T.);
#4973=EDGE_CURVE('',#4158,#4155,#1757,.T.);
#4974=EDGE_CURVE('',#4159,#4160,#1758,.T.);
#4975=EDGE_CURVE('',#4160,#4161,#1759,.T.);
#4976=EDGE_CURVE('',#4161,#4162,#1760,.T.);
#4977=EDGE_CURVE('',#4162,#4159,#1761,.T.);
#4978=EDGE_CURVE('',#4163,#4164,#1762,.T.);
#4979=EDGE_CURVE('',#4164,#4165,#1763,.T.);
#4980=EDGE_CURVE('',#4165,#4166,#1764,.T.);
#4981=EDGE_CURVE('',#4166,#4163,#1765,.T.);
#4982=EDGE_CURVE('',#4167,#4168,#1766,.T.);
#4983=EDGE_CURVE('',#4168,#4169,#1767,.T.);
#4984=EDGE_CURVE('',#4169,#4170,#1768,.T.);
#4985=EDGE_CURVE('',#4170,#4167,#1769,.T.);
#4986=EDGE_CURVE('',#4171,#4172,#1770,.T.);
#4987=EDGE_CURVE('',#4172,#4173,#1771,.T.);
#4988=EDGE_CURVE('',#4173,#4174,#1772,.T.);
#4989=EDGE_CURVE('',#4174,#4171,#1773,.T.);
#4990=EDGE_CURVE('',#4175,#4176,#1774,.T.);
#4991=EDGE_CURVE('',#4176,#4177,#1775,.T.);
#4992=EDGE_CURVE('',#4177,#4178,#1776,.T.);
#4993=EDGE_CURVE('',#4178,#4175,#1777,.T.);
#4994=EDGE_CURVE('',#4179,#4180,#1778,.T.);
#4995=EDGE_CURVE('',#4180,#4181,#1779,.T.);
#4996=EDGE_CURVE('',#4181,#4182,#1780,.T.);
#4997=EDGE_CURVE('',#4182,#4179,#1781,.T.);
#4998=EDGE_CURVE('',#4183,#4184,#1782,.T.);
#4999=EDGE_CURVE('',#4184,#4185,#1783,.T.);
#5000=EDGE_CURVE('',#4185,#4186,#1784,.T.);
#5001=EDGE_CURVE('',#4186,#4183,#1785,.T.);
#5002=EDGE_CURVE('',#4187,#4188,#1786,.T.);
#5003=EDGE_CURVE('',#4188,#4189,#1787,.T.);
#5004=EDGE_CURVE('',#4189,#4190,#1788,.T.);
#5005=EDGE_CURVE('',#4190,#4187,#1789,.T.);
#5006=EDGE_CURVE('',#4191,#4192,#1790,.T.);
#5007=EDGE_CURVE('',#4192,#4193,#1791,.T.);
#5008=EDGE_CURVE('',#4193,#4194,#1792,.T.);
#5009=EDGE_CURVE('',#4194,#4191,#1793,.T.);
#5010=EDGE_CURVE('',#4195,#4196,#1794,.T.);
#5011=EDGE_CURVE('',#4196,#4197,#1795,.T.);
#5012=EDGE_CURVE('',#4197,#4198,#1796,.T.);
#5013=EDGE_CURVE('',#4198,#4195,#1797,.T.);
#5014=EDGE_CURVE('',#4199,#4200,#1798,.T.);
#5015=EDGE_CURVE('',#4200,#4201,#1799,.T.);
#5016=EDGE_CURVE('',#4201,#4202,#1800,.T.);
#5017=EDGE_CURVE('',#4202,#4203,#1801,.T.);
#5018=EDGE_CURVE('',#4203,#4204,#1802,.T.);
#5019=EDGE_CURVE('',#4204,#4205,#1803,.T.);
#5020=EDGE_CURVE('',#4205,#4206,#1804,.T.);
#5021=EDGE_CURVE('',#4206,#4207,#1805,.T.);
#5022=EDGE_CURVE('',#4207,#4208,#1806,.T.);
#5023=EDGE_CURVE('',#4208,#4209,#1807,.T.);
#5024=EDGE_CURVE('',#4209,#4210,#1808,.T.);
#5025=EDGE_CURVE('',#4210,#4211,#1809,.T.);
#5026=EDGE_CURVE('',#4211,#4212,#1810,.T.);
#5027=EDGE_CURVE('',#4212,#4213,#1811,.T.);
#5028=EDGE_CURVE('',#4213,#4214,#1812,.T.);
#5029=EDGE_CURVE('',#4214,#4215,#1813,.T.);
#5030=EDGE_CURVE('',#4215,#4216,#1814,.T.);
#5031=EDGE_CURVE('',#4216,#4217,#1815,.T.);
#5032=EDGE_CURVE('',#4217,#4218,#1816,.T.);
#5033=EDGE_CURVE('',#4218,#4219,#1817,.T.);
#5034=EDGE_CURVE('',#4219,#4220,#1818,.T.);
#5035=EDGE_CURVE('',#4220,#4221,#1819,.T.);
#5036=EDGE_CURVE('',#4221,#4222,#1820,.T.);
#5037=EDGE_CURVE('',#4222,#4223,#1821,.T.);
#5038=EDGE_CURVE('',#4223,#4224,#1822,.T.);
#5039=EDGE_CURVE('',#4224,#4225,#1823,.T.);
#5040=EDGE_CURVE('',#4225,#4226,#1824,.T.);
#5041=EDGE_CURVE('',#4226,#4227,#1825,.T.);
#5042=EDGE_CURVE('',#4227,#4228,#1826,.T.);
#5043=EDGE_CURVE('',#4228,#4229,#1827,.T.);
#5044=EDGE_CURVE('',#4229,#4230,#1828,.T.);
#5045=EDGE_CURVE('',#4230,#4231,#1829,.T.);
#5046=EDGE_CURVE('',#4231,#4232,#1830,.T.);
#5047=EDGE_CURVE('',#4232,#4233,#1831,.T.);
#5048=EDGE_CURVE('',#4233,#4234,#1832,.T.);
#5049=EDGE_CURVE('',#4234,#4199,#1833,.T.);
#5050=EDGE_CURVE('',#4235,#4236,#1834,.T.);
#5051=EDGE_CURVE('',#4236,#4237,#1835,.T.);
#5052=EDGE_CURVE('',#4237,#4238,#1836,.T.);
#5053=EDGE_CURVE('',#4238,#4235,#1837,.T.);
#5054=EDGE_CURVE('',#4239,#4240,#1838,.T.);
#5055=EDGE_CURVE('',#4240,#4241,#1839,.T.);
#5056=EDGE_CURVE('',#4241,#4242,#1840,.T.);
#5057=EDGE_CURVE('',#4242,#4239,#1841,.T.);
#5058=EDGE_CURVE('',#4243,#4244,#1842,.T.);
#5059=EDGE_CURVE('',#4244,#4245,#1843,.T.);
#5060=EDGE_CURVE('',#4245,#4246,#1844,.T.);
#5061=EDGE_CURVE('',#4246,#4243,#1845,.T.);
#5062=EDGE_CURVE('',#4247,#4248,#1846,.T.);
#5063=EDGE_CURVE('',#4248,#4249,#1847,.T.);
#5064=EDGE_CURVE('',#4249,#4250,#1848,.T.);
#5065=EDGE_CURVE('',#4250,#4247,#1849,.T.);
#5066=EDGE_CURVE('',#4251,#4252,#1850,.T.);
#5067=EDGE_CURVE('',#4252,#4253,#1851,.T.);
#5068=EDGE_CURVE('',#4253,#4254,#1852,.T.);
#5069=EDGE_CURVE('',#4254,#4251,#1853,.T.);
#5070=EDGE_CURVE('',#4255,#4256,#1854,.T.);
#5071=EDGE_CURVE('',#4256,#4257,#1855,.T.);
#5072=EDGE_CURVE('',#4257,#4258,#1856,.T.);
#5073=EDGE_CURVE('',#4258,#4255,#1857,.T.);
#5074=EDGE_CURVE('',#4259,#4260,#1858,.T.);
#5075=EDGE_CURVE('',#4260,#4261,#1859,.T.);
#5076=EDGE_CURVE('',#4261,#4262,#1860,.T.);
#5077=EDGE_CURVE('',#4262,#4259,#1861,.T.);
#5078=EDGE_CURVE('',#4263,#4264,#1862,.T.);
#5079=EDGE_CURVE('',#4264,#4265,#1863,.T.);
#5080=EDGE_CURVE('',#4265,#4266,#1864,.T.);
#5081=EDGE_CURVE('',#4266,#4263,#1865,.T.);
#5082=EDGE_CURVE('',#4267,#4268,#1866,.T.);
#5083=EDGE_CURVE('',#4268,#4269,#1867,.T.);
#5084=EDGE_CURVE('',#4269,#4270,#1868,.T.);
#5085=EDGE_CURVE('',#4270,#4267,#1869,.T.);
#5086=EDGE_CURVE('',#4271,#4272,#1870,.T.);
#5087=EDGE_CURVE('',#4272,#4273,#1871,.T.);
#5088=EDGE_CURVE('',#4273,#4274,#1872,.T.);
#5089=EDGE_CURVE('',#4274,#4271,#1873,.T.);
#5090=EDGE_CURVE('',#4275,#4276,#1874,.T.);
#5091=EDGE_CURVE('',#4276,#4277,#1875,.T.);
#5092=EDGE_CURVE('',#4277,#4278,#1876,.T.);
#5093=EDGE_CURVE('',#4278,#4275,#1877,.T.);
#5094=EDGE_CURVE('',#4279,#4280,#1878,.T.);
#5095=EDGE_CURVE('',#4280,#4281,#1879,.T.);
#5096=EDGE_CURVE('',#4281,#4282,#1880,.T.);
#5097=EDGE_CURVE('',#4282,#4279,#1881,.T.);
#5098=EDGE_CURVE('',#4283,#4284,#1882,.T.);
#5099=EDGE_CURVE('',#4284,#4285,#1883,.T.);
#5100=EDGE_CURVE('',#4285,#4286,#1884,.T.);
#5101=EDGE_CURVE('',#4286,#4283,#1885,.T.);
#5102=EDGE_CURVE('',#4287,#4288,#1886,.T.);
#5103=EDGE_CURVE('',#4288,#4289,#1887,.T.);
#5104=EDGE_CURVE('',#4289,#4290,#1888,.T.);
#5105=EDGE_CURVE('',#4290,#4287,#1889,.T.);
#5106=EDGE_CURVE('',#4291,#4292,#1890,.T.);
#5107=EDGE_CURVE('',#4292,#4293,#1891,.T.);
#5108=EDGE_CURVE('',#4293,#4294,#1892,.T.);
#5109=EDGE_CURVE('',#4294,#4291,#1893,.T.);
#5110=EDGE_CURVE('',#4295,#4296,#1894,.T.);
#5111=EDGE_CURVE('',#4296,#4297,#1895,.T.);
#5112=EDGE_CURVE('',#4297,#4298,#1896,.T.);
#5113=EDGE_CURVE('',#4298,#4295,#1897,.T.);
#5114=EDGE_CURVE('',#4299,#4300,#1898,.T.);
#5115=EDGE_CURVE('',#4300,#4301,#1899,.T.);
#5116=EDGE_CURVE('',#4301,#4302,#1900,.T.);
#5117=EDGE_CURVE('',#4302,#4299,#1901,.T.);
#5118=EDGE_CURVE('',#4303,#4304,#1902,.T.);
#5119=EDGE_CURVE('',#4304,#4305,#1903,.T.);
#5120=EDGE_CURVE('',#4305,#4306,#1904,.T.);
#5121=EDGE_CURVE('',#4306,#4303,#1905,.T.);
#5122=EDGE_CURVE('',#4307,#4308,#1906,.T.);
#5123=EDGE_CURVE('',#4308,#4309,#1907,.T.);
#5124=EDGE_CURVE('',#4309,#4310,#1908,.T.);
#5125=EDGE_CURVE('',#4310,#4307,#1909,.T.);
#5126=EDGE_CURVE('',#4311,#4309,#1910,.T.);
#5127=EDGE_CURVE('',#4312,#4311,#1911,.T.);
#5128=EDGE_CURVE('',#4312,#4310,#1912,.T.);
#5129=EDGE_CURVE('',#4313,#4312,#1913,.T.);
#5130=EDGE_CURVE('',#4313,#4307,#1914,.T.);
#5131=EDGE_CURVE('',#4314,#4313,#1915,.T.);
#5132=EDGE_CURVE('',#4314,#4308,#1916,.T.);
#5133=EDGE_CURVE('',#4311,#4314,#1917,.T.);
#5134=EDGE_CURVE('',#4315,#4305,#1918,.T.);
#5135=EDGE_CURVE('',#4316,#4315,#1919,.T.);
#5136=EDGE_CURVE('',#4316,#4306,#1920,.T.);
#5137=EDGE_CURVE('',#4317,#4316,#1921,.T.);
#5138=EDGE_CURVE('',#4317,#4303,#1922,.T.);
#5139=EDGE_CURVE('',#4318,#4317,#1923,.T.);
#5140=EDGE_CURVE('',#4318,#4304,#1924,.T.);
#5141=EDGE_CURVE('',#4315,#4318,#1925,.T.);
#5142=EDGE_CURVE('',#4319,#4301,#1926,.T.);
#5143=EDGE_CURVE('',#4320,#4319,#1927,.T.);
#5144=EDGE_CURVE('',#4320,#4302,#1928,.T.);
#5145=EDGE_CURVE('',#4321,#4320,#1929,.T.);
#5146=EDGE_CURVE('',#4321,#4299,#1930,.T.);
#5147=EDGE_CURVE('',#4322,#4321,#1931,.T.);
#5148=EDGE_CURVE('',#4322,#4300,#1932,.T.);
#5149=EDGE_CURVE('',#4319,#4322,#1933,.T.);
#5150=EDGE_CURVE('',#4323,#4297,#1934,.T.);
#5151=EDGE_CURVE('',#4324,#4323,#1935,.T.);
#5152=EDGE_CURVE('',#4324,#4298,#1936,.T.);
#5153=EDGE_CURVE('',#4325,#4324,#1937,.T.);
#5154=EDGE_CURVE('',#4325,#4295,#1938,.T.);
#5155=EDGE_CURVE('',#4326,#4325,#1939,.T.);
#5156=EDGE_CURVE('',#4326,#4296,#1940,.T.);
#5157=EDGE_CURVE('',#4323,#4326,#1941,.T.);
#5158=EDGE_CURVE('',#4327,#4293,#1942,.T.);
#5159=EDGE_CURVE('',#4328,#4327,#1943,.T.);
#5160=EDGE_CURVE('',#4328,#4294,#1944,.T.);
#5161=EDGE_CURVE('',#4329,#4328,#1945,.T.);
#5162=EDGE_CURVE('',#4329,#4291,#1946,.T.);
#5163=EDGE_CURVE('',#4330,#4329,#1947,.T.);
#5164=EDGE_CURVE('',#4330,#4292,#1948,.T.);
#5165=EDGE_CURVE('',#4327,#4330,#1949,.T.);
#5166=EDGE_CURVE('',#4331,#4289,#1950,.T.);
#5167=EDGE_CURVE('',#4332,#4331,#1951,.T.);
#5168=EDGE_CURVE('',#4332,#4290,#1952,.T.);
#5169=EDGE_CURVE('',#4333,#4332,#1953,.T.);
#5170=EDGE_CURVE('',#4333,#4287,#1954,.T.);
#5171=EDGE_CURVE('',#4334,#4333,#1955,.T.);
#5172=EDGE_CURVE('',#4334,#4288,#1956,.T.);
#5173=EDGE_CURVE('',#4331,#4334,#1957,.T.);
#5174=EDGE_CURVE('',#4335,#4285,#1958,.T.);
#5175=EDGE_CURVE('',#4336,#4335,#1959,.T.);
#5176=EDGE_CURVE('',#4336,#4286,#1960,.T.);
#5177=EDGE_CURVE('',#4337,#4336,#1961,.T.);
#5178=EDGE_CURVE('',#4337,#4283,#1962,.T.);
#5179=EDGE_CURVE('',#4338,#4337,#1963,.T.);
#5180=EDGE_CURVE('',#4338,#4284,#1964,.T.);
#5181=EDGE_CURVE('',#4335,#4338,#1965,.T.);
#5182=EDGE_CURVE('',#4339,#4281,#1966,.T.);
#5183=EDGE_CURVE('',#4340,#4339,#1967,.T.);
#5184=EDGE_CURVE('',#4340,#4282,#1968,.T.);
#5185=EDGE_CURVE('',#4341,#4340,#1969,.T.);
#5186=EDGE_CURVE('',#4341,#4279,#1970,.T.);
#5187=EDGE_CURVE('',#4342,#4341,#1971,.T.);
#5188=EDGE_CURVE('',#4342,#4280,#1972,.T.);
#5189=EDGE_CURVE('',#4339,#4342,#1973,.T.);
#5190=EDGE_CURVE('',#4343,#4277,#1974,.T.);
#5191=EDGE_CURVE('',#4344,#4343,#1975,.T.);
#5192=EDGE_CURVE('',#4344,#4278,#1976,.T.);
#5193=EDGE_CURVE('',#4345,#4344,#1977,.T.);
#5194=EDGE_CURVE('',#4345,#4275,#1978,.T.);
#5195=EDGE_CURVE('',#4346,#4345,#1979,.T.);
#5196=EDGE_CURVE('',#4346,#4276,#1980,.T.);
#5197=EDGE_CURVE('',#4343,#4346,#1981,.T.);
#5198=EDGE_CURVE('',#4347,#4273,#1982,.T.);
#5199=EDGE_CURVE('',#4348,#4347,#1983,.T.);
#5200=EDGE_CURVE('',#4348,#4274,#1984,.T.);
#5201=EDGE_CURVE('',#4349,#4348,#1985,.T.);
#5202=EDGE_CURVE('',#4349,#4271,#1986,.T.);
#5203=EDGE_CURVE('',#4350,#4349,#1987,.T.);
#5204=EDGE_CURVE('',#4350,#4272,#1988,.T.);
#5205=EDGE_CURVE('',#4347,#4350,#1989,.T.);
#5206=EDGE_CURVE('',#4351,#4269,#1990,.T.);
#5207=EDGE_CURVE('',#4352,#4351,#1991,.T.);
#5208=EDGE_CURVE('',#4352,#4270,#1992,.T.);
#5209=EDGE_CURVE('',#4353,#4352,#1993,.T.);
#5210=EDGE_CURVE('',#4353,#4267,#1994,.T.);
#5211=EDGE_CURVE('',#4354,#4353,#1995,.T.);
#5212=EDGE_CURVE('',#4354,#4268,#1996,.T.);
#5213=EDGE_CURVE('',#4351,#4354,#1997,.T.);
#5214=EDGE_CURVE('',#4355,#4265,#1998,.T.);
#5215=EDGE_CURVE('',#4356,#4355,#1999,.T.);
#5216=EDGE_CURVE('',#4356,#4266,#2000,.T.);
#5217=EDGE_CURVE('',#4357,#4356,#2001,.T.);
#5218=EDGE_CURVE('',#4357,#4263,#2002,.T.);
#5219=EDGE_CURVE('',#4358,#4357,#2003,.T.);
#5220=EDGE_CURVE('',#4358,#4264,#2004,.T.);
#5221=EDGE_CURVE('',#4355,#4358,#2005,.T.);
#5222=EDGE_CURVE('',#4359,#4261,#2006,.T.);
#5223=EDGE_CURVE('',#4360,#4359,#2007,.T.);
#5224=EDGE_CURVE('',#4360,#4262,#2008,.T.);
#5225=EDGE_CURVE('',#4361,#4360,#2009,.T.);
#5226=EDGE_CURVE('',#4361,#4259,#2010,.T.);
#5227=EDGE_CURVE('',#4362,#4361,#2011,.T.);
#5228=EDGE_CURVE('',#4362,#4260,#2012,.T.);
#5229=EDGE_CURVE('',#4359,#4362,#2013,.T.);
#5230=EDGE_CURVE('',#4363,#4257,#2014,.T.);
#5231=EDGE_CURVE('',#4364,#4363,#2015,.T.);
#5232=EDGE_CURVE('',#4364,#4258,#2016,.T.);
#5233=EDGE_CURVE('',#4365,#4364,#2017,.T.);
#5234=EDGE_CURVE('',#4365,#4255,#2018,.T.);
#5235=EDGE_CURVE('',#4366,#4365,#2019,.T.);
#5236=EDGE_CURVE('',#4366,#4256,#2020,.T.);
#5237=EDGE_CURVE('',#4363,#4366,#2021,.T.);
#5238=EDGE_CURVE('',#4367,#4253,#2022,.T.);
#5239=EDGE_CURVE('',#4368,#4367,#2023,.T.);
#5240=EDGE_CURVE('',#4368,#4254,#2024,.T.);
#5241=EDGE_CURVE('',#4369,#4368,#2025,.T.);
#5242=EDGE_CURVE('',#4369,#4251,#2026,.T.);
#5243=EDGE_CURVE('',#4370,#4369,#2027,.T.);
#5244=EDGE_CURVE('',#4370,#4252,#2028,.T.);
#5245=EDGE_CURVE('',#4367,#4370,#2029,.T.);
#5246=EDGE_CURVE('',#4371,#4249,#2030,.T.);
#5247=EDGE_CURVE('',#4372,#4371,#2031,.T.);
#5248=EDGE_CURVE('',#4372,#4250,#2032,.T.);
#5249=EDGE_CURVE('',#4373,#4372,#2033,.T.);
#5250=EDGE_CURVE('',#4373,#4247,#2034,.T.);
#5251=EDGE_CURVE('',#4374,#4373,#2035,.T.);
#5252=EDGE_CURVE('',#4374,#4248,#2036,.T.);
#5253=EDGE_CURVE('',#4371,#4374,#2037,.T.);
#5254=EDGE_CURVE('',#4375,#4245,#2038,.T.);
#5255=EDGE_CURVE('',#4376,#4375,#2039,.T.);
#5256=EDGE_CURVE('',#4376,#4246,#2040,.T.);
#5257=EDGE_CURVE('',#4377,#4376,#2041,.T.);
#5258=EDGE_CURVE('',#4377,#4243,#2042,.T.);
#5259=EDGE_CURVE('',#4378,#4377,#2043,.T.);
#5260=EDGE_CURVE('',#4378,#4244,#2044,.T.);
#5261=EDGE_CURVE('',#4375,#4378,#2045,.T.);
#5262=EDGE_CURVE('',#4379,#4241,#2046,.T.);
#5263=EDGE_CURVE('',#4380,#4379,#2047,.T.);
#5264=EDGE_CURVE('',#4380,#4242,#2048,.T.);
#5265=EDGE_CURVE('',#4381,#4380,#2049,.T.);
#5266=EDGE_CURVE('',#4381,#4239,#2050,.T.);
#5267=EDGE_CURVE('',#4382,#4381,#2051,.T.);
#5268=EDGE_CURVE('',#4382,#4240,#2052,.T.);
#5269=EDGE_CURVE('',#4379,#4382,#2053,.T.);
#5270=EDGE_CURVE('',#4383,#4237,#2054,.T.);
#5271=EDGE_CURVE('',#4384,#4383,#2055,.T.);
#5272=EDGE_CURVE('',#4384,#4238,#2056,.T.);
#5273=EDGE_CURVE('',#4385,#4384,#2057,.T.);
#5274=EDGE_CURVE('',#4385,#4235,#2058,.T.);
#5275=EDGE_CURVE('',#4386,#4385,#2059,.T.);
#5276=EDGE_CURVE('',#4386,#4236,#2060,.T.);
#5277=EDGE_CURVE('',#4383,#4386,#2061,.T.);
#5278=EDGE_CURVE('',#4387,#4217,#2062,.T.);
#5279=EDGE_CURVE('',#4388,#4387,#2063,.T.);
#5280=EDGE_CURVE('',#4388,#4218,#2064,.T.);
#5281=EDGE_CURVE('',#4389,#4388,#2065,.T.);
#5282=EDGE_CURVE('',#4389,#4219,#2066,.T.);
#5283=EDGE_CURVE('',#4390,#4389,#2067,.T.);
#5284=EDGE_CURVE('',#4390,#4220,#2068,.T.);
#5285=EDGE_CURVE('',#4391,#4390,#2069,.T.);
#5286=EDGE_CURVE('',#4391,#4221,#2070,.T.);
#5287=EDGE_CURVE('',#4392,#4391,#2071,.T.);
#5288=EDGE_CURVE('',#4392,#4222,#2072,.T.);
#5289=EDGE_CURVE('',#4393,#4392,#2073,.T.);
#5290=EDGE_CURVE('',#4393,#4223,#2074,.T.);
#5291=EDGE_CURVE('',#4394,#4393,#2075,.T.);
#5292=EDGE_CURVE('',#4394,#4224,#2076,.T.);
#5293=EDGE_CURVE('',#4395,#4394,#2077,.T.);
#5294=EDGE_CURVE('',#4395,#4225,#2078,.T.);
#5295=EDGE_CURVE('',#4396,#4395,#2079,.T.);
#5296=EDGE_CURVE('',#4396,#4226,#2080,.T.);
#5297=EDGE_CURVE('',#4397,#4396,#2081,.T.);
#5298=EDGE_CURVE('',#4397,#4227,#2082,.T.);
#5299=EDGE_CURVE('',#4398,#4397,#2083,.T.);
#5300=EDGE_CURVE('',#4398,#4228,#2084,.T.);
#5301=EDGE_CURVE('',#4399,#4398,#2085,.T.);
#5302=EDGE_CURVE('',#4399,#4229,#2086,.T.);
#5303=EDGE_CURVE('',#4400,#4399,#2087,.T.);
#5304=EDGE_CURVE('',#4400,#4230,#2088,.T.);
#5305=EDGE_CURVE('',#4401,#4400,#2089,.T.);
#5306=EDGE_CURVE('',#4401,#4231,#2090,.T.);
#5307=EDGE_CURVE('',#4402,#4401,#2091,.T.);
#5308=EDGE_CURVE('',#4402,#4232,#2092,.T.);
#5309=EDGE_CURVE('',#4403,#4402,#2093,.T.);
#5310=EDGE_CURVE('',#4403,#4233,#2094,.T.);
#5311=EDGE_CURVE('',#4404,#4403,#2095,.T.);
#5312=EDGE_CURVE('',#4404,#4234,#2096,.T.);
#5313=EDGE_CURVE('',#4405,#4404,#2097,.T.);
#5314=EDGE_CURVE('',#4405,#4199,#2098,.T.);
#5315=EDGE_CURVE('',#4406,#4405,#2099,.T.);
#5316=EDGE_CURVE('',#4406,#4200,#2100,.T.);
#5317=EDGE_CURVE('',#4407,#4406,#2101,.T.);
#5318=EDGE_CURVE('',#4407,#4201,#2102,.T.);
#5319=EDGE_CURVE('',#4408,#4407,#2103,.T.);
#5320=EDGE_CURVE('',#4408,#4202,#2104,.T.);
#5321=EDGE_CURVE('',#4409,#4408,#2105,.T.);
#5322=EDGE_CURVE('',#4409,#4203,#2106,.T.);
#5323=EDGE_CURVE('',#4410,#4409,#2107,.T.);
#5324=EDGE_CURVE('',#4410,#4204,#2108,.T.);
#5325=EDGE_CURVE('',#4411,#4410,#2109,.T.);
#5326=EDGE_CURVE('',#4411,#4205,#2110,.T.);
#5327=EDGE_CURVE('',#4412,#4411,#2111,.T.);
#5328=EDGE_CURVE('',#4412,#4206,#2112,.T.);
#5329=EDGE_CURVE('',#4413,#4412,#2113,.T.);
#5330=EDGE_CURVE('',#4413,#4207,#2114,.T.);
#5331=EDGE_CURVE('',#4414,#4413,#2115,.T.);
#5332=EDGE_CURVE('',#4414,#4208,#2116,.T.);
#5333=EDGE_CURVE('',#4415,#4414,#2117,.T.);
#5334=EDGE_CURVE('',#4415,#4209,#2118,.T.);
#5335=EDGE_CURVE('',#4416,#4415,#2119,.T.);
#5336=EDGE_CURVE('',#4416,#4210,#2120,.T.);
#5337=EDGE_CURVE('',#4417,#4416,#2121,.T.);
#5338=EDGE_CURVE('',#4417,#4211,#2122,.T.);
#5339=EDGE_CURVE('',#4418,#4417,#2123,.T.);
#5340=EDGE_CURVE('',#4418,#4212,#2124,.T.);
#5341=EDGE_CURVE('',#4419,#4418,#2125,.T.);
#5342=EDGE_CURVE('',#4419,#4213,#2126,.T.);
#5343=EDGE_CURVE('',#4420,#4419,#2127,.T.);
#5344=EDGE_CURVE('',#4420,#4214,#2128,.T.);
#5345=EDGE_CURVE('',#4421,#4420,#2129,.T.);
#5346=EDGE_CURVE('',#4421,#4215,#2130,.T.);
#5347=EDGE_CURVE('',#4422,#4421,#2131,.T.);
#5348=EDGE_CURVE('',#4422,#4216,#2132,.T.);
#5349=EDGE_CURVE('',#4387,#4422,#2133,.T.);
#5350=EDGE_CURVE('',#4423,#4197,#2134,.T.);
#5351=EDGE_CURVE('',#4424,#4423,#2135,.T.);
#5352=EDGE_CURVE('',#4424,#4198,#2136,.T.);
#5353=EDGE_CURVE('',#4425,#4424,#2137,.T.);
#5354=EDGE_CURVE('',#4425,#4195,#2138,.T.);
#5355=EDGE_CURVE('',#4426,#4425,#2139,.T.);
#5356=EDGE_CURVE('',#4426,#4196,#2140,.T.);
#5357=EDGE_CURVE('',#4423,#4426,#2141,.T.);
#5358=EDGE_CURVE('',#4427,#4193,#2142,.T.);
#5359=EDGE_CURVE('',#4428,#4427,#2143,.T.);
#5360=EDGE_CURVE('',#4428,#4194,#2144,.T.);
#5361=EDGE_CURVE('',#4429,#4428,#2145,.T.);
#5362=EDGE_CURVE('',#4429,#4191,#2146,.T.);
#5363=EDGE_CURVE('',#4430,#4429,#2147,.T.);
#5364=EDGE_CURVE('',#4430,#4192,#2148,.T.);
#5365=EDGE_CURVE('',#4427,#4430,#2149,.T.);
#5366=EDGE_CURVE('',#4431,#4189,#2150,.T.);
#5367=EDGE_CURVE('',#4432,#4431,#2151,.T.);
#5368=EDGE_CURVE('',#4432,#4190,#2152,.T.);
#5369=EDGE_CURVE('',#4433,#4432,#2153,.T.);
#5370=EDGE_CURVE('',#4433,#4187,#2154,.T.);
#5371=EDGE_CURVE('',#4434,#4433,#2155,.T.);
#5372=EDGE_CURVE('',#4434,#4188,#2156,.T.);
#5373=EDGE_CURVE('',#4431,#4434,#2157,.T.);
#5374=EDGE_CURVE('',#4435,#4185,#2158,.T.);
#5375=EDGE_CURVE('',#4436,#4435,#2159,.T.);
#5376=EDGE_CURVE('',#4436,#4186,#2160,.T.);
#5377=EDGE_CURVE('',#4437,#4436,#2161,.T.);
#5378=EDGE_CURVE('',#4437,#4183,#2162,.T.);
#5379=EDGE_CURVE('',#4438,#4437,#2163,.T.);
#5380=EDGE_CURVE('',#4438,#4184,#2164,.T.);
#5381=EDGE_CURVE('',#4435,#4438,#2165,.T.);
#5382=EDGE_CURVE('',#4439,#4181,#2166,.T.);
#5383=EDGE_CURVE('',#4440,#4439,#2167,.T.);
#5384=EDGE_CURVE('',#4440,#4182,#2168,.T.);
#5385=EDGE_CURVE('',#4441,#4440,#2169,.T.);
#5386=EDGE_CURVE('',#4441,#4179,#2170,.T.);
#5387=EDGE_CURVE('',#4442,#4441,#2171,.T.);
#5388=EDGE_CURVE('',#4442,#4180,#2172,.T.);
#5389=EDGE_CURVE('',#4439,#4442,#2173,.T.);
#5390=EDGE_CURVE('',#4443,#4177,#2174,.T.);
#5391=EDGE_CURVE('',#4444,#4443,#2175,.T.);
#5392=EDGE_CURVE('',#4444,#4178,#2176,.T.);
#5393=EDGE_CURVE('',#4445,#4444,#2177,.T.);
#5394=EDGE_CURVE('',#4445,#4175,#2178,.T.);
#5395=EDGE_CURVE('',#4446,#4445,#2179,.T.);
#5396=EDGE_CURVE('',#4446,#4176,#2180,.T.);
#5397=EDGE_CURVE('',#4443,#4446,#2181,.T.);
#5398=EDGE_CURVE('',#4447,#4173,#2182,.T.);
#5399=EDGE_CURVE('',#4448,#4447,#2183,.T.);
#5400=EDGE_CURVE('',#4448,#4174,#2184,.T.);
#5401=EDGE_CURVE('',#4449,#4448,#2185,.T.);
#5402=EDGE_CURVE('',#4449,#4171,#2186,.T.);
#5403=EDGE_CURVE('',#4450,#4449,#2187,.T.);
#5404=EDGE_CURVE('',#4450,#4172,#2188,.T.);
#5405=EDGE_CURVE('',#4447,#4450,#2189,.T.);
#5406=EDGE_CURVE('',#4451,#4169,#2190,.T.);
#5407=EDGE_CURVE('',#4452,#4451,#2191,.T.);
#5408=EDGE_CURVE('',#4452,#4170,#2192,.T.);
#5409=EDGE_CURVE('',#4453,#4452,#2193,.T.);
#5410=EDGE_CURVE('',#4453,#4167,#2194,.T.);
#5411=EDGE_CURVE('',#4454,#4453,#2195,.T.);
#5412=EDGE_CURVE('',#4454,#4168,#2196,.T.);
#5413=EDGE_CURVE('',#4451,#4454,#2197,.T.);
#5414=EDGE_CURVE('',#4455,#4165,#2198,.T.);
#5415=EDGE_CURVE('',#4456,#4455,#2199,.T.);
#5416=EDGE_CURVE('',#4456,#4166,#2200,.T.);
#5417=EDGE_CURVE('',#4457,#4456,#2201,.T.);
#5418=EDGE_CURVE('',#4457,#4163,#2202,.T.);
#5419=EDGE_CURVE('',#4458,#4457,#2203,.T.);
#5420=EDGE_CURVE('',#4458,#4164,#2204,.T.);
#5421=EDGE_CURVE('',#4455,#4458,#2205,.T.);
#5422=EDGE_CURVE('',#4459,#4161,#2206,.T.);
#5423=EDGE_CURVE('',#4460,#4459,#2207,.T.);
#5424=EDGE_CURVE('',#4460,#4162,#2208,.T.);
#5425=EDGE_CURVE('',#4461,#4460,#2209,.T.);
#5426=EDGE_CURVE('',#4461,#4159,#2210,.T.);
#5427=EDGE_CURVE('',#4462,#4461,#2211,.T.);
#5428=EDGE_CURVE('',#4462,#4160,#2212,.T.);
#5429=EDGE_CURVE('',#4459,#4462,#2213,.T.);
#5430=EDGE_CURVE('',#4463,#4157,#2214,.T.);
#5431=EDGE_CURVE('',#4464,#4463,#2215,.T.);
#5432=EDGE_CURVE('',#4464,#4158,#2216,.T.);
#5433=EDGE_CURVE('',#4465,#4464,#2217,.T.);
#5434=EDGE_CURVE('',#4465,#4155,#2218,.T.);
#5435=EDGE_CURVE('',#4466,#4465,#2219,.T.);
#5436=EDGE_CURVE('',#4466,#4156,#2220,.T.);
#5437=EDGE_CURVE('',#4463,#4466,#2221,.T.);
#5438=EDGE_CURVE('',#4467,#4137,#2222,.T.);
#5439=EDGE_CURVE('',#4468,#4467,#2223,.T.);
#5440=EDGE_CURVE('',#4468,#4138,#2224,.T.);
#5441=EDGE_CURVE('',#4469,#4468,#2225,.T.);
#5442=EDGE_CURVE('',#4469,#4139,#2226,.T.);
#5443=EDGE_CURVE('',#4470,#4469,#2227,.T.);
#5444=EDGE_CURVE('',#4470,#4140,#2228,.T.);
#5445=EDGE_CURVE('',#4471,#4470,#2229,.T.);
#5446=EDGE_CURVE('',#4471,#4141,#2230,.T.);
#5447=EDGE_CURVE('',#4472,#4471,#2231,.T.);
#5448=EDGE_CURVE('',#4472,#4142,#2232,.T.);
#5449=EDGE_CURVE('',#4473,#4472,#2233,.T.);
#5450=EDGE_CURVE('',#4473,#4143,#2234,.T.);
#5451=EDGE_CURVE('',#4474,#4473,#2235,.T.);
#5452=EDGE_CURVE('',#4474,#4144,#2236,.T.);
#5453=EDGE_CURVE('',#4475,#4474,#2237,.T.);
#5454=EDGE_CURVE('',#4475,#4145,#2238,.T.);
#5455=EDGE_CURVE('',#4476,#4475,#2239,.T.);
#5456=EDGE_CURVE('',#4476,#4146,#2240,.T.);
#5457=EDGE_CURVE('',#4477,#4476,#2241,.T.);
#5458=EDGE_CURVE('',#4477,#4147,#2242,.T.);
#5459=EDGE_CURVE('',#4478,#4477,#2243,.T.);
#5460=EDGE_CURVE('',#4478,#4148,#2244,.T.);
#5461=EDGE_CURVE('',#4479,#4478,#2245,.T.);
#5462=EDGE_CURVE('',#4479,#4149,#2246,.T.);
#5463=EDGE_CURVE('',#4480,#4479,#2247,.T.);
#5464=EDGE_CURVE('',#4480,#4150,#2248,.T.);
#5465=EDGE_CURVE('',#4481,#4480,#2249,.T.);
#5466=EDGE_CURVE('',#4481,#4151,#2250,.T.);
#5467=EDGE_CURVE('',#4482,#4481,#2251,.T.);
#5468=EDGE_CURVE('',#4482,#4152,#2252,.T.);
#5469=EDGE_CURVE('',#4483,#4482,#2253,.T.);
#5470=EDGE_CURVE('',#4483,#4153,#2254,.T.);
#5471=EDGE_CURVE('',#4484,#4483,#2255,.T.);
#5472=EDGE_CURVE('',#4484,#4154,#2256,.T.);
#5473=EDGE_CURVE('',#4485,#4484,#2257,.T.);
#5474=EDGE_CURVE('',#4485,#4119,#2258,.T.);
#5475=EDGE_CURVE('',#4486,#4485,#2259,.T.);
#5476=EDGE_CURVE('',#4486,#4120,#2260,.T.);
#5477=EDGE_CURVE('',#4487,#4486,#2261,.T.);
#5478=EDGE_CURVE('',#4487,#4121,#2262,.T.);
#5479=EDGE_CURVE('',#4488,#4487,#2263,.T.);
#5480=EDGE_CURVE('',#4488,#4122,#2264,.T.);
#5481=EDGE_CURVE('',#4489,#4488,#2265,.T.);
#5482=EDGE_CURVE('',#4489,#4123,#2266,.T.);
#5483=EDGE_CURVE('',#4490,#4489,#2267,.T.);
#5484=EDGE_CURVE('',#4490,#4124,#2268,.T.);
#5485=EDGE_CURVE('',#4491,#4490,#2269,.T.);
#5486=EDGE_CURVE('',#4491,#4125,#2270,.T.);
#5487=EDGE_CURVE('',#4492,#4491,#2271,.T.);
#5488=EDGE_CURVE('',#4492,#4126,#2272,.T.);
#5489=EDGE_CURVE('',#4493,#4492,#2273,.T.);
#5490=EDGE_CURVE('',#4493,#4127,#2274,.T.);
#5491=EDGE_CURVE('',#4494,#4493,#2275,.T.);
#5492=EDGE_CURVE('',#4494,#4128,#2276,.T.);
#5493=EDGE_CURVE('',#4495,#4494,#2277,.T.);
#5494=EDGE_CURVE('',#4495,#4129,#2278,.T.);
#5495=EDGE_CURVE('',#4496,#4495,#2279,.T.);
#5496=EDGE_CURVE('',#4496,#4130,#2280,.T.);
#5497=EDGE_CURVE('',#4497,#4496,#2281,.T.);
#5498=EDGE_CURVE('',#4497,#4131,#2282,.T.);
#5499=EDGE_CURVE('',#4498,#4497,#2283,.T.);
#5500=EDGE_CURVE('',#4498,#4132,#2284,.T.);
#5501=EDGE_CURVE('',#4499,#4498,#2285,.T.);
#5502=EDGE_CURVE('',#4499,#4133,#2286,.T.);
#5503=EDGE_CURVE('',#4500,#4499,#2287,.T.);
#5504=EDGE_CURVE('',#4500,#4134,#2288,.T.);
#5505=EDGE_CURVE('',#4501,#4500,#2289,.T.);
#5506=EDGE_CURVE('',#4501,#4135,#2290,.T.);
#5507=EDGE_CURVE('',#4502,#4501,#2291,.T.);
#5508=EDGE_CURVE('',#4502,#4136,#2292,.T.);
#5509=EDGE_CURVE('',#4467,#4502,#2293,.T.);
#5510=EDGE_CURVE('',#4503,#4117,#2294,.T.);
#5511=EDGE_CURVE('',#4504,#4503,#2295,.T.);
#5512=EDGE_CURVE('',#4504,#4118,#2296,.T.);
#5513=EDGE_CURVE('',#4505,#4504,#2297,.T.);
#5514=EDGE_CURVE('',#4505,#4115,#2298,.T.);
#5515=EDGE_CURVE('',#4506,#4505,#2299,.T.);
#5516=EDGE_CURVE('',#4506,#4116,#2300,.T.);
#5517=EDGE_CURVE('',#4503,#4506,#2301,.T.);
#5518=EDGE_CURVE('',#4507,#4113,#2302,.T.);
#5519=EDGE_CURVE('',#4508,#4507,#2303,.T.);
#5520=EDGE_CURVE('',#4508,#4114,#2304,.T.);
#5521=EDGE_CURVE('',#4509,#4508,#2305,.T.);
#5522=EDGE_CURVE('',#4509,#4111,#2306,.T.);
#5523=EDGE_CURVE('',#4510,#4509,#2307,.T.);
#5524=EDGE_CURVE('',#4510,#4112,#2308,.T.);
#5525=EDGE_CURVE('',#4507,#4510,#2309,.T.);
#5526=EDGE_CURVE('',#4511,#4109,#2310,.T.);
#5527=EDGE_CURVE('',#4512,#4511,#2311,.T.);
#5528=EDGE_CURVE('',#4512,#4110,#2312,.T.);
#5529=EDGE_CURVE('',#4513,#4512,#2313,.T.);
#5530=EDGE_CURVE('',#4513,#4107,#2314,.T.);
#5531=EDGE_CURVE('',#4514,#4513,#2315,.T.);
#5532=EDGE_CURVE('',#4514,#4108,#2316,.T.);
#5533=EDGE_CURVE('',#4511,#4514,#2317,.T.);
#5534=EDGE_CURVE('',#4515,#4105,#2318,.T.);
#5535=EDGE_CURVE('',#4516,#4515,#2319,.T.);
#5536=EDGE_CURVE('',#4516,#4106,#2320,.T.);
#5537=EDGE_CURVE('',#4517,#4516,#2321,.T.);
#5538=EDGE_CURVE('',#4517,#4103,#2322,.T.);
#5539=EDGE_CURVE('',#4518,#4517,#2323,.T.);
#5540=EDGE_CURVE('',#4518,#4104,#2324,.T.);
#5541=EDGE_CURVE('',#4515,#4518,#2325,.T.);
#5542=EDGE_CURVE('',#4519,#4101,#2326,.T.);
#5543=EDGE_CURVE('',#4520,#4519,#2327,.T.);
#5544=EDGE_CURVE('',#4520,#4102,#2328,.T.);
#5545=EDGE_CURVE('',#4521,#4520,#2329,.T.);
#5546=EDGE_CURVE('',#4521,#4099,#2330,.T.);
#5547=EDGE_CURVE('',#4522,#4521,#2331,.T.);
#5548=EDGE_CURVE('',#4522,#4100,#2332,.T.);
#5549=EDGE_CURVE('',#4519,#4522,#2333,.T.);
#5550=EDGE_CURVE('',#4523,#4097,#2334,.T.);
#5551=EDGE_CURVE('',#4524,#4523,#2335,.T.);
#5552=EDGE_CURVE('',#4524,#4098,#2336,.T.);
#5553=EDGE_CURVE('',#4525,#4524,#2337,.T.);
#5554=EDGE_CURVE('',#4525,#4095,#2338,.T.);
#5555=EDGE_CURVE('',#4526,#4525,#2339,.T.);
#5556=EDGE_CURVE('',#4526,#4096,#2340,.T.);
#5557=EDGE_CURVE('',#4523,#4526,#2341,.T.);
#5558=EDGE_CURVE('',#4527,#4093,#2342,.T.);
#5559=EDGE_CURVE('',#4528,#4527,#2343,.T.);
#5560=EDGE_CURVE('',#4528,#4094,#2344,.T.);
#5561=EDGE_CURVE('',#4529,#4528,#2345,.T.);
#5562=EDGE_CURVE('',#4529,#4091,#2346,.T.);
#5563=EDGE_CURVE('',#4530,#4529,#2347,.T.);
#5564=EDGE_CURVE('',#4530,#4092,#2348,.T.);
#5565=EDGE_CURVE('',#4527,#4530,#2349,.T.);
#5566=EDGE_CURVE('',#4531,#4089,#2350,.T.);
#5567=EDGE_CURVE('',#4532,#4531,#2351,.T.);
#5568=EDGE_CURVE('',#4532,#4090,#2352,.T.);
#5569=EDGE_CURVE('',#4533,#4532,#2353,.T.);
#5570=EDGE_CURVE('',#4533,#4087,#2354,.T.);
#5571=EDGE_CURVE('',#4534,#4533,#2355,.T.);
#5572=EDGE_CURVE('',#4534,#4088,#2356,.T.);
#5573=EDGE_CURVE('',#4531,#4534,#2357,.T.);
#5574=EDGE_CURVE('',#4535,#4085,#2358,.T.);
#5575=EDGE_CURVE('',#4536,#4535,#2359,.T.);
#5576=EDGE_CURVE('',#4536,#4086,#2360,.T.);
#5577=EDGE_CURVE('',#4537,#4536,#2361,.T.);
#5578=EDGE_CURVE('',#4537,#4083,#2362,.T.);
#5579=EDGE_CURVE('',#4538,#4537,#2363,.T.);
#5580=EDGE_CURVE('',#4538,#4084,#2364,.T.);
#5581=EDGE_CURVE('',#4535,#4538,#2365,.T.);
#5582=EDGE_CURVE('',#4539,#4081,#2366,.T.);
#5583=EDGE_CURVE('',#4540,#4539,#2367,.T.);
#5584=EDGE_CURVE('',#4540,#4082,#2368,.T.);
#5585=EDGE_CURVE('',#4541,#4540,#2369,.T.);
#5586=EDGE_CURVE('',#4541,#4079,#2370,.T.);
#5587=EDGE_CURVE('',#4542,#4541,#2371,.T.);
#5588=EDGE_CURVE('',#4542,#4080,#2372,.T.);
#5589=EDGE_CURVE('',#4539,#4542,#2373,.T.);
#5590=EDGE_CURVE('',#4543,#4077,#2374,.T.);
#5591=EDGE_CURVE('',#4544,#4543,#2375,.T.);
#5592=EDGE_CURVE('',#4544,#4078,#2376,.T.);
#5593=EDGE_CURVE('',#4545,#4544,#2377,.T.);
#5594=EDGE_CURVE('',#4545,#4075,#2378,.T.);
#5595=EDGE_CURVE('',#4546,#4545,#2379,.T.);
#5596=EDGE_CURVE('',#4546,#4076,#2380,.T.);
#5597=EDGE_CURVE('',#4543,#4546,#2381,.T.);
#5598=EDGE_CURVE('',#4547,#4073,#2382,.T.);
#5599=EDGE_CURVE('',#4548,#4547,#2383,.T.);
#5600=EDGE_CURVE('',#4548,#4074,#2384,.T.);
#5601=EDGE_CURVE('',#4549,#4548,#2385,.T.);
#5602=EDGE_CURVE('',#4549,#4071,#2386,.T.);
#5603=EDGE_CURVE('',#4550,#4549,#2387,.T.);
#5604=EDGE_CURVE('',#4550,#4072,#2388,.T.);
#5605=EDGE_CURVE('',#4547,#4550,#2389,.T.);
#5606=EDGE_CURVE('',#4551,#4053,#2390,.T.);
#5607=EDGE_CURVE('',#4552,#4551,#2391,.T.);
#5608=EDGE_CURVE('',#4552,#4054,#2392,.T.);
#5609=EDGE_CURVE('',#4553,#4552,#2393,.T.);
#5610=EDGE_CURVE('',#4553,#4055,#2394,.T.);
#5611=EDGE_CURVE('',#4554,#4553,#2395,.T.);
#5612=EDGE_CURVE('',#4554,#4056,#2396,.T.);
#5613=EDGE_CURVE('',#4555,#4554,#2397,.T.);
#5614=EDGE_CURVE('',#4555,#4057,#2398,.T.);
#5615=EDGE_CURVE('',#4556,#4555,#2399,.T.);
#5616=EDGE_CURVE('',#4556,#4058,#2400,.T.);
#5617=EDGE_CURVE('',#4557,#4556,#2401,.T.);
#5618=EDGE_CURVE('',#4557,#4059,#2402,.T.);
#5619=EDGE_CURVE('',#4558,#4557,#2403,.T.);
#5620=EDGE_CURVE('',#4558,#4060,#2404,.T.);
#5621=EDGE_CURVE('',#4559,#4558,#2405,.T.);
#5622=EDGE_CURVE('',#4559,#4061,#2406,.T.);
#5623=EDGE_CURVE('',#4560,#4559,#2407,.T.);
#5624=EDGE_CURVE('',#4560,#4062,#2408,.T.);
#5625=EDGE_CURVE('',#4561,#4560,#2409,.T.);
#5626=EDGE_CURVE('',#4561,#4063,#2410,.T.);
#5627=EDGE_CURVE('',#4562,#4561,#2411,.T.);
#5628=EDGE_CURVE('',#4562,#4064,#2412,.T.);
#5629=EDGE_CURVE('',#4563,#4562,#2413,.T.);
#5630=EDGE_CURVE('',#4563,#4065,#2414,.T.);
#5631=EDGE_CURVE('',#4564,#4563,#2415,.T.);
#5632=EDGE_CURVE('',#4564,#4066,#2416,.T.);
#5633=EDGE_CURVE('',#4565,#4564,#2417,.T.);
#5634=EDGE_CURVE('',#4565,#4067,#2418,.T.);
#5635=EDGE_CURVE('',#4566,#4565,#2419,.T.);
#5636=EDGE_CURVE('',#4566,#4068,#2420,.T.);
#5637=EDGE_CURVE('',#4567,#4566,#2421,.T.);
#5638=EDGE_CURVE('',#4567,#4069,#2422,.T.);
#5639=EDGE_CURVE('',#4568,#4567,#2423,.T.);
#5640=EDGE_CURVE('',#4568,#4070,#2424,.T.);
#5641=EDGE_CURVE('',#4569,#4568,#2425,.T.);
#5642=EDGE_CURVE('',#4569,#4035,#2426,.T.);
#5643=EDGE_CURVE('',#4570,#4569,#2427,.T.);
#5644=EDGE_CURVE('',#4570,#4036,#2428,.T.);
#5645=EDGE_CURVE('',#4571,#4570,#2429,.T.);
#5646=EDGE_CURVE('',#4571,#4037,#2430,.T.);
#5647=EDGE_CURVE('',#4572,#4571,#2431,.T.);
#5648=EDGE_CURVE('',#4572,#4038,#2432,.T.);
#5649=EDGE_CURVE('',#4573,#4572,#2433,.T.);
#5650=EDGE_CURVE('',#4573,#4039,#2434,.T.);
#5651=EDGE_CURVE('',#4574,#4573,#2435,.T.);
#5652=EDGE_CURVE('',#4574,#4040,#2436,.T.);
#5653=EDGE_CURVE('',#4575,#4574,#2437,.T.);
#5654=EDGE_CURVE('',#4575,#4041,#2438,.T.);
#5655=EDGE_CURVE('',#4576,#4575,#2439,.T.);
#5656=EDGE_CURVE('',#4576,#4042,#2440,.T.);
#5657=EDGE_CURVE('',#4577,#4576,#2441,.T.);
#5658=EDGE_CURVE('',#4577,#4043,#2442,.T.);
#5659=EDGE_CURVE('',#4578,#4577,#2443,.T.);
#5660=EDGE_CURVE('',#4578,#4044,#2444,.T.);
#5661=EDGE_CURVE('',#4579,#4578,#2445,.T.);
#5662=EDGE_CURVE('',#4579,#4045,#2446,.T.);
#5663=EDGE_CURVE('',#4580,#4579,#2447,.T.);
#5664=EDGE_CURVE('',#4580,#4046,#2448,.T.);
#5665=EDGE_CURVE('',#4581,#4580,#2449,.T.);
#5666=EDGE_CURVE('',#4581,#4047,#2450,.T.);
#5667=EDGE_CURVE('',#4582,#4581,#2451,.T.);
#5668=EDGE_CURVE('',#4582,#4048,#2452,.T.);
#5669=EDGE_CURVE('',#4583,#4582,#2453,.T.);
#5670=EDGE_CURVE('',#4583,#4049,#2454,.T.);
#5671=EDGE_CURVE('',#4584,#4583,#2455,.T.);
#5672=EDGE_CURVE('',#4584,#4050,#2456,.T.);
#5673=EDGE_CURVE('',#4585,#4584,#2457,.T.);
#5674=EDGE_CURVE('',#4585,#4051,#2458,.T.);
#5675=EDGE_CURVE('',#4586,#4585,#2459,.T.);
#5676=EDGE_CURVE('',#4586,#4052,#2460,.T.);
#5677=EDGE_CURVE('',#4551,#4586,#2461,.T.);
#5678=EDGE_CURVE('',#4587,#4033,#2462,.T.);
#5679=EDGE_CURVE('',#4588,#4587,#2463,.T.);
#5680=EDGE_CURVE('',#4588,#4034,#2464,.T.);
#5681=EDGE_CURVE('',#4589,#4588,#2465,.T.);
#5682=EDGE_CURVE('',#4589,#4031,#2466,.T.);
#5683=EDGE_CURVE('',#4590,#4589,#2467,.T.);
#5684=EDGE_CURVE('',#4590,#4032,#2468,.T.);
#5685=EDGE_CURVE('',#4587,#4590,#2469,.T.);
#5686=EDGE_CURVE('',#4591,#4029,#2470,.T.);
#5687=EDGE_CURVE('',#4592,#4591,#2471,.T.);
#5688=EDGE_CURVE('',#4592,#4030,#2472,.T.);
#5689=EDGE_CURVE('',#4593,#4592,#2473,.T.);
#5690=EDGE_CURVE('',#4593,#4027,#2474,.T.);
#5691=EDGE_CURVE('',#4594,#4593,#2475,.T.);
#5692=EDGE_CURVE('',#4594,#4028,#2476,.T.);
#5693=EDGE_CURVE('',#4591,#4594,#2477,.T.);
#5694=EDGE_CURVE('',#4595,#4025,#2478,.T.);
#5695=EDGE_CURVE('',#4596,#4595,#2479,.T.);
#5696=EDGE_CURVE('',#4596,#4026,#2480,.T.);
#5697=EDGE_CURVE('',#4597,#4596,#2481,.T.);
#5698=EDGE_CURVE('',#4597,#4023,#2482,.T.);
#5699=EDGE_CURVE('',#4598,#4597,#2483,.T.);
#5700=EDGE_CURVE('',#4598,#4024,#2484,.T.);
#5701=EDGE_CURVE('',#4595,#4598,#2485,.T.);
#5702=EDGE_CURVE('',#4599,#4021,#2486,.T.);
#5703=EDGE_CURVE('',#4600,#4599,#2487,.T.);
#5704=EDGE_CURVE('',#4600,#4022,#2488,.T.);
#5705=EDGE_CURVE('',#4601,#4600,#2489,.T.);
#5706=EDGE_CURVE('',#4601,#4019,#2490,.T.);
#5707=EDGE_CURVE('',#4602,#4601,#2491,.T.);
#5708=EDGE_CURVE('',#4602,#4020,#2492,.T.);
#5709=EDGE_CURVE('',#4599,#4602,#2493,.T.);
#5710=EDGE_CURVE('',#4603,#4017,#2494,.T.);
#5711=EDGE_CURVE('',#4604,#4603,#2495,.T.);
#5712=EDGE_CURVE('',#4604,#4018,#2496,.T.);
#5713=EDGE_CURVE('',#4605,#4604,#2497,.T.);
#5714=EDGE_CURVE('',#4605,#4015,#2498,.T.);
#5715=EDGE_CURVE('',#4606,#4605,#2499,.T.);
#5716=EDGE_CURVE('',#4606,#4016,#2500,.T.);
#5717=EDGE_CURVE('',#4603,#4606,#2501,.T.);
#5718=EDGE_CURVE('',#4607,#4013,#2502,.T.);
#5719=EDGE_CURVE('',#4608,#4607,#2503,.T.);
#5720=EDGE_CURVE('',#4608,#4014,#2504,.T.);
#5721=EDGE_CURVE('',#4609,#4608,#2505,.T.);
#5722=EDGE_CURVE('',#4609,#4011,#2506,.T.);
#5723=EDGE_CURVE('',#4610,#4609,#2507,.T.);
#5724=EDGE_CURVE('',#4610,#4012,#2508,.T.);
#5725=EDGE_CURVE('',#4607,#4610,#2509,.T.);
#5726=EDGE_CURVE('',#4611,#4009,#2510,.T.);
#5727=EDGE_CURVE('',#4612,#4611,#2511,.T.);
#5728=EDGE_CURVE('',#4612,#4010,#2512,.T.);
#5729=EDGE_CURVE('',#4613,#4612,#2513,.T.);
#5730=EDGE_CURVE('',#4613,#4007,#2514,.T.);
#5731=EDGE_CURVE('',#4614,#4613,#2515,.T.);
#5732=EDGE_CURVE('',#4614,#4008,#2516,.T.);
#5733=EDGE_CURVE('',#4611,#4614,#2517,.T.);
#5734=EDGE_CURVE('',#4615,#4005,#2518,.T.);
#5735=EDGE_CURVE('',#4616,#4615,#2519,.T.);
#5736=EDGE_CURVE('',#4616,#4006,#2520,.T.);
#5737=EDGE_CURVE('',#4617,#4616,#2521,.T.);
#5738=EDGE_CURVE('',#4617,#4003,#2522,.T.);
#5739=EDGE_CURVE('',#4618,#4617,#2523,.T.);
#5740=EDGE_CURVE('',#4618,#4004,#2524,.T.);
#5741=EDGE_CURVE('',#4615,#4618,#2525,.T.);
#5742=EDGE_CURVE('',#4619,#4001,#2526,.T.);
#5743=EDGE_CURVE('',#4620,#4619,#2527,.T.);
#5744=EDGE_CURVE('',#4620,#4002,#2528,.T.);
#5745=EDGE_CURVE('',#4621,#4620,#2529,.T.);
#5746=EDGE_CURVE('',#4621,#3999,#2530,.T.);
#5747=EDGE_CURVE('',#4622,#4621,#2531,.T.);
#5748=EDGE_CURVE('',#4622,#4000,#2532,.T.);
#5749=EDGE_CURVE('',#4619,#4622,#2533,.T.);
#5750=EDGE_CURVE('',#4623,#3997,#2534,.T.);
#5751=EDGE_CURVE('',#4624,#4623,#2535,.T.);
#5752=EDGE_CURVE('',#4624,#3998,#2536,.T.);
#5753=EDGE_CURVE('',#4625,#4624,#2537,.T.);
#5754=EDGE_CURVE('',#4625,#3995,#2538,.T.);
#5755=EDGE_CURVE('',#4626,#4625,#2539,.T.);
#5756=EDGE_CURVE('',#4626,#3996,#2540,.T.);
#5757=EDGE_CURVE('',#4623,#4626,#2541,.T.);
#5758=EDGE_CURVE('',#4627,#3993,#2542,.T.);
#5759=EDGE_CURVE('',#4628,#4627,#2543,.T.);
#5760=EDGE_CURVE('',#4628,#3994,#2544,.T.);
#5761=EDGE_CURVE('',#4629,#4628,#2545,.T.);
#5762=EDGE_CURVE('',#4629,#3991,#2546,.T.);
#5763=EDGE_CURVE('',#4630,#4629,#2547,.T.);
#5764=EDGE_CURVE('',#4630,#3992,#2548,.T.);
#5765=EDGE_CURVE('',#4627,#4630,#2549,.T.);
#5766=EDGE_CURVE('',#4631,#3989,#2550,.T.);
#5767=EDGE_CURVE('',#4632,#4631,#2551,.T.);
#5768=EDGE_CURVE('',#4632,#3990,#2552,.T.);
#5769=EDGE_CURVE('',#4633,#4632,#2553,.T.);
#5770=EDGE_CURVE('',#4633,#3987,#2554,.T.);
#5771=EDGE_CURVE('',#4634,#4633,#2555,.T.);
#5772=EDGE_CURVE('',#4634,#3988,#2556,.T.);
#5773=EDGE_CURVE('',#4631,#4634,#2557,.T.);
#5774=EDGE_CURVE('',#4635,#3985,#2558,.T.);
#5775=EDGE_CURVE('',#4636,#4635,#2559,.T.);
#5776=EDGE_CURVE('',#4636,#3986,#2560,.T.);
#5777=EDGE_CURVE('',#4637,#4636,#2561,.T.);
#5778=EDGE_CURVE('',#4637,#3983,#2562,.T.);
#5779=EDGE_CURVE('',#4638,#4637,#2563,.T.);
#5780=EDGE_CURVE('',#4638,#3984,#2564,.T.);
#5781=EDGE_CURVE('',#4635,#4638,#2565,.T.);
#5782=EDGE_CURVE('',#4639,#3981,#2566,.T.);
#5783=EDGE_CURVE('',#4640,#4639,#2567,.T.);
#5784=EDGE_CURVE('',#4640,#3982,#2568,.T.);
#5785=EDGE_CURVE('',#4641,#4640,#2569,.T.);
#5786=EDGE_CURVE('',#4641,#3979,#2570,.T.);
#5787=EDGE_CURVE('',#4642,#4641,#2571,.T.);
#5788=EDGE_CURVE('',#4642,#3980,#2572,.T.);
#5789=EDGE_CURVE('',#4639,#4642,#2573,.T.);
#5790=EDGE_CURVE('',#4643,#3977,#2574,.T.);
#5791=EDGE_CURVE('',#4644,#4643,#2575,.T.);
#5792=EDGE_CURVE('',#4644,#3978,#2576,.T.);
#5793=EDGE_CURVE('',#4645,#4644,#2577,.T.);
#5794=EDGE_CURVE('',#4645,#3975,#2578,.T.);
#5795=EDGE_CURVE('',#4646,#4645,#2579,.T.);
#5796=EDGE_CURVE('',#4646,#3976,#2580,.T.);
#5797=EDGE_CURVE('',#4643,#4646,#2581,.T.);
#5798=EDGE_CURVE('',#4647,#3973,#2582,.T.);
#5799=EDGE_CURVE('',#4648,#4647,#2583,.T.);
#5800=EDGE_CURVE('',#4648,#3974,#2584,.T.);
#5801=EDGE_CURVE('',#4649,#4648,#2585,.T.);
#5802=EDGE_CURVE('',#4649,#3971,#2586,.T.);
#5803=EDGE_CURVE('',#4650,#4649,#2587,.T.);
#5804=EDGE_CURVE('',#4650,#3972,#2588,.T.);
#5805=EDGE_CURVE('',#4647,#4650,#2589,.T.);
#5806=EDGE_CURVE('',#4651,#3969,#2590,.T.);
#5807=EDGE_CURVE('',#4652,#4651,#2591,.T.);
#5808=EDGE_CURVE('',#4652,#3970,#2592,.T.);
#5809=EDGE_CURVE('',#4653,#4652,#2593,.T.);
#5810=EDGE_CURVE('',#4653,#3967,#2594,.T.);
#5811=EDGE_CURVE('',#4654,#4653,#2595,.T.);
#5812=EDGE_CURVE('',#4654,#3968,#2596,.T.);
#5813=EDGE_CURVE('',#4651,#4654,#2597,.T.);
#5814=EDGE_CURVE('',#4655,#3965,#2598,.T.);
#5815=EDGE_CURVE('',#4656,#4655,#2599,.T.);
#5816=EDGE_CURVE('',#4656,#3966,#2600,.T.);
#5817=EDGE_CURVE('',#4657,#4656,#2601,.T.);
#5818=EDGE_CURVE('',#4657,#3963,#2602,.T.);
#5819=EDGE_CURVE('',#4658,#4657,#2603,.T.);
#5820=EDGE_CURVE('',#4658,#3964,#2604,.T.);
#5821=EDGE_CURVE('',#4655,#4658,#2605,.T.);
#5822=EDGE_CURVE('',#4659,#3961,#2606,.T.);
#5823=EDGE_CURVE('',#4660,#4659,#2607,.T.);
#5824=EDGE_CURVE('',#4660,#3962,#2608,.T.);
#5825=EDGE_CURVE('',#4661,#4660,#2609,.T.);
#5826=EDGE_CURVE('',#4661,#3959,#2610,.T.);
#5827=EDGE_CURVE('',#4662,#4661,#2611,.T.);
#5828=EDGE_CURVE('',#4662,#3960,#2612,.T.);
#5829=EDGE_CURVE('',#4659,#4662,#2613,.T.);
#5830=EDGE_CURVE('',#4663,#3941,#2614,.T.);
#5831=EDGE_CURVE('',#4664,#4663,#2615,.T.);
#5832=EDGE_CURVE('',#4664,#3942,#2616,.T.);
#5833=EDGE_CURVE('',#4665,#4664,#2617,.T.);
#5834=EDGE_CURVE('',#4665,#3943,#2618,.T.);
#5835=EDGE_CURVE('',#4666,#4665,#2619,.T.);
#5836=EDGE_CURVE('',#4666,#3944,#2620,.T.);
#5837=EDGE_CURVE('',#4667,#4666,#2621,.T.);
#5838=EDGE_CURVE('',#4667,#3945,#2622,.T.);
#5839=EDGE_CURVE('',#4668,#4667,#2623,.T.);
#5840=EDGE_CURVE('',#4668,#3946,#2624,.T.);
#5841=EDGE_CURVE('',#4669,#4668,#2625,.T.);
#5842=EDGE_CURVE('',#4669,#3947,#2626,.T.);
#5843=EDGE_CURVE('',#4670,#4669,#2627,.T.);
#5844=EDGE_CURVE('',#4670,#3948,#2628,.T.);
#5845=EDGE_CURVE('',#4671,#4670,#2629,.T.);
#5846=EDGE_CURVE('',#4671,#3949,#2630,.T.);
#5847=EDGE_CURVE('',#4672,#4671,#2631,.T.);
#5848=EDGE_CURVE('',#4672,#3950,#2632,.T.);
#5849=EDGE_CURVE('',#4673,#4672,#2633,.T.);
#5850=EDGE_CURVE('',#4673,#3951,#2634,.T.);
#5851=EDGE_CURVE('',#4674,#4673,#2635,.T.);
#5852=EDGE_CURVE('',#4674,#3952,#2636,.T.);
#5853=EDGE_CURVE('',#4675,#4674,#2637,.T.);
#5854=EDGE_CURVE('',#4675,#3953,#2638,.T.);
#5855=EDGE_CURVE('',#4676,#4675,#2639,.T.);
#5856=EDGE_CURVE('',#4676,#3954,#2640,.T.);
#5857=EDGE_CURVE('',#4677,#4676,#2641,.T.);
#5858=EDGE_CURVE('',#4677,#3955,#2642,.T.);
#5859=EDGE_CURVE('',#4678,#4677,#2643,.T.);
#5860=EDGE_CURVE('',#4678,#3956,#2644,.T.);
#5861=EDGE_CURVE('',#4679,#4678,#2645,.T.);
#5862=EDGE_CURVE('',#4679,#3957,#2646,.T.);
#5863=EDGE_CURVE('',#4680,#4679,#2647,.T.);
#5864=EDGE_CURVE('',#4680,#3958,#2648,.T.);
#5865=EDGE_CURVE('',#4681,#4680,#2649,.T.);
#5866=EDGE_CURVE('',#4681,#3923,#2650,.T.);
#5867=EDGE_CURVE('',#4682,#4681,#2651,.T.);
#5868=EDGE_CURVE('',#4682,#3924,#2652,.T.);
#5869=EDGE_CURVE('',#4683,#4682,#2653,.T.);
#5870=EDGE_CURVE('',#4683,#3925,#2654,.T.);
#5871=EDGE_CURVE('',#4684,#4683,#2655,.T.);
#5872=EDGE_CURVE('',#4684,#3926,#2656,.T.);
#5873=EDGE_CURVE('',#4685,#4684,#2657,.T.);
#5874=EDGE_CURVE('',#4685,#3927,#2658,.T.);
#5875=EDGE_CURVE('',#4686,#4685,#2659,.T.);
#5876=EDGE_CURVE('',#4686,#3928,#2660,.T.);
#5877=EDGE_CURVE('',#4687,#4686,#2661,.T.);
#5878=EDGE_CURVE('',#4687,#3929,#2662,.T.);
#5879=EDGE_CURVE('',#4688,#4687,#2663,.T.);
#5880=EDGE_CURVE('',#4688,#3930,#2664,.T.);
#5881=EDGE_CURVE('',#4689,#4688,#2665,.T.);
#5882=EDGE_CURVE('',#4689,#3931,#2666,.T.);
#5883=EDGE_CURVE('',#4690,#4689,#2667,.T.);
#5884=EDGE_CURVE('',#4690,#3932,#2668,.T.);
#5885=EDGE_CURVE('',#4691,#4690,#2669,.T.);
#5886=EDGE_CURVE('',#4691,#3933,#2670,.T.);
#5887=EDGE_CURVE('',#4692,#4691,#2671,.T.);
#5888=EDGE_CURVE('',#4692,#3934,#2672,.T.);
#5889=EDGE_CURVE('',#4693,#4692,#2673,.T.);
#5890=EDGE_CURVE('',#4693,#3935,#2674,.T.);
#5891=EDGE_CURVE('',#4694,#4693,#2675,.T.);
#5892=EDGE_CURVE('',#4694,#3936,#2676,.T.);
#5893=EDGE_CURVE('',#4695,#4694,#2677,.T.);
#5894=EDGE_CURVE('',#4695,#3937,#2678,.T.);
#5895=EDGE_CURVE('',#4696,#4695,#2679,.T.);
#5896=EDGE_CURVE('',#4696,#3938,#2680,.T.);
#5897=EDGE_CURVE('',#4697,#4696,#2681,.T.);
#5898=EDGE_CURVE('',#4697,#3939,#2682,.T.);
#5899=EDGE_CURVE('',#4698,#4697,#2683,.T.);
#5900=EDGE_CURVE('',#4698,#3940,#2684,.T.);
#5901=EDGE_CURVE('',#4663,#4698,#2685,.T.);
#5902=EDGE_CURVE('',#3912,#4699,#2686,.T.);
#5903=EDGE_CURVE('',#4699,#3922,#2687,.T.);
#5904=EDGE_CURVE('',#4699,#4700,#2688,.T.);
#5905=EDGE_CURVE('',#4700,#3921,#2689,.T.);
#5906=EDGE_CURVE('',#4700,#3907,#2690,.T.);
#5907=ORIENTED_EDGE('',*,*,#4701,.F.);
#5908=ORIENTED_EDGE('',*,*,#4702,.T.);
#5909=ORIENTED_EDGE('',*,*,#4703,.F.);
#5910=ORIENTED_EDGE('',*,*,#4702,.F.);
#5911=ORIENTED_EDGE('',*,*,#4704,.F.);
#5912=ORIENTED_EDGE('',*,*,#4705,.T.);
#5913=ORIENTED_EDGE('',*,*,#4706,.F.);
#5914=ORIENTED_EDGE('',*,*,#4705,.F.);
#5915=ORIENTED_EDGE('',*,*,#4707,.F.);
#5916=ORIENTED_EDGE('',*,*,#4708,.T.);
#5917=ORIENTED_EDGE('',*,*,#4709,.F.);
#5918=ORIENTED_EDGE('',*,*,#4708,.F.);
#5919=ORIENTED_EDGE('',*,*,#4710,.F.);
#5920=ORIENTED_EDGE('',*,*,#4711,.T.);
#5921=ORIENTED_EDGE('',*,*,#4712,.F.);
#5922=ORIENTED_EDGE('',*,*,#4711,.F.);
#5923=ORIENTED_EDGE('',*,*,#4713,.T.);
#5924=ORIENTED_EDGE('',*,*,#4714,.T.);
#5925=ORIENTED_EDGE('',*,*,#4715,.T.);
#5926=ORIENTED_EDGE('',*,*,#4716,.T.);
#5927=ORIENTED_EDGE('',*,*,#4717,.T.);
#5928=ORIENTED_EDGE('',*,*,#4718,.T.);
#5929=ORIENTED_EDGE('',*,*,#4719,.T.);
#5930=ORIENTED_EDGE('',*,*,#4720,.T.);
#5931=ORIENTED_EDGE('',*,*,#4721,.T.);
#5932=ORIENTED_EDGE('',*,*,#4722,.T.);
#5933=ORIENTED_EDGE('',*,*,#4723,.T.);
#5934=ORIENTED_EDGE('',*,*,#4724,.T.);
#5935=ORIENTED_EDGE('',*,*,#4722,.F.);
#5936=ORIENTED_EDGE('',*,*,#4725,.T.);
#5937=ORIENTED_EDGE('',*,*,#4713,.F.);
#5938=ORIENTED_EDGE('',*,*,#4726,.F.);
#5939=ORIENTED_EDGE('',*,*,#4727,.T.);
#5940=ORIENTED_EDGE('',*,*,#4728,.T.);
#5941=ORIENTED_EDGE('',*,*,#4729,.T.);
#5942=ORIENTED_EDGE('',*,*,#4730,.T.);
#5943=ORIENTED_EDGE('',*,*,#4724,.F.);
#5944=ORIENTED_EDGE('',*,*,#4731,.F.);
#5945=ORIENTED_EDGE('',*,*,#4728,.F.);
#5946=ORIENTED_EDGE('',*,*,#4732,.F.);
#5947=ORIENTED_EDGE('',*,*,#4730,.F.);
#5948=ORIENTED_EDGE('',*,*,#4733,.T.);
#5949=ORIENTED_EDGE('',*,*,#4717,.F.);
#5950=ORIENTED_EDGE('',*,*,#4734,.F.);
#5951=ORIENTED_EDGE('',*,*,#4733,.F.);
#5952=ORIENTED_EDGE('',*,*,#4729,.F.);
#5953=ORIENTED_EDGE('',*,*,#4731,.T.);
#5954=ORIENTED_EDGE('',*,*,#4723,.F.);
#5955=ORIENTED_EDGE('',*,*,#4726,.T.);
#5956=ORIENTED_EDGE('',*,*,#4716,.F.);
#5957=ORIENTED_EDGE('',*,*,#4735,.F.);
#5958=ORIENTED_EDGE('',*,*,#4736,.T.);
#5959=ORIENTED_EDGE('',*,*,#4737,.T.);
#5960=ORIENTED_EDGE('',*,*,#4718,.F.);
#5961=ORIENTED_EDGE('',*,*,#4703,.T.);
#5962=ORIENTED_EDGE('',*,*,#4706,.T.);
#5963=ORIENTED_EDGE('',*,*,#4709,.T.);
#5964=ORIENTED_EDGE('',*,*,#4712,.T.);
#5965=ORIENTED_EDGE('',*,*,#4738,.T.);
#5966=ORIENTED_EDGE('',*,*,#4739,.T.);
#5967=ORIENTED_EDGE('',*,*,#4740,.T.);
#5968=ORIENTED_EDGE('',*,*,#4741,.T.);
#5969=ORIENTED_EDGE('',*,*,#4742,.T.);
#5970=ORIENTED_EDGE('',*,*,#4743,.T.);
#5971=ORIENTED_EDGE('',*,*,#4744,.T.);
#5972=ORIENTED_EDGE('',*,*,#4745,.T.);
#5973=ORIENTED_EDGE('',*,*,#4746,.T.);
#5974=ORIENTED_EDGE('',*,*,#4747,.T.);
#5975=ORIENTED_EDGE('',*,*,#4748,.T.);
#5976=ORIENTED_EDGE('',*,*,#4749,.T.);
#5977=ORIENTED_EDGE('',*,*,#4750,.T.);
#5978=ORIENTED_EDGE('',*,*,#4751,.T.);
#5979=ORIENTED_EDGE('',*,*,#4752,.T.);
#5980=ORIENTED_EDGE('',*,*,#4753,.T.);
#5981=ORIENTED_EDGE('',*,*,#4754,.T.);
#5982=ORIENTED_EDGE('',*,*,#4755,.T.);
#5983=ORIENTED_EDGE('',*,*,#4756,.T.);
#5984=ORIENTED_EDGE('',*,*,#4757,.T.);
#5985=ORIENTED_EDGE('',*,*,#4758,.T.);
#5986=ORIENTED_EDGE('',*,*,#4759,.T.);
#5987=ORIENTED_EDGE('',*,*,#4760,.T.);
#5988=ORIENTED_EDGE('',*,*,#4761,.T.);
#5989=ORIENTED_EDGE('',*,*,#4762,.T.);
#5990=ORIENTED_EDGE('',*,*,#4763,.T.);
#5991=ORIENTED_EDGE('',*,*,#4764,.T.);
#5992=ORIENTED_EDGE('',*,*,#4765,.T.);
#5993=ORIENTED_EDGE('',*,*,#4766,.T.);
#5994=ORIENTED_EDGE('',*,*,#4767,.T.);
#5995=ORIENTED_EDGE('',*,*,#4768,.T.);
#5996=ORIENTED_EDGE('',*,*,#4769,.T.);
#5997=ORIENTED_EDGE('',*,*,#4770,.T.);
#5998=ORIENTED_EDGE('',*,*,#4771,.T.);
#5999=ORIENTED_EDGE('',*,*,#4772,.T.);
#6000=ORIENTED_EDGE('',*,*,#4773,.T.);
#6001=ORIENTED_EDGE('',*,*,#4774,.T.);
#6002=ORIENTED_EDGE('',*,*,#4775,.T.);
#6003=ORIENTED_EDGE('',*,*,#4776,.T.);
#6004=ORIENTED_EDGE('',*,*,#4777,.T.);
#6005=ORIENTED_EDGE('',*,*,#4778,.T.);
#6006=ORIENTED_EDGE('',*,*,#4779,.T.);
#6007=ORIENTED_EDGE('',*,*,#4780,.T.);
#6008=ORIENTED_EDGE('',*,*,#4781,.T.);
#6009=ORIENTED_EDGE('',*,*,#4782,.T.);
#6010=ORIENTED_EDGE('',*,*,#4783,.T.);
#6011=ORIENTED_EDGE('',*,*,#4784,.T.);
#6012=ORIENTED_EDGE('',*,*,#4785,.T.);
#6013=ORIENTED_EDGE('',*,*,#4786,.T.);
#6014=ORIENTED_EDGE('',*,*,#4787,.T.);
#6015=ORIENTED_EDGE('',*,*,#4788,.T.);
#6016=ORIENTED_EDGE('',*,*,#4789,.T.);
#6017=ORIENTED_EDGE('',*,*,#4790,.T.);
#6018=ORIENTED_EDGE('',*,*,#4791,.T.);
#6019=ORIENTED_EDGE('',*,*,#4792,.T.);
#6020=ORIENTED_EDGE('',*,*,#4793,.T.);
#6021=ORIENTED_EDGE('',*,*,#4794,.T.);
#6022=ORIENTED_EDGE('',*,*,#4795,.T.);
#6023=ORIENTED_EDGE('',*,*,#4796,.T.);
#6024=ORIENTED_EDGE('',*,*,#4797,.T.);
#6025=ORIENTED_EDGE('',*,*,#4798,.T.);
#6026=ORIENTED_EDGE('',*,*,#4799,.T.);
#6027=ORIENTED_EDGE('',*,*,#4800,.T.);
#6028=ORIENTED_EDGE('',*,*,#4801,.T.);
#6029=ORIENTED_EDGE('',*,*,#4802,.T.);
#6030=ORIENTED_EDGE('',*,*,#4803,.T.);
#6031=ORIENTED_EDGE('',*,*,#4804,.T.);
#6032=ORIENTED_EDGE('',*,*,#4805,.T.);
#6033=ORIENTED_EDGE('',*,*,#4806,.T.);
#6034=ORIENTED_EDGE('',*,*,#4807,.T.);
#6035=ORIENTED_EDGE('',*,*,#4808,.T.);
#6036=ORIENTED_EDGE('',*,*,#4809,.T.);
#6037=ORIENTED_EDGE('',*,*,#4810,.T.);
#6038=ORIENTED_EDGE('',*,*,#4811,.T.);
#6039=ORIENTED_EDGE('',*,*,#4812,.T.);
#6040=ORIENTED_EDGE('',*,*,#4813,.T.);
#6041=ORIENTED_EDGE('',*,*,#4814,.T.);
#6042=ORIENTED_EDGE('',*,*,#4815,.T.);
#6043=ORIENTED_EDGE('',*,*,#4816,.T.);
#6044=ORIENTED_EDGE('',*,*,#4817,.T.);
#6045=ORIENTED_EDGE('',*,*,#4818,.T.);
#6046=ORIENTED_EDGE('',*,*,#4819,.T.);
#6047=ORIENTED_EDGE('',*,*,#4820,.T.);
#6048=ORIENTED_EDGE('',*,*,#4821,.T.);
#6049=ORIENTED_EDGE('',*,*,#4822,.T.);
#6050=ORIENTED_EDGE('',*,*,#4823,.T.);
#6051=ORIENTED_EDGE('',*,*,#4824,.T.);
#6052=ORIENTED_EDGE('',*,*,#4825,.T.);
#6053=ORIENTED_EDGE('',*,*,#4826,.T.);
#6054=ORIENTED_EDGE('',*,*,#4827,.T.);
#6055=ORIENTED_EDGE('',*,*,#4828,.T.);
#6056=ORIENTED_EDGE('',*,*,#4829,.T.);
#6057=ORIENTED_EDGE('',*,*,#4830,.T.);
#6058=ORIENTED_EDGE('',*,*,#4831,.T.);
#6059=ORIENTED_EDGE('',*,*,#4832,.T.);
#6060=ORIENTED_EDGE('',*,*,#4833,.T.);
#6061=ORIENTED_EDGE('',*,*,#4834,.T.);
#6062=ORIENTED_EDGE('',*,*,#4835,.T.);
#6063=ORIENTED_EDGE('',*,*,#4836,.T.);
#6064=ORIENTED_EDGE('',*,*,#4837,.T.);
#6065=ORIENTED_EDGE('',*,*,#4838,.T.);
#6066=ORIENTED_EDGE('',*,*,#4839,.T.);
#6067=ORIENTED_EDGE('',*,*,#4840,.T.);
#6068=ORIENTED_EDGE('',*,*,#4841,.T.);
#6069=ORIENTED_EDGE('',*,*,#4842,.T.);
#6070=ORIENTED_EDGE('',*,*,#4843,.T.);
#6071=ORIENTED_EDGE('',*,*,#4844,.T.);
#6072=ORIENTED_EDGE('',*,*,#4845,.T.);
#6073=ORIENTED_EDGE('',*,*,#4846,.T.);
#6074=ORIENTED_EDGE('',*,*,#4847,.T.);
#6075=ORIENTED_EDGE('',*,*,#4848,.T.);
#6076=ORIENTED_EDGE('',*,*,#4849,.T.);
#6077=ORIENTED_EDGE('',*,*,#4850,.T.);
#6078=ORIENTED_EDGE('',*,*,#4851,.T.);
#6079=ORIENTED_EDGE('',*,*,#4852,.T.);
#6080=ORIENTED_EDGE('',*,*,#4853,.T.);
#6081=ORIENTED_EDGE('',*,*,#4854,.T.);
#6082=ORIENTED_EDGE('',*,*,#4855,.T.);
#6083=ORIENTED_EDGE('',*,*,#4856,.T.);
#6084=ORIENTED_EDGE('',*,*,#4857,.T.);
#6085=ORIENTED_EDGE('',*,*,#4858,.T.);
#6086=ORIENTED_EDGE('',*,*,#4859,.T.);
#6087=ORIENTED_EDGE('',*,*,#4860,.T.);
#6088=ORIENTED_EDGE('',*,*,#4861,.T.);
#6089=ORIENTED_EDGE('',*,*,#4862,.T.);
#6090=ORIENTED_EDGE('',*,*,#4863,.T.);
#6091=ORIENTED_EDGE('',*,*,#4864,.T.);
#6092=ORIENTED_EDGE('',*,*,#4865,.T.);
#6093=ORIENTED_EDGE('',*,*,#4866,.T.);
#6094=ORIENTED_EDGE('',*,*,#4867,.T.);
#6095=ORIENTED_EDGE('',*,*,#4868,.T.);
#6096=ORIENTED_EDGE('',*,*,#4869,.T.);
#6097=ORIENTED_EDGE('',*,*,#4870,.T.);
#6098=ORIENTED_EDGE('',*,*,#4871,.T.);
#6099=ORIENTED_EDGE('',*,*,#4872,.T.);
#6100=ORIENTED_EDGE('',*,*,#4873,.T.);
#6101=ORIENTED_EDGE('',*,*,#4874,.T.);
#6102=ORIENTED_EDGE('',*,*,#4875,.T.);
#6103=ORIENTED_EDGE('',*,*,#4876,.T.);
#6104=ORIENTED_EDGE('',*,*,#4877,.T.);
#6105=ORIENTED_EDGE('',*,*,#4878,.T.);
#6106=ORIENTED_EDGE('',*,*,#4879,.T.);
#6107=ORIENTED_EDGE('',*,*,#4880,.T.);
#6108=ORIENTED_EDGE('',*,*,#4881,.T.);
#6109=ORIENTED_EDGE('',*,*,#4882,.T.);
#6110=ORIENTED_EDGE('',*,*,#4883,.T.);
#6111=ORIENTED_EDGE('',*,*,#4884,.T.);
#6112=ORIENTED_EDGE('',*,*,#4885,.T.);
#6113=ORIENTED_EDGE('',*,*,#4886,.T.);
#6114=ORIENTED_EDGE('',*,*,#4887,.T.);
#6115=ORIENTED_EDGE('',*,*,#4888,.T.);
#6116=ORIENTED_EDGE('',*,*,#4889,.T.);
#6117=ORIENTED_EDGE('',*,*,#4890,.T.);
#6118=ORIENTED_EDGE('',*,*,#4891,.T.);
#6119=ORIENTED_EDGE('',*,*,#4892,.T.);
#6120=ORIENTED_EDGE('',*,*,#4893,.T.);
#6121=ORIENTED_EDGE('',*,*,#4894,.T.);
#6122=ORIENTED_EDGE('',*,*,#4895,.T.);
#6123=ORIENTED_EDGE('',*,*,#4896,.T.);
#6124=ORIENTED_EDGE('',*,*,#4897,.T.);
#6125=ORIENTED_EDGE('',*,*,#4898,.T.);
#6126=ORIENTED_EDGE('',*,*,#4899,.T.);
#6127=ORIENTED_EDGE('',*,*,#4900,.T.);
#6128=ORIENTED_EDGE('',*,*,#4901,.T.);
#6129=ORIENTED_EDGE('',*,*,#4902,.T.);
#6130=ORIENTED_EDGE('',*,*,#4903,.T.);
#6131=ORIENTED_EDGE('',*,*,#4904,.T.);
#6132=ORIENTED_EDGE('',*,*,#4905,.T.);
#6133=ORIENTED_EDGE('',*,*,#4906,.T.);
#6134=ORIENTED_EDGE('',*,*,#4907,.T.);
#6135=ORIENTED_EDGE('',*,*,#4908,.T.);
#6136=ORIENTED_EDGE('',*,*,#4909,.T.);
#6137=ORIENTED_EDGE('',*,*,#4910,.T.);
#6138=ORIENTED_EDGE('',*,*,#4911,.T.);
#6139=ORIENTED_EDGE('',*,*,#4912,.T.);
#6140=ORIENTED_EDGE('',*,*,#4913,.T.);
#6141=ORIENTED_EDGE('',*,*,#4914,.T.);
#6142=ORIENTED_EDGE('',*,*,#4915,.T.);
#6143=ORIENTED_EDGE('',*,*,#4916,.T.);
#6144=ORIENTED_EDGE('',*,*,#4917,.T.);
#6145=ORIENTED_EDGE('',*,*,#4918,.T.);
#6146=ORIENTED_EDGE('',*,*,#4919,.T.);
#6147=ORIENTED_EDGE('',*,*,#4920,.T.);
#6148=ORIENTED_EDGE('',*,*,#4921,.T.);
#6149=ORIENTED_EDGE('',*,*,#4922,.T.);
#6150=ORIENTED_EDGE('',*,*,#4923,.T.);
#6151=ORIENTED_EDGE('',*,*,#4924,.T.);
#6152=ORIENTED_EDGE('',*,*,#4925,.T.);
#6153=ORIENTED_EDGE('',*,*,#4926,.T.);
#6154=ORIENTED_EDGE('',*,*,#4927,.T.);
#6155=ORIENTED_EDGE('',*,*,#4928,.T.);
#6156=ORIENTED_EDGE('',*,*,#4929,.T.);
#6157=ORIENTED_EDGE('',*,*,#4930,.T.);
#6158=ORIENTED_EDGE('',*,*,#4931,.T.);
#6159=ORIENTED_EDGE('',*,*,#4932,.T.);
#6160=ORIENTED_EDGE('',*,*,#4933,.T.);
#6161=ORIENTED_EDGE('',*,*,#4934,.T.);
#6162=ORIENTED_EDGE('',*,*,#4935,.T.);
#6163=ORIENTED_EDGE('',*,*,#4936,.T.);
#6164=ORIENTED_EDGE('',*,*,#4937,.T.);
#6165=ORIENTED_EDGE('',*,*,#4938,.T.);
#6166=ORIENTED_EDGE('',*,*,#4939,.T.);
#6167=ORIENTED_EDGE('',*,*,#4940,.T.);
#6168=ORIENTED_EDGE('',*,*,#4941,.T.);
#6169=ORIENTED_EDGE('',*,*,#4942,.T.);
#6170=ORIENTED_EDGE('',*,*,#4943,.T.);
#6171=ORIENTED_EDGE('',*,*,#4944,.T.);
#6172=ORIENTED_EDGE('',*,*,#4945,.T.);
#6173=ORIENTED_EDGE('',*,*,#4946,.T.);
#6174=ORIENTED_EDGE('',*,*,#4947,.T.);
#6175=ORIENTED_EDGE('',*,*,#4948,.T.);
#6176=ORIENTED_EDGE('',*,*,#4949,.T.);
#6177=ORIENTED_EDGE('',*,*,#4950,.T.);
#6178=ORIENTED_EDGE('',*,*,#4951,.T.);
#6179=ORIENTED_EDGE('',*,*,#4952,.T.);
#6180=ORIENTED_EDGE('',*,*,#4953,.T.);
#6181=ORIENTED_EDGE('',*,*,#4954,.T.);
#6182=ORIENTED_EDGE('',*,*,#4955,.T.);
#6183=ORIENTED_EDGE('',*,*,#4956,.T.);
#6184=ORIENTED_EDGE('',*,*,#4957,.T.);
#6185=ORIENTED_EDGE('',*,*,#4958,.T.);
#6186=ORIENTED_EDGE('',*,*,#4959,.T.);
#6187=ORIENTED_EDGE('',*,*,#4960,.T.);
#6188=ORIENTED_EDGE('',*,*,#4961,.T.);
#6189=ORIENTED_EDGE('',*,*,#4962,.T.);
#6190=ORIENTED_EDGE('',*,*,#4963,.T.);
#6191=ORIENTED_EDGE('',*,*,#4964,.T.);
#6192=ORIENTED_EDGE('',*,*,#4965,.T.);
#6193=ORIENTED_EDGE('',*,*,#4966,.T.);
#6194=ORIENTED_EDGE('',*,*,#4967,.T.);
#6195=ORIENTED_EDGE('',*,*,#4968,.T.);
#6196=ORIENTED_EDGE('',*,*,#4969,.T.);
#6197=ORIENTED_EDGE('',*,*,#4970,.T.);
#6198=ORIENTED_EDGE('',*,*,#4971,.T.);
#6199=ORIENTED_EDGE('',*,*,#4972,.T.);
#6200=ORIENTED_EDGE('',*,*,#4973,.T.);
#6201=ORIENTED_EDGE('',*,*,#4974,.T.);
#6202=ORIENTED_EDGE('',*,*,#4975,.T.);
#6203=ORIENTED_EDGE('',*,*,#4976,.T.);
#6204=ORIENTED_EDGE('',*,*,#4977,.T.);
#6205=ORIENTED_EDGE('',*,*,#4978,.T.);
#6206=ORIENTED_EDGE('',*,*,#4979,.T.);
#6207=ORIENTED_EDGE('',*,*,#4980,.T.);
#6208=ORIENTED_EDGE('',*,*,#4981,.T.);
#6209=ORIENTED_EDGE('',*,*,#4982,.T.);
#6210=ORIENTED_EDGE('',*,*,#4983,.T.);
#6211=ORIENTED_EDGE('',*,*,#4984,.T.);
#6212=ORIENTED_EDGE('',*,*,#4985,.T.);
#6213=ORIENTED_EDGE('',*,*,#4986,.T.);
#6214=ORIENTED_EDGE('',*,*,#4987,.T.);
#6215=ORIENTED_EDGE('',*,*,#4988,.T.);
#6216=ORIENTED_EDGE('',*,*,#4989,.T.);
#6217=ORIENTED_EDGE('',*,*,#4990,.T.);
#6218=ORIENTED_EDGE('',*,*,#4991,.T.);
#6219=ORIENTED_EDGE('',*,*,#4992,.T.);
#6220=ORIENTED_EDGE('',*,*,#4993,.T.);
#6221=ORIENTED_EDGE('',*,*,#4994,.T.);
#6222=ORIENTED_EDGE('',*,*,#4995,.T.);
#6223=ORIENTED_EDGE('',*,*,#4996,.T.);
#6224=ORIENTED_EDGE('',*,*,#4997,.T.);
#6225=ORIENTED_EDGE('',*,*,#4998,.T.);
#6226=ORIENTED_EDGE('',*,*,#4999,.T.);
#6227=ORIENTED_EDGE('',*,*,#5000,.T.);
#6228=ORIENTED_EDGE('',*,*,#5001,.T.);
#6229=ORIENTED_EDGE('',*,*,#5002,.T.);
#6230=ORIENTED_EDGE('',*,*,#5003,.T.);
#6231=ORIENTED_EDGE('',*,*,#5004,.T.);
#6232=ORIENTED_EDGE('',*,*,#5005,.T.);
#6233=ORIENTED_EDGE('',*,*,#5006,.T.);
#6234=ORIENTED_EDGE('',*,*,#5007,.T.);
#6235=ORIENTED_EDGE('',*,*,#5008,.T.);
#6236=ORIENTED_EDGE('',*,*,#5009,.T.);
#6237=ORIENTED_EDGE('',*,*,#5010,.T.);
#6238=ORIENTED_EDGE('',*,*,#5011,.T.);
#6239=ORIENTED_EDGE('',*,*,#5012,.T.);
#6240=ORIENTED_EDGE('',*,*,#5013,.T.);
#6241=ORIENTED_EDGE('',*,*,#5014,.T.);
#6242=ORIENTED_EDGE('',*,*,#5015,.T.);
#6243=ORIENTED_EDGE('',*,*,#5016,.T.);
#6244=ORIENTED_EDGE('',*,*,#5017,.T.);
#6245=ORIENTED_EDGE('',*,*,#5018,.T.);
#6246=ORIENTED_EDGE('',*,*,#5019,.T.);
#6247=ORIENTED_EDGE('',*,*,#5020,.T.);
#6248=ORIENTED_EDGE('',*,*,#5021,.T.);
#6249=ORIENTED_EDGE('',*,*,#5022,.T.);
#6250=ORIENTED_EDGE('',*,*,#5023,.T.);
#6251=ORIENTED_EDGE('',*,*,#5024,.T.);
#6252=ORIENTED_EDGE('',*,*,#5025,.T.);
#6253=ORIENTED_EDGE('',*,*,#5026,.T.);
#6254=ORIENTED_EDGE('',*,*,#5027,.T.);
#6255=ORIENTED_EDGE('',*,*,#5028,.T.);
#6256=ORIENTED_EDGE('',*,*,#5029,.T.);
#6257=ORIENTED_EDGE('',*,*,#5030,.T.);
#6258=ORIENTED_EDGE('',*,*,#5031,.T.);
#6259=ORIENTED_EDGE('',*,*,#5032,.T.);
#6260=ORIENTED_EDGE('',*,*,#5033,.T.);
#6261=ORIENTED_EDGE('',*,*,#5034,.T.);
#6262=ORIENTED_EDGE('',*,*,#5035,.T.);
#6263=ORIENTED_EDGE('',*,*,#5036,.T.);
#6264=ORIENTED_EDGE('',*,*,#5037,.T.);
#6265=ORIENTED_EDGE('',*,*,#5038,.T.);
#6266=ORIENTED_EDGE('',*,*,#5039,.T.);
#6267=ORIENTED_EDGE('',*,*,#5040,.T.);
#6268=ORIENTED_EDGE('',*,*,#5041,.T.);
#6269=ORIENTED_EDGE('',*,*,#5042,.T.);
#6270=ORIENTED_EDGE('',*,*,#5043,.T.);
#6271=ORIENTED_EDGE('',*,*,#5044,.T.);
#6272=ORIENTED_EDGE('',*,*,#5045,.T.);
#6273=ORIENTED_EDGE('',*,*,#5046,.T.);
#6274=ORIENTED_EDGE('',*,*,#5047,.T.);
#6275=ORIENTED_EDGE('',*,*,#5048,.T.);
#6276=ORIENTED_EDGE('',*,*,#5049,.T.);
#6277=ORIENTED_EDGE('',*,*,#5050,.T.);
#6278=ORIENTED_EDGE('',*,*,#5051,.T.);
#6279=ORIENTED_EDGE('',*,*,#5052,.T.);
#6280=ORIENTED_EDGE('',*,*,#5053,.T.);
#6281=ORIENTED_EDGE('',*,*,#5054,.T.);
#6282=ORIENTED_EDGE('',*,*,#5055,.T.);
#6283=ORIENTED_EDGE('',*,*,#5056,.T.);
#6284=ORIENTED_EDGE('',*,*,#5057,.T.);
#6285=ORIENTED_EDGE('',*,*,#5058,.T.);
#6286=ORIENTED_EDGE('',*,*,#5059,.T.);
#6287=ORIENTED_EDGE('',*,*,#5060,.T.);
#6288=ORIENTED_EDGE('',*,*,#5061,.T.);
#6289=ORIENTED_EDGE('',*,*,#5062,.T.);
#6290=ORIENTED_EDGE('',*,*,#5063,.T.);
#6291=ORIENTED_EDGE('',*,*,#5064,.T.);
#6292=ORIENTED_EDGE('',*,*,#5065,.T.);
#6293=ORIENTED_EDGE('',*,*,#5066,.T.);
#6294=ORIENTED_EDGE('',*,*,#5067,.T.);
#6295=ORIENTED_EDGE('',*,*,#5068,.T.);
#6296=ORIENTED_EDGE('',*,*,#5069,.T.);
#6297=ORIENTED_EDGE('',*,*,#5070,.T.);
#6298=ORIENTED_EDGE('',*,*,#5071,.T.);
#6299=ORIENTED_EDGE('',*,*,#5072,.T.);
#6300=ORIENTED_EDGE('',*,*,#5073,.T.);
#6301=ORIENTED_EDGE('',*,*,#5074,.T.);
#6302=ORIENTED_EDGE('',*,*,#5075,.T.);
#6303=ORIENTED_EDGE('',*,*,#5076,.T.);
#6304=ORIENTED_EDGE('',*,*,#5077,.T.);
#6305=ORIENTED_EDGE('',*,*,#5078,.T.);
#6306=ORIENTED_EDGE('',*,*,#5079,.T.);
#6307=ORIENTED_EDGE('',*,*,#5080,.T.);
#6308=ORIENTED_EDGE('',*,*,#5081,.T.);
#6309=ORIENTED_EDGE('',*,*,#5082,.T.);
#6310=ORIENTED_EDGE('',*,*,#5083,.T.);
#6311=ORIENTED_EDGE('',*,*,#5084,.T.);
#6312=ORIENTED_EDGE('',*,*,#5085,.T.);
#6313=ORIENTED_EDGE('',*,*,#5086,.T.);
#6314=ORIENTED_EDGE('',*,*,#5087,.T.);
#6315=ORIENTED_EDGE('',*,*,#5088,.T.);
#6316=ORIENTED_EDGE('',*,*,#5089,.T.);
#6317=ORIENTED_EDGE('',*,*,#5090,.T.);
#6318=ORIENTED_EDGE('',*,*,#5091,.T.);
#6319=ORIENTED_EDGE('',*,*,#5092,.T.);
#6320=ORIENTED_EDGE('',*,*,#5093,.T.);
#6321=ORIENTED_EDGE('',*,*,#5094,.T.);
#6322=ORIENTED_EDGE('',*,*,#5095,.T.);
#6323=ORIENTED_EDGE('',*,*,#5096,.T.);
#6324=ORIENTED_EDGE('',*,*,#5097,.T.);
#6325=ORIENTED_EDGE('',*,*,#5098,.T.);
#6326=ORIENTED_EDGE('',*,*,#5099,.T.);
#6327=ORIENTED_EDGE('',*,*,#5100,.T.);
#6328=ORIENTED_EDGE('',*,*,#5101,.T.);
#6329=ORIENTED_EDGE('',*,*,#5102,.T.);
#6330=ORIENTED_EDGE('',*,*,#5103,.T.);
#6331=ORIENTED_EDGE('',*,*,#5104,.T.);
#6332=ORIENTED_EDGE('',*,*,#5105,.T.);
#6333=ORIENTED_EDGE('',*,*,#5106,.T.);
#6334=ORIENTED_EDGE('',*,*,#5107,.T.);
#6335=ORIENTED_EDGE('',*,*,#5108,.T.);
#6336=ORIENTED_EDGE('',*,*,#5109,.T.);
#6337=ORIENTED_EDGE('',*,*,#5110,.T.);
#6338=ORIENTED_EDGE('',*,*,#5111,.T.);
#6339=ORIENTED_EDGE('',*,*,#5112,.T.);
#6340=ORIENTED_EDGE('',*,*,#5113,.T.);
#6341=ORIENTED_EDGE('',*,*,#5114,.T.);
#6342=ORIENTED_EDGE('',*,*,#5115,.T.);
#6343=ORIENTED_EDGE('',*,*,#5116,.T.);
#6344=ORIENTED_EDGE('',*,*,#5117,.T.);
#6345=ORIENTED_EDGE('',*,*,#5118,.T.);
#6346=ORIENTED_EDGE('',*,*,#5119,.T.);
#6347=ORIENTED_EDGE('',*,*,#5120,.T.);
#6348=ORIENTED_EDGE('',*,*,#5121,.T.);
#6349=ORIENTED_EDGE('',*,*,#5122,.T.);
#6350=ORIENTED_EDGE('',*,*,#5123,.T.);
#6351=ORIENTED_EDGE('',*,*,#5124,.T.);
#6352=ORIENTED_EDGE('',*,*,#5125,.T.);
#6353=ORIENTED_EDGE('',*,*,#5124,.F.);
#6354=ORIENTED_EDGE('',*,*,#5126,.F.);
#6355=ORIENTED_EDGE('',*,*,#5127,.F.);
#6356=ORIENTED_EDGE('',*,*,#5128,.T.);
#6357=ORIENTED_EDGE('',*,*,#5125,.F.);
#6358=ORIENTED_EDGE('',*,*,#5128,.F.);
#6359=ORIENTED_EDGE('',*,*,#5129,.F.);
#6360=ORIENTED_EDGE('',*,*,#5130,.T.);
#6361=ORIENTED_EDGE('',*,*,#5122,.F.);
#6362=ORIENTED_EDGE('',*,*,#5130,.F.);
#6363=ORIENTED_EDGE('',*,*,#5131,.F.);
#6364=ORIENTED_EDGE('',*,*,#5132,.T.);
#6365=ORIENTED_EDGE('',*,*,#5123,.F.);
#6366=ORIENTED_EDGE('',*,*,#5132,.F.);
#6367=ORIENTED_EDGE('',*,*,#5133,.F.);
#6368=ORIENTED_EDGE('',*,*,#5126,.T.);
#6369=ORIENTED_EDGE('',*,*,#5120,.F.);
#6370=ORIENTED_EDGE('',*,*,#5134,.F.);
#6371=ORIENTED_EDGE('',*,*,#5135,.F.);
#6372=ORIENTED_EDGE('',*,*,#5136,.T.);
#6373=ORIENTED_EDGE('',*,*,#5121,.F.);
#6374=ORIENTED_EDGE('',*,*,#5136,.F.);
#6375=ORIENTED_EDGE('',*,*,#5137,.F.);
#6376=ORIENTED_EDGE('',*,*,#5138,.T.);
#6377=ORIENTED_EDGE('',*,*,#5118,.F.);
#6378=ORIENTED_EDGE('',*,*,#5138,.F.);
#6379=ORIENTED_EDGE('',*,*,#5139,.F.);
#6380=ORIENTED_EDGE('',*,*,#5140,.T.);
#6381=ORIENTED_EDGE('',*,*,#5119,.F.);
#6382=ORIENTED_EDGE('',*,*,#5140,.F.);
#6383=ORIENTED_EDGE('',*,*,#5141,.F.);
#6384=ORIENTED_EDGE('',*,*,#5134,.T.);
#6385=ORIENTED_EDGE('',*,*,#5116,.F.);
#6386=ORIENTED_EDGE('',*,*,#5142,.F.);
#6387=ORIENTED_EDGE('',*,*,#5143,.F.);
#6388=ORIENTED_EDGE('',*,*,#5144,.T.);
#6389=ORIENTED_EDGE('',*,*,#5117,.F.);
#6390=ORIENTED_EDGE('',*,*,#5144,.F.);
#6391=ORIENTED_EDGE('',*,*,#5145,.F.);
#6392=ORIENTED_EDGE('',*,*,#5146,.T.);
#6393=ORIENTED_EDGE('',*,*,#5114,.F.);
#6394=ORIENTED_EDGE('',*,*,#5146,.F.);
#6395=ORIENTED_EDGE('',*,*,#5147,.F.);
#6396=ORIENTED_EDGE('',*,*,#5148,.T.);
#6397=ORIENTED_EDGE('',*,*,#5115,.F.);
#6398=ORIENTED_EDGE('',*,*,#5148,.F.);
#6399=ORIENTED_EDGE('',*,*,#5149,.F.);
#6400=ORIENTED_EDGE('',*,*,#5142,.T.);
#6401=ORIENTED_EDGE('',*,*,#5112,.F.);
#6402=ORIENTED_EDGE('',*,*,#5150,.F.);
#6403=ORIENTED_EDGE('',*,*,#5151,.F.);
#6404=ORIENTED_EDGE('',*,*,#5152,.T.);
#6405=ORIENTED_EDGE('',*,*,#5113,.F.);
#6406=ORIENTED_EDGE('',*,*,#5152,.F.);
#6407=ORIENTED_EDGE('',*,*,#5153,.F.);
#6408=ORIENTED_EDGE('',*,*,#5154,.T.);
#6409=ORIENTED_EDGE('',*,*,#5110,.F.);
#6410=ORIENTED_EDGE('',*,*,#5154,.F.);
#6411=ORIENTED_EDGE('',*,*,#5155,.F.);
#6412=ORIENTED_EDGE('',*,*,#5156,.T.);
#6413=ORIENTED_EDGE('',*,*,#5111,.F.);
#6414=ORIENTED_EDGE('',*,*,#5156,.F.);
#6415=ORIENTED_EDGE('',*,*,#5157,.F.);
#6416=ORIENTED_EDGE('',*,*,#5150,.T.);
#6417=ORIENTED_EDGE('',*,*,#5108,.F.);
#6418=ORIENTED_EDGE('',*,*,#5158,.F.);
#6419=ORIENTED_EDGE('',*,*,#5159,.F.);
#6420=ORIENTED_EDGE('',*,*,#5160,.T.);
#6421=ORIENTED_EDGE('',*,*,#5109,.F.);
#6422=ORIENTED_EDGE('',*,*,#5160,.F.);
#6423=ORIENTED_EDGE('',*,*,#5161,.F.);
#6424=ORIENTED_EDGE('',*,*,#5162,.T.);
#6425=ORIENTED_EDGE('',*,*,#5106,.F.);
#6426=ORIENTED_EDGE('',*,*,#5162,.F.);
#6427=ORIENTED_EDGE('',*,*,#5163,.F.);
#6428=ORIENTED_EDGE('',*,*,#5164,.T.);
#6429=ORIENTED_EDGE('',*,*,#5107,.F.);
#6430=ORIENTED_EDGE('',*,*,#5164,.F.);
#6431=ORIENTED_EDGE('',*,*,#5165,.F.);
#6432=ORIENTED_EDGE('',*,*,#5158,.T.);
#6433=ORIENTED_EDGE('',*,*,#5104,.F.);
#6434=ORIENTED_EDGE('',*,*,#5166,.F.);
#6435=ORIENTED_EDGE('',*,*,#5167,.F.);
#6436=ORIENTED_EDGE('',*,*,#5168,.T.);
#6437=ORIENTED_EDGE('',*,*,#5105,.F.);
#6438=ORIENTED_EDGE('',*,*,#5168,.F.);
#6439=ORIENTED_EDGE('',*,*,#5169,.F.);
#6440=ORIENTED_EDGE('',*,*,#5170,.T.);
#6441=ORIENTED_EDGE('',*,*,#5102,.F.);
#6442=ORIENTED_EDGE('',*,*,#5170,.F.);
#6443=ORIENTED_EDGE('',*,*,#5171,.F.);
#6444=ORIENTED_EDGE('',*,*,#5172,.T.);
#6445=ORIENTED_EDGE('',*,*,#5103,.F.);
#6446=ORIENTED_EDGE('',*,*,#5172,.F.);
#6447=ORIENTED_EDGE('',*,*,#5173,.F.);
#6448=ORIENTED_EDGE('',*,*,#5166,.T.);
#6449=ORIENTED_EDGE('',*,*,#5100,.F.);
#6450=ORIENTED_EDGE('',*,*,#5174,.F.);
#6451=ORIENTED_EDGE('',*,*,#5175,.F.);
#6452=ORIENTED_EDGE('',*,*,#5176,.T.);
#6453=ORIENTED_EDGE('',*,*,#5101,.F.);
#6454=ORIENTED_EDGE('',*,*,#5176,.F.);
#6455=ORIENTED_EDGE('',*,*,#5177,.F.);
#6456=ORIENTED_EDGE('',*,*,#5178,.T.);
#6457=ORIENTED_EDGE('',*,*,#5098,.F.);
#6458=ORIENTED_EDGE('',*,*,#5178,.F.);
#6459=ORIENTED_EDGE('',*,*,#5179,.F.);
#6460=ORIENTED_EDGE('',*,*,#5180,.T.);
#6461=ORIENTED_EDGE('',*,*,#5099,.F.);
#6462=ORIENTED_EDGE('',*,*,#5180,.F.);
#6463=ORIENTED_EDGE('',*,*,#5181,.F.);
#6464=ORIENTED_EDGE('',*,*,#5174,.T.);
#6465=ORIENTED_EDGE('',*,*,#5096,.F.);
#6466=ORIENTED_EDGE('',*,*,#5182,.F.);
#6467=ORIENTED_EDGE('',*,*,#5183,.F.);
#6468=ORIENTED_EDGE('',*,*,#5184,.T.);
#6469=ORIENTED_EDGE('',*,*,#5097,.F.);
#6470=ORIENTED_EDGE('',*,*,#5184,.F.);
#6471=ORIENTED_EDGE('',*,*,#5185,.F.);
#6472=ORIENTED_EDGE('',*,*,#5186,.T.);
#6473=ORIENTED_EDGE('',*,*,#5094,.F.);
#6474=ORIENTED_EDGE('',*,*,#5186,.F.);
#6475=ORIENTED_EDGE('',*,*,#5187,.F.);
#6476=ORIENTED_EDGE('',*,*,#5188,.T.);
#6477=ORIENTED_EDGE('',*,*,#5095,.F.);
#6478=ORIENTED_EDGE('',*,*,#5188,.F.);
#6479=ORIENTED_EDGE('',*,*,#5189,.F.);
#6480=ORIENTED_EDGE('',*,*,#5182,.T.);
#6481=ORIENTED_EDGE('',*,*,#5092,.F.);
#6482=ORIENTED_EDGE('',*,*,#5190,.F.);
#6483=ORIENTED_EDGE('',*,*,#5191,.F.);
#6484=ORIENTED_EDGE('',*,*,#5192,.T.);
#6485=ORIENTED_EDGE('',*,*,#5093,.F.);
#6486=ORIENTED_EDGE('',*,*,#5192,.F.);
#6487=ORIENTED_EDGE('',*,*,#5193,.F.);
#6488=ORIENTED_EDGE('',*,*,#5194,.T.);
#6489=ORIENTED_EDGE('',*,*,#5090,.F.);
#6490=ORIENTED_EDGE('',*,*,#5194,.F.);
#6491=ORIENTED_EDGE('',*,*,#5195,.F.);
#6492=ORIENTED_EDGE('',*,*,#5196,.T.);
#6493=ORIENTED_EDGE('',*,*,#5091,.F.);
#6494=ORIENTED_EDGE('',*,*,#5196,.F.);
#6495=ORIENTED_EDGE('',*,*,#5197,.F.);
#6496=ORIENTED_EDGE('',*,*,#5190,.T.);
#6497=ORIENTED_EDGE('',*,*,#5088,.F.);
#6498=ORIENTED_EDGE('',*,*,#5198,.F.);
#6499=ORIENTED_EDGE('',*,*,#5199,.F.);
#6500=ORIENTED_EDGE('',*,*,#5200,.T.);
#6501=ORIENTED_EDGE('',*,*,#5089,.F.);
#6502=ORIENTED_EDGE('',*,*,#5200,.F.);
#6503=ORIENTED_EDGE('',*,*,#5201,.F.);
#6504=ORIENTED_EDGE('',*,*,#5202,.T.);
#6505=ORIENTED_EDGE('',*,*,#5086,.F.);
#6506=ORIENTED_EDGE('',*,*,#5202,.F.);
#6507=ORIENTED_EDGE('',*,*,#5203,.F.);
#6508=ORIENTED_EDGE('',*,*,#5204,.T.);
#6509=ORIENTED_EDGE('',*,*,#5087,.F.);
#6510=ORIENTED_EDGE('',*,*,#5204,.F.);
#6511=ORIENTED_EDGE('',*,*,#5205,.F.);
#6512=ORIENTED_EDGE('',*,*,#5198,.T.);
#6513=ORIENTED_EDGE('',*,*,#5084,.F.);
#6514=ORIENTED_EDGE('',*,*,#5206,.F.);
#6515=ORIENTED_EDGE('',*,*,#5207,.F.);
#6516=ORIENTED_EDGE('',*,*,#5208,.T.);
#6517=ORIENTED_EDGE('',*,*,#5085,.F.);
#6518=ORIENTED_EDGE('',*,*,#5208,.F.);
#6519=ORIENTED_EDGE('',*,*,#5209,.F.);
#6520=ORIENTED_EDGE('',*,*,#5210,.T.);
#6521=ORIENTED_EDGE('',*,*,#5082,.F.);
#6522=ORIENTED_EDGE('',*,*,#5210,.F.);
#6523=ORIENTED_EDGE('',*,*,#5211,.F.);
#6524=ORIENTED_EDGE('',*,*,#5212,.T.);
#6525=ORIENTED_EDGE('',*,*,#5083,.F.);
#6526=ORIENTED_EDGE('',*,*,#5212,.F.);
#6527=ORIENTED_EDGE('',*,*,#5213,.F.);
#6528=ORIENTED_EDGE('',*,*,#5206,.T.);
#6529=ORIENTED_EDGE('',*,*,#5080,.F.);
#6530=ORIENTED_EDGE('',*,*,#5214,.F.);
#6531=ORIENTED_EDGE('',*,*,#5215,.F.);
#6532=ORIENTED_EDGE('',*,*,#5216,.T.);
#6533=ORIENTED_EDGE('',*,*,#5081,.F.);
#6534=ORIENTED_EDGE('',*,*,#5216,.F.);
#6535=ORIENTED_EDGE('',*,*,#5217,.F.);
#6536=ORIENTED_EDGE('',*,*,#5218,.T.);
#6537=ORIENTED_EDGE('',*,*,#5078,.F.);
#6538=ORIENTED_EDGE('',*,*,#5218,.F.);
#6539=ORIENTED_EDGE('',*,*,#5219,.F.);
#6540=ORIENTED_EDGE('',*,*,#5220,.T.);
#6541=ORIENTED_EDGE('',*,*,#5079,.F.);
#6542=ORIENTED_EDGE('',*,*,#5220,.F.);
#6543=ORIENTED_EDGE('',*,*,#5221,.F.);
#6544=ORIENTED_EDGE('',*,*,#5214,.T.);
#6545=ORIENTED_EDGE('',*,*,#5076,.F.);
#6546=ORIENTED_EDGE('',*,*,#5222,.F.);
#6547=ORIENTED_EDGE('',*,*,#5223,.F.);
#6548=ORIENTED_EDGE('',*,*,#5224,.T.);
#6549=ORIENTED_EDGE('',*,*,#5077,.F.);
#6550=ORIENTED_EDGE('',*,*,#5224,.F.);
#6551=ORIENTED_EDGE('',*,*,#5225,.F.);
#6552=ORIENTED_EDGE('',*,*,#5226,.T.);
#6553=ORIENTED_EDGE('',*,*,#5074,.F.);
#6554=ORIENTED_EDGE('',*,*,#5226,.F.);
#6555=ORIENTED_EDGE('',*,*,#5227,.F.);
#6556=ORIENTED_EDGE('',*,*,#5228,.T.);
#6557=ORIENTED_EDGE('',*,*,#5075,.F.);
#6558=ORIENTED_EDGE('',*,*,#5228,.F.);
#6559=ORIENTED_EDGE('',*,*,#5229,.F.);
#6560=ORIENTED_EDGE('',*,*,#5222,.T.);
#6561=ORIENTED_EDGE('',*,*,#5072,.F.);
#6562=ORIENTED_EDGE('',*,*,#5230,.F.);
#6563=ORIENTED_EDGE('',*,*,#5231,.F.);
#6564=ORIENTED_EDGE('',*,*,#5232,.T.);
#6565=ORIENTED_EDGE('',*,*,#5073,.F.);
#6566=ORIENTED_EDGE('',*,*,#5232,.F.);
#6567=ORIENTED_EDGE('',*,*,#5233,.F.);
#6568=ORIENTED_EDGE('',*,*,#5234,.T.);
#6569=ORIENTED_EDGE('',*,*,#5070,.F.);
#6570=ORIENTED_EDGE('',*,*,#5234,.F.);
#6571=ORIENTED_EDGE('',*,*,#5235,.F.);
#6572=ORIENTED_EDGE('',*,*,#5236,.T.);
#6573=ORIENTED_EDGE('',*,*,#5071,.F.);
#6574=ORIENTED_EDGE('',*,*,#5236,.F.);
#6575=ORIENTED_EDGE('',*,*,#5237,.F.);
#6576=ORIENTED_EDGE('',*,*,#5230,.T.);
#6577=ORIENTED_EDGE('',*,*,#5068,.F.);
#6578=ORIENTED_EDGE('',*,*,#5238,.F.);
#6579=ORIENTED_EDGE('',*,*,#5239,.F.);
#6580=ORIENTED_EDGE('',*,*,#5240,.T.);
#6581=ORIENTED_EDGE('',*,*,#5069,.F.);
#6582=ORIENTED_EDGE('',*,*,#5240,.F.);
#6583=ORIENTED_EDGE('',*,*,#5241,.F.);
#6584=ORIENTED_EDGE('',*,*,#5242,.T.);
#6585=ORIENTED_EDGE('',*,*,#5066,.F.);
#6586=ORIENTED_EDGE('',*,*,#5242,.F.);
#6587=ORIENTED_EDGE('',*,*,#5243,.F.);
#6588=ORIENTED_EDGE('',*,*,#5244,.T.);
#6589=ORIENTED_EDGE('',*,*,#5067,.F.);
#6590=ORIENTED_EDGE('',*,*,#5244,.F.);
#6591=ORIENTED_EDGE('',*,*,#5245,.F.);
#6592=ORIENTED_EDGE('',*,*,#5238,.T.);
#6593=ORIENTED_EDGE('',*,*,#5064,.F.);
#6594=ORIENTED_EDGE('',*,*,#5246,.F.);
#6595=ORIENTED_EDGE('',*,*,#5247,.F.);
#6596=ORIENTED_EDGE('',*,*,#5248,.T.);
#6597=ORIENTED_EDGE('',*,*,#5065,.F.);
#6598=ORIENTED_EDGE('',*,*,#5248,.F.);
#6599=ORIENTED_EDGE('',*,*,#5249,.F.);
#6600=ORIENTED_EDGE('',*,*,#5250,.T.);
#6601=ORIENTED_EDGE('',*,*,#5062,.F.);
#6602=ORIENTED_EDGE('',*,*,#5250,.F.);
#6603=ORIENTED_EDGE('',*,*,#5251,.F.);
#6604=ORIENTED_EDGE('',*,*,#5252,.T.);
#6605=ORIENTED_EDGE('',*,*,#5063,.F.);
#6606=ORIENTED_EDGE('',*,*,#5252,.F.);
#6607=ORIENTED_EDGE('',*,*,#5253,.F.);
#6608=ORIENTED_EDGE('',*,*,#5246,.T.);
#6609=ORIENTED_EDGE('',*,*,#5060,.F.);
#6610=ORIENTED_EDGE('',*,*,#5254,.F.);
#6611=ORIENTED_EDGE('',*,*,#5255,.F.);
#6612=ORIENTED_EDGE('',*,*,#5256,.T.);
#6613=ORIENTED_EDGE('',*,*,#5061,.F.);
#6614=ORIENTED_EDGE('',*,*,#5256,.F.);
#6615=ORIENTED_EDGE('',*,*,#5257,.F.);
#6616=ORIENTED_EDGE('',*,*,#5258,.T.);
#6617=ORIENTED_EDGE('',*,*,#5058,.F.);
#6618=ORIENTED_EDGE('',*,*,#5258,.F.);
#6619=ORIENTED_EDGE('',*,*,#5259,.F.);
#6620=ORIENTED_EDGE('',*,*,#5260,.T.);
#6621=ORIENTED_EDGE('',*,*,#5059,.F.);
#6622=ORIENTED_EDGE('',*,*,#5260,.F.);
#6623=ORIENTED_EDGE('',*,*,#5261,.F.);
#6624=ORIENTED_EDGE('',*,*,#5254,.T.);
#6625=ORIENTED_EDGE('',*,*,#5056,.F.);
#6626=ORIENTED_EDGE('',*,*,#5262,.F.);
#6627=ORIENTED_EDGE('',*,*,#5263,.F.);
#6628=ORIENTED_EDGE('',*,*,#5264,.T.);
#6629=ORIENTED_EDGE('',*,*,#5057,.F.);
#6630=ORIENTED_EDGE('',*,*,#5264,.F.);
#6631=ORIENTED_EDGE('',*,*,#5265,.F.);
#6632=ORIENTED_EDGE('',*,*,#5266,.T.);
#6633=ORIENTED_EDGE('',*,*,#5054,.F.);
#6634=ORIENTED_EDGE('',*,*,#5266,.F.);
#6635=ORIENTED_EDGE('',*,*,#5267,.F.);
#6636=ORIENTED_EDGE('',*,*,#5268,.T.);
#6637=ORIENTED_EDGE('',*,*,#5055,.F.);
#6638=ORIENTED_EDGE('',*,*,#5268,.F.);
#6639=ORIENTED_EDGE('',*,*,#5269,.F.);
#6640=ORIENTED_EDGE('',*,*,#5262,.T.);
#6641=ORIENTED_EDGE('',*,*,#5052,.F.);
#6642=ORIENTED_EDGE('',*,*,#5270,.F.);
#6643=ORIENTED_EDGE('',*,*,#5271,.F.);
#6644=ORIENTED_EDGE('',*,*,#5272,.T.);
#6645=ORIENTED_EDGE('',*,*,#5053,.F.);
#6646=ORIENTED_EDGE('',*,*,#5272,.F.);
#6647=ORIENTED_EDGE('',*,*,#5273,.F.);
#6648=ORIENTED_EDGE('',*,*,#5274,.T.);
#6649=ORIENTED_EDGE('',*,*,#5050,.F.);
#6650=ORIENTED_EDGE('',*,*,#5274,.F.);
#6651=ORIENTED_EDGE('',*,*,#5275,.F.);
#6652=ORIENTED_EDGE('',*,*,#5276,.T.);
#6653=ORIENTED_EDGE('',*,*,#5051,.F.);
#6654=ORIENTED_EDGE('',*,*,#5276,.F.);
#6655=ORIENTED_EDGE('',*,*,#5277,.F.);
#6656=ORIENTED_EDGE('',*,*,#5270,.T.);
#6657=ORIENTED_EDGE('',*,*,#5032,.F.);
#6658=ORIENTED_EDGE('',*,*,#5278,.F.);
#6659=ORIENTED_EDGE('',*,*,#5279,.F.);
#6660=ORIENTED_EDGE('',*,*,#5280,.T.);
#6661=ORIENTED_EDGE('',*,*,#5033,.F.);
#6662=ORIENTED_EDGE('',*,*,#5280,.F.);
#6663=ORIENTED_EDGE('',*,*,#5281,.F.);
#6664=ORIENTED_EDGE('',*,*,#5282,.T.);
#6665=ORIENTED_EDGE('',*,*,#5034,.F.);
#6666=ORIENTED_EDGE('',*,*,#5282,.F.);
#6667=ORIENTED_EDGE('',*,*,#5283,.F.);
#6668=ORIENTED_EDGE('',*,*,#5284,.T.);
#6669=ORIENTED_EDGE('',*,*,#5035,.F.);
#6670=ORIENTED_EDGE('',*,*,#5284,.F.);
#6671=ORIENTED_EDGE('',*,*,#5285,.F.);
#6672=ORIENTED_EDGE('',*,*,#5286,.T.);
#6673=ORIENTED_EDGE('',*,*,#5036,.F.);
#6674=ORIENTED_EDGE('',*,*,#5286,.F.);
#6675=ORIENTED_EDGE('',*,*,#5287,.F.);
#6676=ORIENTED_EDGE('',*,*,#5288,.T.);
#6677=ORIENTED_EDGE('',*,*,#5037,.F.);
#6678=ORIENTED_EDGE('',*,*,#5288,.F.);
#6679=ORIENTED_EDGE('',*,*,#5289,.F.);
#6680=ORIENTED_EDGE('',*,*,#5290,.T.);
#6681=ORIENTED_EDGE('',*,*,#5038,.F.);
#6682=ORIENTED_EDGE('',*,*,#5290,.F.);
#6683=ORIENTED_EDGE('',*,*,#5291,.F.);
#6684=ORIENTED_EDGE('',*,*,#5292,.T.);
#6685=ORIENTED_EDGE('',*,*,#5039,.F.);
#6686=ORIENTED_EDGE('',*,*,#5292,.F.);
#6687=ORIENTED_EDGE('',*,*,#5293,.F.);
#6688=ORIENTED_EDGE('',*,*,#5294,.T.);
#6689=ORIENTED_EDGE('',*,*,#5040,.F.);
#6690=ORIENTED_EDGE('',*,*,#5294,.F.);
#6691=ORIENTED_EDGE('',*,*,#5295,.F.);
#6692=ORIENTED_EDGE('',*,*,#5296,.T.);
#6693=ORIENTED_EDGE('',*,*,#5041,.F.);
#6694=ORIENTED_EDGE('',*,*,#5296,.F.);
#6695=ORIENTED_EDGE('',*,*,#5297,.F.);
#6696=ORIENTED_EDGE('',*,*,#5298,.T.);
#6697=ORIENTED_EDGE('',*,*,#5042,.F.);
#6698=ORIENTED_EDGE('',*,*,#5298,.F.);
#6699=ORIENTED_EDGE('',*,*,#5299,.F.);
#6700=ORIENTED_EDGE('',*,*,#5300,.T.);
#6701=ORIENTED_EDGE('',*,*,#5043,.F.);
#6702=ORIENTED_EDGE('',*,*,#5300,.F.);
#6703=ORIENTED_EDGE('',*,*,#5301,.F.);
#6704=ORIENTED_EDGE('',*,*,#5302,.T.);
#6705=ORIENTED_EDGE('',*,*,#5044,.F.);
#6706=ORIENTED_EDGE('',*,*,#5302,.F.);
#6707=ORIENTED_EDGE('',*,*,#5303,.F.);
#6708=ORIENTED_EDGE('',*,*,#5304,.T.);
#6709=ORIENTED_EDGE('',*,*,#5045,.F.);
#6710=ORIENTED_EDGE('',*,*,#5304,.F.);
#6711=ORIENTED_EDGE('',*,*,#5305,.F.);
#6712=ORIENTED_EDGE('',*,*,#5306,.T.);
#6713=ORIENTED_EDGE('',*,*,#5046,.F.);
#6714=ORIENTED_EDGE('',*,*,#5306,.F.);
#6715=ORIENTED_EDGE('',*,*,#5307,.F.);
#6716=ORIENTED_EDGE('',*,*,#5308,.T.);
#6717=ORIENTED_EDGE('',*,*,#5047,.F.);
#6718=ORIENTED_EDGE('',*,*,#5308,.F.);
#6719=ORIENTED_EDGE('',*,*,#5309,.F.);
#6720=ORIENTED_EDGE('',*,*,#5310,.T.);
#6721=ORIENTED_EDGE('',*,*,#5048,.F.);
#6722=ORIENTED_EDGE('',*,*,#5310,.F.);
#6723=ORIENTED_EDGE('',*,*,#5311,.F.);
#6724=ORIENTED_EDGE('',*,*,#5312,.T.);
#6725=ORIENTED_EDGE('',*,*,#5049,.F.);
#6726=ORIENTED_EDGE('',*,*,#5312,.F.);
#6727=ORIENTED_EDGE('',*,*,#5313,.F.);
#6728=ORIENTED_EDGE('',*,*,#5314,.T.);
#6729=ORIENTED_EDGE('',*,*,#5014,.F.);
#6730=ORIENTED_EDGE('',*,*,#5314,.F.);
#6731=ORIENTED_EDGE('',*,*,#5315,.F.);
#6732=ORIENTED_EDGE('',*,*,#5316,.T.);
#6733=ORIENTED_EDGE('',*,*,#5015,.F.);
#6734=ORIENTED_EDGE('',*,*,#5316,.F.);
#6735=ORIENTED_EDGE('',*,*,#5317,.F.);
#6736=ORIENTED_EDGE('',*,*,#5318,.T.);
#6737=ORIENTED_EDGE('',*,*,#5016,.F.);
#6738=ORIENTED_EDGE('',*,*,#5318,.F.);
#6739=ORIENTED_EDGE('',*,*,#5319,.F.);
#6740=ORIENTED_EDGE('',*,*,#5320,.T.);
#6741=ORIENTED_EDGE('',*,*,#5017,.F.);
#6742=ORIENTED_EDGE('',*,*,#5320,.F.);
#6743=ORIENTED_EDGE('',*,*,#5321,.F.);
#6744=ORIENTED_EDGE('',*,*,#5322,.T.);
#6745=ORIENTED_EDGE('',*,*,#5018,.F.);
#6746=ORIENTED_EDGE('',*,*,#5322,.F.);
#6747=ORIENTED_EDGE('',*,*,#5323,.F.);
#6748=ORIENTED_EDGE('',*,*,#5324,.T.);
#6749=ORIENTED_EDGE('',*,*,#5019,.F.);
#6750=ORIENTED_EDGE('',*,*,#5324,.F.);
#6751=ORIENTED_EDGE('',*,*,#5325,.F.);
#6752=ORIENTED_EDGE('',*,*,#5326,.T.);
#6753=ORIENTED_EDGE('',*,*,#5020,.F.);
#6754=ORIENTED_EDGE('',*,*,#5326,.F.);
#6755=ORIENTED_EDGE('',*,*,#5327,.F.);
#6756=ORIENTED_EDGE('',*,*,#5328,.T.);
#6757=ORIENTED_EDGE('',*,*,#5021,.F.);
#6758=ORIENTED_EDGE('',*,*,#5328,.F.);
#6759=ORIENTED_EDGE('',*,*,#5329,.F.);
#6760=ORIENTED_EDGE('',*,*,#5330,.T.);
#6761=ORIENTED_EDGE('',*,*,#5022,.F.);
#6762=ORIENTED_EDGE('',*,*,#5330,.F.);
#6763=ORIENTED_EDGE('',*,*,#5331,.F.);
#6764=ORIENTED_EDGE('',*,*,#5332,.T.);
#6765=ORIENTED_EDGE('',*,*,#5023,.F.);
#6766=ORIENTED_EDGE('',*,*,#5332,.F.);
#6767=ORIENTED_EDGE('',*,*,#5333,.F.);
#6768=ORIENTED_EDGE('',*,*,#5334,.T.);
#6769=ORIENTED_EDGE('',*,*,#5024,.F.);
#6770=ORIENTED_EDGE('',*,*,#5334,.F.);
#6771=ORIENTED_EDGE('',*,*,#5335,.F.);
#6772=ORIENTED_EDGE('',*,*,#5336,.T.);
#6773=ORIENTED_EDGE('',*,*,#5025,.F.);
#6774=ORIENTED_EDGE('',*,*,#5336,.F.);
#6775=ORIENTED_EDGE('',*,*,#5337,.F.);
#6776=ORIENTED_EDGE('',*,*,#5338,.T.);
#6777=ORIENTED_EDGE('',*,*,#5026,.F.);
#6778=ORIENTED_EDGE('',*,*,#5338,.F.);
#6779=ORIENTED_EDGE('',*,*,#5339,.F.);
#6780=ORIENTED_EDGE('',*,*,#5340,.T.);
#6781=ORIENTED_EDGE('',*,*,#5027,.F.);
#6782=ORIENTED_EDGE('',*,*,#5340,.F.);
#6783=ORIENTED_EDGE('',*,*,#5341,.F.);
#6784=ORIENTED_EDGE('',*,*,#5342,.T.);
#6785=ORIENTED_EDGE('',*,*,#5028,.F.);
#6786=ORIENTED_EDGE('',*,*,#5342,.F.);
#6787=ORIENTED_EDGE('',*,*,#5343,.F.);
#6788=ORIENTED_EDGE('',*,*,#5344,.T.);
#6789=ORIENTED_EDGE('',*,*,#5029,.F.);
#6790=ORIENTED_EDGE('',*,*,#5344,.F.);
#6791=ORIENTED_EDGE('',*,*,#5345,.F.);
#6792=ORIENTED_EDGE('',*,*,#5346,.T.);
#6793=ORIENTED_EDGE('',*,*,#5030,.F.);
#6794=ORIENTED_EDGE('',*,*,#5346,.F.);
#6795=ORIENTED_EDGE('',*,*,#5347,.F.);
#6796=ORIENTED_EDGE('',*,*,#5348,.T.);
#6797=ORIENTED_EDGE('',*,*,#5031,.F.);
#6798=ORIENTED_EDGE('',*,*,#5348,.F.);
#6799=ORIENTED_EDGE('',*,*,#5349,.F.);
#6800=ORIENTED_EDGE('',*,*,#5278,.T.);
#6801=ORIENTED_EDGE('',*,*,#5012,.F.);
#6802=ORIENTED_EDGE('',*,*,#5350,.F.);
#6803=ORIENTED_EDGE('',*,*,#5351,.F.);
#6804=ORIENTED_EDGE('',*,*,#5352,.T.);
#6805=ORIENTED_EDGE('',*,*,#5013,.F.);
#6806=ORIENTED_EDGE('',*,*,#5352,.F.);
#6807=ORIENTED_EDGE('',*,*,#5353,.F.);
#6808=ORIENTED_EDGE('',*,*,#5354,.T.);
#6809=ORIENTED_EDGE('',*,*,#5010,.F.);
#6810=ORIENTED_EDGE('',*,*,#5354,.F.);
#6811=ORIENTED_EDGE('',*,*,#5355,.F.);
#6812=ORIENTED_EDGE('',*,*,#5356,.T.);
#6813=ORIENTED_EDGE('',*,*,#5011,.F.);
#6814=ORIENTED_EDGE('',*,*,#5356,.F.);
#6815=ORIENTED_EDGE('',*,*,#5357,.F.);
#6816=ORIENTED_EDGE('',*,*,#5350,.T.);
#6817=ORIENTED_EDGE('',*,*,#5008,.F.);
#6818=ORIENTED_EDGE('',*,*,#5358,.F.);
#6819=ORIENTED_EDGE('',*,*,#5359,.F.);
#6820=ORIENTED_EDGE('',*,*,#5360,.T.);
#6821=ORIENTED_EDGE('',*,*,#5009,.F.);
#6822=ORIENTED_EDGE('',*,*,#5360,.F.);
#6823=ORIENTED_EDGE('',*,*,#5361,.F.);
#6824=ORIENTED_EDGE('',*,*,#5362,.T.);
#6825=ORIENTED_EDGE('',*,*,#5006,.F.);
#6826=ORIENTED_EDGE('',*,*,#5362,.F.);
#6827=ORIENTED_EDGE('',*,*,#5363,.F.);
#6828=ORIENTED_EDGE('',*,*,#5364,.T.);
#6829=ORIENTED_EDGE('',*,*,#5007,.F.);
#6830=ORIENTED_EDGE('',*,*,#5364,.F.);
#6831=ORIENTED_EDGE('',*,*,#5365,.F.);
#6832=ORIENTED_EDGE('',*,*,#5358,.T.);
#6833=ORIENTED_EDGE('',*,*,#5004,.F.);
#6834=ORIENTED_EDGE('',*,*,#5366,.F.);
#6835=ORIENTED_EDGE('',*,*,#5367,.F.);
#6836=ORIENTED_EDGE('',*,*,#5368,.T.);
#6837=ORIENTED_EDGE('',*,*,#5005,.F.);
#6838=ORIENTED_EDGE('',*,*,#5368,.F.);
#6839=ORIENTED_EDGE('',*,*,#5369,.F.);
#6840=ORIENTED_EDGE('',*,*,#5370,.T.);
#6841=ORIENTED_EDGE('',*,*,#5002,.F.);
#6842=ORIENTED_EDGE('',*,*,#5370,.F.);
#6843=ORIENTED_EDGE('',*,*,#5371,.F.);
#6844=ORIENTED_EDGE('',*,*,#5372,.T.);
#6845=ORIENTED_EDGE('',*,*,#5003,.F.);
#6846=ORIENTED_EDGE('',*,*,#5372,.F.);
#6847=ORIENTED_EDGE('',*,*,#5373,.F.);
#6848=ORIENTED_EDGE('',*,*,#5366,.T.);
#6849=ORIENTED_EDGE('',*,*,#5000,.F.);
#6850=ORIENTED_EDGE('',*,*,#5374,.F.);
#6851=ORIENTED_EDGE('',*,*,#5375,.F.);
#6852=ORIENTED_EDGE('',*,*,#5376,.T.);
#6853=ORIENTED_EDGE('',*,*,#5001,.F.);
#6854=ORIENTED_EDGE('',*,*,#5376,.F.);
#6855=ORIENTED_EDGE('',*,*,#5377,.F.);
#6856=ORIENTED_EDGE('',*,*,#5378,.T.);
#6857=ORIENTED_EDGE('',*,*,#4998,.F.);
#6858=ORIENTED_EDGE('',*,*,#5378,.F.);
#6859=ORIENTED_EDGE('',*,*,#5379,.F.);
#6860=ORIENTED_EDGE('',*,*,#5380,.T.);
#6861=ORIENTED_EDGE('',*,*,#4999,.F.);
#6862=ORIENTED_EDGE('',*,*,#5380,.F.);
#6863=ORIENTED_EDGE('',*,*,#5381,.F.);
#6864=ORIENTED_EDGE('',*,*,#5374,.T.);
#6865=ORIENTED_EDGE('',*,*,#4996,.F.);
#6866=ORIENTED_EDGE('',*,*,#5382,.F.);
#6867=ORIENTED_EDGE('',*,*,#5383,.F.);
#6868=ORIENTED_EDGE('',*,*,#5384,.T.);
#6869=ORIENTED_EDGE('',*,*,#4997,.F.);
#6870=ORIENTED_EDGE('',*,*,#5384,.F.);
#6871=ORIENTED_EDGE('',*,*,#5385,.F.);
#6872=ORIENTED_EDGE('',*,*,#5386,.T.);
#6873=ORIENTED_EDGE('',*,*,#4994,.F.);
#6874=ORIENTED_EDGE('',*,*,#5386,.F.);
#6875=ORIENTED_EDGE('',*,*,#5387,.F.);
#6876=ORIENTED_EDGE('',*,*,#5388,.T.);
#6877=ORIENTED_EDGE('',*,*,#4995,.F.);
#6878=ORIENTED_EDGE('',*,*,#5388,.F.);
#6879=ORIENTED_EDGE('',*,*,#5389,.F.);
#6880=ORIENTED_EDGE('',*,*,#5382,.T.);
#6881=ORIENTED_EDGE('',*,*,#4992,.F.);
#6882=ORIENTED_EDGE('',*,*,#5390,.F.);
#6883=ORIENTED_EDGE('',*,*,#5391,.F.);
#6884=ORIENTED_EDGE('',*,*,#5392,.T.);
#6885=ORIENTED_EDGE('',*,*,#4993,.F.);
#6886=ORIENTED_EDGE('',*,*,#5392,.F.);
#6887=ORIENTED_EDGE('',*,*,#5393,.F.);
#6888=ORIENTED_EDGE('',*,*,#5394,.T.);
#6889=ORIENTED_EDGE('',*,*,#4990,.F.);
#6890=ORIENTED_EDGE('',*,*,#5394,.F.);
#6891=ORIENTED_EDGE('',*,*,#5395,.F.);
#6892=ORIENTED_EDGE('',*,*,#5396,.T.);
#6893=ORIENTED_EDGE('',*,*,#4991,.F.);
#6894=ORIENTED_EDGE('',*,*,#5396,.F.);
#6895=ORIENTED_EDGE('',*,*,#5397,.F.);
#6896=ORIENTED_EDGE('',*,*,#5390,.T.);
#6897=ORIENTED_EDGE('',*,*,#4988,.F.);
#6898=ORIENTED_EDGE('',*,*,#5398,.F.);
#6899=ORIENTED_EDGE('',*,*,#5399,.F.);
#6900=ORIENTED_EDGE('',*,*,#5400,.T.);
#6901=ORIENTED_EDGE('',*,*,#4989,.F.);
#6902=ORIENTED_EDGE('',*,*,#5400,.F.);
#6903=ORIENTED_EDGE('',*,*,#5401,.F.);
#6904=ORIENTED_EDGE('',*,*,#5402,.T.);
#6905=ORIENTED_EDGE('',*,*,#4986,.F.);
#6906=ORIENTED_EDGE('',*,*,#5402,.F.);
#6907=ORIENTED_EDGE('',*,*,#5403,.F.);
#6908=ORIENTED_EDGE('',*,*,#5404,.T.);
#6909=ORIENTED_EDGE('',*,*,#4987,.F.);
#6910=ORIENTED_EDGE('',*,*,#5404,.F.);
#6911=ORIENTED_EDGE('',*,*,#5405,.F.);
#6912=ORIENTED_EDGE('',*,*,#5398,.T.);
#6913=ORIENTED_EDGE('',*,*,#4984,.F.);
#6914=ORIENTED_EDGE('',*,*,#5406,.F.);
#6915=ORIENTED_EDGE('',*,*,#5407,.F.);
#6916=ORIENTED_EDGE('',*,*,#5408,.T.);
#6917=ORIENTED_EDGE('',*,*,#4985,.F.);
#6918=ORIENTED_EDGE('',*,*,#5408,.F.);
#6919=ORIENTED_EDGE('',*,*,#5409,.F.);
#6920=ORIENTED_EDGE('',*,*,#5410,.T.);
#6921=ORIENTED_EDGE('',*,*,#4982,.F.);
#6922=ORIENTED_EDGE('',*,*,#5410,.F.);
#6923=ORIENTED_EDGE('',*,*,#5411,.F.);
#6924=ORIENTED_EDGE('',*,*,#5412,.T.);
#6925=ORIENTED_EDGE('',*,*,#4983,.F.);
#6926=ORIENTED_EDGE('',*,*,#5412,.F.);
#6927=ORIENTED_EDGE('',*,*,#5413,.F.);
#6928=ORIENTED_EDGE('',*,*,#5406,.T.);
#6929=ORIENTED_EDGE('',*,*,#4980,.F.);
#6930=ORIENTED_EDGE('',*,*,#5414,.F.);
#6931=ORIENTED_EDGE('',*,*,#5415,.F.);
#6932=ORIENTED_EDGE('',*,*,#5416,.T.);
#6933=ORIENTED_EDGE('',*,*,#4981,.F.);
#6934=ORIENTED_EDGE('',*,*,#5416,.F.);
#6935=ORIENTED_EDGE('',*,*,#5417,.F.);
#6936=ORIENTED_EDGE('',*,*,#5418,.T.);
#6937=ORIENTED_EDGE('',*,*,#4978,.F.);
#6938=ORIENTED_EDGE('',*,*,#5418,.F.);
#6939=ORIENTED_EDGE('',*,*,#5419,.F.);
#6940=ORIENTED_EDGE('',*,*,#5420,.T.);
#6941=ORIENTED_EDGE('',*,*,#4979,.F.);
#6942=ORIENTED_EDGE('',*,*,#5420,.F.);
#6943=ORIENTED_EDGE('',*,*,#5421,.F.);
#6944=ORIENTED_EDGE('',*,*,#5414,.T.);
#6945=ORIENTED_EDGE('',*,*,#4976,.F.);
#6946=ORIENTED_EDGE('',*,*,#5422,.F.);
#6947=ORIENTED_EDGE('',*,*,#5423,.F.);
#6948=ORIENTED_EDGE('',*,*,#5424,.T.);
#6949=ORIENTED_EDGE('',*,*,#4977,.F.);
#6950=ORIENTED_EDGE('',*,*,#5424,.F.);
#6951=ORIENTED_EDGE('',*,*,#5425,.F.);
#6952=ORIENTED_EDGE('',*,*,#5426,.T.);
#6953=ORIENTED_EDGE('',*,*,#4974,.F.);
#6954=ORIENTED_EDGE('',*,*,#5426,.F.);
#6955=ORIENTED_EDGE('',*,*,#5427,.F.);
#6956=ORIENTED_EDGE('',*,*,#5428,.T.);
#6957=ORIENTED_EDGE('',*,*,#4975,.F.);
#6958=ORIENTED_EDGE('',*,*,#5428,.F.);
#6959=ORIENTED_EDGE('',*,*,#5429,.F.);
#6960=ORIENTED_EDGE('',*,*,#5422,.T.);
#6961=ORIENTED_EDGE('',*,*,#4972,.F.);
#6962=ORIENTED_EDGE('',*,*,#5430,.F.);
#6963=ORIENTED_EDGE('',*,*,#5431,.F.);
#6964=ORIENTED_EDGE('',*,*,#5432,.T.);
#6965=ORIENTED_EDGE('',*,*,#4973,.F.);
#6966=ORIENTED_EDGE('',*,*,#5432,.F.);
#6967=ORIENTED_EDGE('',*,*,#5433,.F.);
#6968=ORIENTED_EDGE('',*,*,#5434,.T.);
#6969=ORIENTED_EDGE('',*,*,#4970,.F.);
#6970=ORIENTED_EDGE('',*,*,#5434,.F.);
#6971=ORIENTED_EDGE('',*,*,#5435,.F.);
#6972=ORIENTED_EDGE('',*,*,#5436,.T.);
#6973=ORIENTED_EDGE('',*,*,#4971,.F.);
#6974=ORIENTED_EDGE('',*,*,#5436,.F.);
#6975=ORIENTED_EDGE('',*,*,#5437,.F.);
#6976=ORIENTED_EDGE('',*,*,#5430,.T.);
#6977=ORIENTED_EDGE('',*,*,#4952,.F.);
#6978=ORIENTED_EDGE('',*,*,#5438,.F.);
#6979=ORIENTED_EDGE('',*,*,#5439,.F.);
#6980=ORIENTED_EDGE('',*,*,#5440,.T.);
#6981=ORIENTED_EDGE('',*,*,#4953,.F.);
#6982=ORIENTED_EDGE('',*,*,#5440,.F.);
#6983=ORIENTED_EDGE('',*,*,#5441,.F.);
#6984=ORIENTED_EDGE('',*,*,#5442,.T.);
#6985=ORIENTED_EDGE('',*,*,#4954,.F.);
#6986=ORIENTED_EDGE('',*,*,#5442,.F.);
#6987=ORIENTED_EDGE('',*,*,#5443,.F.);
#6988=ORIENTED_EDGE('',*,*,#5444,.T.);
#6989=ORIENTED_EDGE('',*,*,#4955,.F.);
#6990=ORIENTED_EDGE('',*,*,#5444,.F.);
#6991=ORIENTED_EDGE('',*,*,#5445,.F.);
#6992=ORIENTED_EDGE('',*,*,#5446,.T.);
#6993=ORIENTED_EDGE('',*,*,#4956,.F.);
#6994=ORIENTED_EDGE('',*,*,#5446,.F.);
#6995=ORIENTED_EDGE('',*,*,#5447,.F.);
#6996=ORIENTED_EDGE('',*,*,#5448,.T.);
#6997=ORIENTED_EDGE('',*,*,#4957,.F.);
#6998=ORIENTED_EDGE('',*,*,#5448,.F.);
#6999=ORIENTED_EDGE('',*,*,#5449,.F.);
#7000=ORIENTED_EDGE('',*,*,#5450,.T.);
#7001=ORIENTED_EDGE('',*,*,#4958,.F.);
#7002=ORIENTED_EDGE('',*,*,#5450,.F.);
#7003=ORIENTED_EDGE('',*,*,#5451,.F.);
#7004=ORIENTED_EDGE('',*,*,#5452,.T.);
#7005=ORIENTED_EDGE('',*,*,#4959,.F.);
#7006=ORIENTED_EDGE('',*,*,#5452,.F.);
#7007=ORIENTED_EDGE('',*,*,#5453,.F.);
#7008=ORIENTED_EDGE('',*,*,#5454,.T.);
#7009=ORIENTED_EDGE('',*,*,#4960,.F.);
#7010=ORIENTED_EDGE('',*,*,#5454,.F.);
#7011=ORIENTED_EDGE('',*,*,#5455,.F.);
#7012=ORIENTED_EDGE('',*,*,#5456,.T.);
#7013=ORIENTED_EDGE('',*,*,#4961,.F.);
#7014=ORIENTED_EDGE('',*,*,#5456,.F.);
#7015=ORIENTED_EDGE('',*,*,#5457,.F.);
#7016=ORIENTED_EDGE('',*,*,#5458,.T.);
#7017=ORIENTED_EDGE('',*,*,#4962,.F.);
#7018=ORIENTED_EDGE('',*,*,#5458,.F.);
#7019=ORIENTED_EDGE('',*,*,#5459,.F.);
#7020=ORIENTED_EDGE('',*,*,#5460,.T.);
#7021=ORIENTED_EDGE('',*,*,#4963,.F.);
#7022=ORIENTED_EDGE('',*,*,#5460,.F.);
#7023=ORIENTED_EDGE('',*,*,#5461,.F.);
#7024=ORIENTED_EDGE('',*,*,#5462,.T.);
#7025=ORIENTED_EDGE('',*,*,#4964,.F.);
#7026=ORIENTED_EDGE('',*,*,#5462,.F.);
#7027=ORIENTED_EDGE('',*,*,#5463,.F.);
#7028=ORIENTED_EDGE('',*,*,#5464,.T.);
#7029=ORIENTED_EDGE('',*,*,#4965,.F.);
#7030=ORIENTED_EDGE('',*,*,#5464,.F.);
#7031=ORIENTED_EDGE('',*,*,#5465,.F.);
#7032=ORIENTED_EDGE('',*,*,#5466,.T.);
#7033=ORIENTED_EDGE('',*,*,#4966,.F.);
#7034=ORIENTED_EDGE('',*,*,#5466,.F.);
#7035=ORIENTED_EDGE('',*,*,#5467,.F.);
#7036=ORIENTED_EDGE('',*,*,#5468,.T.);
#7037=ORIENTED_EDGE('',*,*,#4967,.F.);
#7038=ORIENTED_EDGE('',*,*,#5468,.F.);
#7039=ORIENTED_EDGE('',*,*,#5469,.F.);
#7040=ORIENTED_EDGE('',*,*,#5470,.T.);
#7041=ORIENTED_EDGE('',*,*,#4968,.F.);
#7042=ORIENTED_EDGE('',*,*,#5470,.F.);
#7043=ORIENTED_EDGE('',*,*,#5471,.F.);
#7044=ORIENTED_EDGE('',*,*,#5472,.T.);
#7045=ORIENTED_EDGE('',*,*,#4969,.F.);
#7046=ORIENTED_EDGE('',*,*,#5472,.F.);
#7047=ORIENTED_EDGE('',*,*,#5473,.F.);
#7048=ORIENTED_EDGE('',*,*,#5474,.T.);
#7049=ORIENTED_EDGE('',*,*,#4934,.F.);
#7050=ORIENTED_EDGE('',*,*,#5474,.F.);
#7051=ORIENTED_EDGE('',*,*,#5475,.F.);
#7052=ORIENTED_EDGE('',*,*,#5476,.T.);
#7053=ORIENTED_EDGE('',*,*,#4935,.F.);
#7054=ORIENTED_EDGE('',*,*,#5476,.F.);
#7055=ORIENTED_EDGE('',*,*,#5477,.F.);
#7056=ORIENTED_EDGE('',*,*,#5478,.T.);
#7057=ORIENTED_EDGE('',*,*,#4936,.F.);
#7058=ORIENTED_EDGE('',*,*,#5478,.F.);
#7059=ORIENTED_EDGE('',*,*,#5479,.F.);
#7060=ORIENTED_EDGE('',*,*,#5480,.T.);
#7061=ORIENTED_EDGE('',*,*,#4937,.F.);
#7062=ORIENTED_EDGE('',*,*,#5480,.F.);
#7063=ORIENTED_EDGE('',*,*,#5481,.F.);
#7064=ORIENTED_EDGE('',*,*,#5482,.T.);
#7065=ORIENTED_EDGE('',*,*,#4938,.F.);
#7066=ORIENTED_EDGE('',*,*,#5482,.F.);
#7067=ORIENTED_EDGE('',*,*,#5483,.F.);
#7068=ORIENTED_EDGE('',*,*,#5484,.T.);
#7069=ORIENTED_EDGE('',*,*,#4939,.F.);
#7070=ORIENTED_EDGE('',*,*,#5484,.F.);
#7071=ORIENTED_EDGE('',*,*,#5485,.F.);
#7072=ORIENTED_EDGE('',*,*,#5486,.T.);
#7073=ORIENTED_EDGE('',*,*,#4940,.F.);
#7074=ORIENTED_EDGE('',*,*,#5486,.F.);
#7075=ORIENTED_EDGE('',*,*,#5487,.F.);
#7076=ORIENTED_EDGE('',*,*,#5488,.T.);
#7077=ORIENTED_EDGE('',*,*,#4941,.F.);
#7078=ORIENTED_EDGE('',*,*,#5488,.F.);
#7079=ORIENTED_EDGE('',*,*,#5489,.F.);
#7080=ORIENTED_EDGE('',*,*,#5490,.T.);
#7081=ORIENTED_EDGE('',*,*,#4942,.F.);
#7082=ORIENTED_EDGE('',*,*,#5490,.F.);
#7083=ORIENTED_EDGE('',*,*,#5491,.F.);
#7084=ORIENTED_EDGE('',*,*,#5492,.T.);
#7085=ORIENTED_EDGE('',*,*,#4943,.F.);
#7086=ORIENTED_EDGE('',*,*,#5492,.F.);
#7087=ORIENTED_EDGE('',*,*,#5493,.F.);
#7088=ORIENTED_EDGE('',*,*,#5494,.T.);
#7089=ORIENTED_EDGE('',*,*,#4944,.F.);
#7090=ORIENTED_EDGE('',*,*,#5494,.F.);
#7091=ORIENTED_EDGE('',*,*,#5495,.F.);
#7092=ORIENTED_EDGE('',*,*,#5496,.T.);
#7093=ORIENTED_EDGE('',*,*,#4945,.F.);
#7094=ORIENTED_EDGE('',*,*,#5496,.F.);
#7095=ORIENTED_EDGE('',*,*,#5497,.F.);
#7096=ORIENTED_EDGE('',*,*,#5498,.T.);
#7097=ORIENTED_EDGE('',*,*,#4946,.F.);
#7098=ORIENTED_EDGE('',*,*,#5498,.F.);
#7099=ORIENTED_EDGE('',*,*,#5499,.F.);
#7100=ORIENTED_EDGE('',*,*,#5500,.T.);
#7101=ORIENTED_EDGE('',*,*,#4947,.F.);
#7102=ORIENTED_EDGE('',*,*,#5500,.F.);
#7103=ORIENTED_EDGE('',*,*,#5501,.F.);
#7104=ORIENTED_EDGE('',*,*,#5502,.T.);
#7105=ORIENTED_EDGE('',*,*,#4948,.F.);
#7106=ORIENTED_EDGE('',*,*,#5502,.F.);
#7107=ORIENTED_EDGE('',*,*,#5503,.F.);
#7108=ORIENTED_EDGE('',*,*,#5504,.T.);
#7109=ORIENTED_EDGE('',*,*,#4949,.F.);
#7110=ORIENTED_EDGE('',*,*,#5504,.F.);
#7111=ORIENTED_EDGE('',*,*,#5505,.F.);
#7112=ORIENTED_EDGE('',*,*,#5506,.T.);
#7113=ORIENTED_EDGE('',*,*,#4950,.F.);
#7114=ORIENTED_EDGE('',*,*,#5506,.F.);
#7115=ORIENTED_EDGE('',*,*,#5507,.F.);
#7116=ORIENTED_EDGE('',*,*,#5508,.T.);
#7117=ORIENTED_EDGE('',*,*,#4951,.F.);
#7118=ORIENTED_EDGE('',*,*,#5508,.F.);
#7119=ORIENTED_EDGE('',*,*,#5509,.F.);
#7120=ORIENTED_EDGE('',*,*,#5438,.T.);
#7121=ORIENTED_EDGE('',*,*,#4932,.F.);
#7122=ORIENTED_EDGE('',*,*,#5510,.F.);
#7123=ORIENTED_EDGE('',*,*,#5511,.F.);
#7124=ORIENTED_EDGE('',*,*,#5512,.T.);
#7125=ORIENTED_EDGE('',*,*,#4933,.F.);
#7126=ORIENTED_EDGE('',*,*,#5512,.F.);
#7127=ORIENTED_EDGE('',*,*,#5513,.F.);
#7128=ORIENTED_EDGE('',*,*,#5514,.T.);
#7129=ORIENTED_EDGE('',*,*,#4930,.F.);
#7130=ORIENTED_EDGE('',*,*,#5514,.F.);
#7131=ORIENTED_EDGE('',*,*,#5515,.F.);
#7132=ORIENTED_EDGE('',*,*,#5516,.T.);
#7133=ORIENTED_EDGE('',*,*,#4931,.F.);
#7134=ORIENTED_EDGE('',*,*,#5516,.F.);
#7135=ORIENTED_EDGE('',*,*,#5517,.F.);
#7136=ORIENTED_EDGE('',*,*,#5510,.T.);
#7137=ORIENTED_EDGE('',*,*,#4928,.F.);
#7138=ORIENTED_EDGE('',*,*,#5518,.F.);
#7139=ORIENTED_EDGE('',*,*,#5519,.F.);
#7140=ORIENTED_EDGE('',*,*,#5520,.T.);
#7141=ORIENTED_EDGE('',*,*,#4929,.F.);
#7142=ORIENTED_EDGE('',*,*,#5520,.F.);
#7143=ORIENTED_EDGE('',*,*,#5521,.F.);
#7144=ORIENTED_EDGE('',*,*,#5522,.T.);
#7145=ORIENTED_EDGE('',*,*,#4926,.F.);
#7146=ORIENTED_EDGE('',*,*,#5522,.F.);
#7147=ORIENTED_EDGE('',*,*,#5523,.F.);
#7148=ORIENTED_EDGE('',*,*,#5524,.T.);
#7149=ORIENTED_EDGE('',*,*,#4927,.F.);
#7150=ORIENTED_EDGE('',*,*,#5524,.F.);
#7151=ORIENTED_EDGE('',*,*,#5525,.F.);
#7152=ORIENTED_EDGE('',*,*,#5518,.T.);
#7153=ORIENTED_EDGE('',*,*,#4924,.F.);
#7154=ORIENTED_EDGE('',*,*,#5526,.F.);
#7155=ORIENTED_EDGE('',*,*,#5527,.F.);
#7156=ORIENTED_EDGE('',*,*,#5528,.T.);
#7157=ORIENTED_EDGE('',*,*,#4925,.F.);
#7158=ORIENTED_EDGE('',*,*,#5528,.F.);
#7159=ORIENTED_EDGE('',*,*,#5529,.F.);
#7160=ORIENTED_EDGE('',*,*,#5530,.T.);
#7161=ORIENTED_EDGE('',*,*,#4922,.F.);
#7162=ORIENTED_EDGE('',*,*,#5530,.F.);
#7163=ORIENTED_EDGE('',*,*,#5531,.F.);
#7164=ORIENTED_EDGE('',*,*,#5532,.T.);
#7165=ORIENTED_EDGE('',*,*,#4923,.F.);
#7166=ORIENTED_EDGE('',*,*,#5532,.F.);
#7167=ORIENTED_EDGE('',*,*,#5533,.F.);
#7168=ORIENTED_EDGE('',*,*,#5526,.T.);
#7169=ORIENTED_EDGE('',*,*,#4920,.F.);
#7170=ORIENTED_EDGE('',*,*,#5534,.F.);
#7171=ORIENTED_EDGE('',*,*,#5535,.F.);
#7172=ORIENTED_EDGE('',*,*,#5536,.T.);
#7173=ORIENTED_EDGE('',*,*,#4921,.F.);
#7174=ORIENTED_EDGE('',*,*,#5536,.F.);
#7175=ORIENTED_EDGE('',*,*,#5537,.F.);
#7176=ORIENTED_EDGE('',*,*,#5538,.T.);
#7177=ORIENTED_EDGE('',*,*,#4918,.F.);
#7178=ORIENTED_EDGE('',*,*,#5538,.F.);
#7179=ORIENTED_EDGE('',*,*,#5539,.F.);
#7180=ORIENTED_EDGE('',*,*,#5540,.T.);
#7181=ORIENTED_EDGE('',*,*,#4919,.F.);
#7182=ORIENTED_EDGE('',*,*,#5540,.F.);
#7183=ORIENTED_EDGE('',*,*,#5541,.F.);
#7184=ORIENTED_EDGE('',*,*,#5534,.T.);
#7185=ORIENTED_EDGE('',*,*,#4916,.F.);
#7186=ORIENTED_EDGE('',*,*,#5542,.F.);
#7187=ORIENTED_EDGE('',*,*,#5543,.F.);
#7188=ORIENTED_EDGE('',*,*,#5544,.T.);
#7189=ORIENTED_EDGE('',*,*,#4917,.F.);
#7190=ORIENTED_EDGE('',*,*,#5544,.F.);
#7191=ORIENTED_EDGE('',*,*,#5545,.F.);
#7192=ORIENTED_EDGE('',*,*,#5546,.T.);
#7193=ORIENTED_EDGE('',*,*,#4914,.F.);
#7194=ORIENTED_EDGE('',*,*,#5546,.F.);
#7195=ORIENTED_EDGE('',*,*,#5547,.F.);
#7196=ORIENTED_EDGE('',*,*,#5548,.T.);
#7197=ORIENTED_EDGE('',*,*,#4915,.F.);
#7198=ORIENTED_EDGE('',*,*,#5548,.F.);
#7199=ORIENTED_EDGE('',*,*,#5549,.F.);
#7200=ORIENTED_EDGE('',*,*,#5542,.T.);
#7201=ORIENTED_EDGE('',*,*,#4912,.F.);
#7202=ORIENTED_EDGE('',*,*,#5550,.F.);
#7203=ORIENTED_EDGE('',*,*,#5551,.F.);
#7204=ORIENTED_EDGE('',*,*,#5552,.T.);
#7205=ORIENTED_EDGE('',*,*,#4913,.F.);
#7206=ORIENTED_EDGE('',*,*,#5552,.F.);
#7207=ORIENTED_EDGE('',*,*,#5553,.F.);
#7208=ORIENTED_EDGE('',*,*,#5554,.T.);
#7209=ORIENTED_EDGE('',*,*,#4910,.F.);
#7210=ORIENTED_EDGE('',*,*,#5554,.F.);
#7211=ORIENTED_EDGE('',*,*,#5555,.F.);
#7212=ORIENTED_EDGE('',*,*,#5556,.T.);
#7213=ORIENTED_EDGE('',*,*,#4911,.F.);
#7214=ORIENTED_EDGE('',*,*,#5556,.F.);
#7215=ORIENTED_EDGE('',*,*,#5557,.F.);
#7216=ORIENTED_EDGE('',*,*,#5550,.T.);
#7217=ORIENTED_EDGE('',*,*,#4908,.F.);
#7218=ORIENTED_EDGE('',*,*,#5558,.F.);
#7219=ORIENTED_EDGE('',*,*,#5559,.F.);
#7220=ORIENTED_EDGE('',*,*,#5560,.T.);
#7221=ORIENTED_EDGE('',*,*,#4909,.F.);
#7222=ORIENTED_EDGE('',*,*,#5560,.F.);
#7223=ORIENTED_EDGE('',*,*,#5561,.F.);
#7224=ORIENTED_EDGE('',*,*,#5562,.T.);
#7225=ORIENTED_EDGE('',*,*,#4906,.F.);
#7226=ORIENTED_EDGE('',*,*,#5562,.F.);
#7227=ORIENTED_EDGE('',*,*,#5563,.F.);
#7228=ORIENTED_EDGE('',*,*,#5564,.T.);
#7229=ORIENTED_EDGE('',*,*,#4907,.F.);
#7230=ORIENTED_EDGE('',*,*,#5564,.F.);
#7231=ORIENTED_EDGE('',*,*,#5565,.F.);
#7232=ORIENTED_EDGE('',*,*,#5558,.T.);
#7233=ORIENTED_EDGE('',*,*,#4904,.F.);
#7234=ORIENTED_EDGE('',*,*,#5566,.F.);
#7235=ORIENTED_EDGE('',*,*,#5567,.F.);
#7236=ORIENTED_EDGE('',*,*,#5568,.T.);
#7237=ORIENTED_EDGE('',*,*,#4905,.F.);
#7238=ORIENTED_EDGE('',*,*,#5568,.F.);
#7239=ORIENTED_EDGE('',*,*,#5569,.F.);
#7240=ORIENTED_EDGE('',*,*,#5570,.T.);
#7241=ORIENTED_EDGE('',*,*,#4902,.F.);
#7242=ORIENTED_EDGE('',*,*,#5570,.F.);
#7243=ORIENTED_EDGE('',*,*,#5571,.F.);
#7244=ORIENTED_EDGE('',*,*,#5572,.T.);
#7245=ORIENTED_EDGE('',*,*,#4903,.F.);
#7246=ORIENTED_EDGE('',*,*,#5572,.F.);
#7247=ORIENTED_EDGE('',*,*,#5573,.F.);
#7248=ORIENTED_EDGE('',*,*,#5566,.T.);
#7249=ORIENTED_EDGE('',*,*,#4900,.F.);
#7250=ORIENTED_EDGE('',*,*,#5574,.F.);
#7251=ORIENTED_EDGE('',*,*,#5575,.F.);
#7252=ORIENTED_EDGE('',*,*,#5576,.T.);
#7253=ORIENTED_EDGE('',*,*,#4901,.F.);
#7254=ORIENTED_EDGE('',*,*,#5576,.F.);
#7255=ORIENTED_EDGE('',*,*,#5577,.F.);
#7256=ORIENTED_EDGE('',*,*,#5578,.T.);
#7257=ORIENTED_EDGE('',*,*,#4898,.F.);
#7258=ORIENTED_EDGE('',*,*,#5578,.F.);
#7259=ORIENTED_EDGE('',*,*,#5579,.F.);
#7260=ORIENTED_EDGE('',*,*,#5580,.T.);
#7261=ORIENTED_EDGE('',*,*,#4899,.F.);
#7262=ORIENTED_EDGE('',*,*,#5580,.F.);
#7263=ORIENTED_EDGE('',*,*,#5581,.F.);
#7264=ORIENTED_EDGE('',*,*,#5574,.T.);
#7265=ORIENTED_EDGE('',*,*,#4896,.F.);
#7266=ORIENTED_EDGE('',*,*,#5582,.F.);
#7267=ORIENTED_EDGE('',*,*,#5583,.F.);
#7268=ORIENTED_EDGE('',*,*,#5584,.T.);
#7269=ORIENTED_EDGE('',*,*,#4897,.F.);
#7270=ORIENTED_EDGE('',*,*,#5584,.F.);
#7271=ORIENTED_EDGE('',*,*,#5585,.F.);
#7272=ORIENTED_EDGE('',*,*,#5586,.T.);
#7273=ORIENTED_EDGE('',*,*,#4894,.F.);
#7274=ORIENTED_EDGE('',*,*,#5586,.F.);
#7275=ORIENTED_EDGE('',*,*,#5587,.F.);
#7276=ORIENTED_EDGE('',*,*,#5588,.T.);
#7277=ORIENTED_EDGE('',*,*,#4895,.F.);
#7278=ORIENTED_EDGE('',*,*,#5588,.F.);
#7279=ORIENTED_EDGE('',*,*,#5589,.F.);
#7280=ORIENTED_EDGE('',*,*,#5582,.T.);
#7281=ORIENTED_EDGE('',*,*,#4892,.F.);
#7282=ORIENTED_EDGE('',*,*,#5590,.F.);
#7283=ORIENTED_EDGE('',*,*,#5591,.F.);
#7284=ORIENTED_EDGE('',*,*,#5592,.T.);
#7285=ORIENTED_EDGE('',*,*,#4893,.F.);
#7286=ORIENTED_EDGE('',*,*,#5592,.F.);
#7287=ORIENTED_EDGE('',*,*,#5593,.F.);
#7288=ORIENTED_EDGE('',*,*,#5594,.T.);
#7289=ORIENTED_EDGE('',*,*,#4890,.F.);
#7290=ORIENTED_EDGE('',*,*,#5594,.F.);
#7291=ORIENTED_EDGE('',*,*,#5595,.F.);
#7292=ORIENTED_EDGE('',*,*,#5596,.T.);
#7293=ORIENTED_EDGE('',*,*,#4891,.F.);
#7294=ORIENTED_EDGE('',*,*,#5596,.F.);
#7295=ORIENTED_EDGE('',*,*,#5597,.F.);
#7296=ORIENTED_EDGE('',*,*,#5590,.T.);
#7297=ORIENTED_EDGE('',*,*,#4888,.F.);
#7298=ORIENTED_EDGE('',*,*,#5598,.F.);
#7299=ORIENTED_EDGE('',*,*,#5599,.F.);
#7300=ORIENTED_EDGE('',*,*,#5600,.T.);
#7301=ORIENTED_EDGE('',*,*,#4889,.F.);
#7302=ORIENTED_EDGE('',*,*,#5600,.F.);
#7303=ORIENTED_EDGE('',*,*,#5601,.F.);
#7304=ORIENTED_EDGE('',*,*,#5602,.T.);
#7305=ORIENTED_EDGE('',*,*,#4886,.F.);
#7306=ORIENTED_EDGE('',*,*,#5602,.F.);
#7307=ORIENTED_EDGE('',*,*,#5603,.F.);
#7308=ORIENTED_EDGE('',*,*,#5604,.T.);
#7309=ORIENTED_EDGE('',*,*,#4887,.F.);
#7310=ORIENTED_EDGE('',*,*,#5604,.F.);
#7311=ORIENTED_EDGE('',*,*,#5605,.F.);
#7312=ORIENTED_EDGE('',*,*,#5598,.T.);
#7313=ORIENTED_EDGE('',*,*,#4868,.F.);
#7314=ORIENTED_EDGE('',*,*,#5606,.F.);
#7315=ORIENTED_EDGE('',*,*,#5607,.F.);
#7316=ORIENTED_EDGE('',*,*,#5608,.T.);
#7317=ORIENTED_EDGE('',*,*,#4869,.F.);
#7318=ORIENTED_EDGE('',*,*,#5608,.F.);
#7319=ORIENTED_EDGE('',*,*,#5609,.F.);
#7320=ORIENTED_EDGE('',*,*,#5610,.T.);
#7321=ORIENTED_EDGE('',*,*,#4870,.F.);
#7322=ORIENTED_EDGE('',*,*,#5610,.F.);
#7323=ORIENTED_EDGE('',*,*,#5611,.F.);
#7324=ORIENTED_EDGE('',*,*,#5612,.T.);
#7325=ORIENTED_EDGE('',*,*,#4871,.F.);
#7326=ORIENTED_EDGE('',*,*,#5612,.F.);
#7327=ORIENTED_EDGE('',*,*,#5613,.F.);
#7328=ORIENTED_EDGE('',*,*,#5614,.T.);
#7329=ORIENTED_EDGE('',*,*,#4872,.F.);
#7330=ORIENTED_EDGE('',*,*,#5614,.F.);
#7331=ORIENTED_EDGE('',*,*,#5615,.F.);
#7332=ORIENTED_EDGE('',*,*,#5616,.T.);
#7333=ORIENTED_EDGE('',*,*,#4873,.F.);
#7334=ORIENTED_EDGE('',*,*,#5616,.F.);
#7335=ORIENTED_EDGE('',*,*,#5617,.F.);
#7336=ORIENTED_EDGE('',*,*,#5618,.T.);
#7337=ORIENTED_EDGE('',*,*,#4874,.F.);
#7338=ORIENTED_EDGE('',*,*,#5618,.F.);
#7339=ORIENTED_EDGE('',*,*,#5619,.F.);
#7340=ORIENTED_EDGE('',*,*,#5620,.T.);
#7341=ORIENTED_EDGE('',*,*,#4875,.F.);
#7342=ORIENTED_EDGE('',*,*,#5620,.F.);
#7343=ORIENTED_EDGE('',*,*,#5621,.F.);
#7344=ORIENTED_EDGE('',*,*,#5622,.T.);
#7345=ORIENTED_EDGE('',*,*,#4876,.F.);
#7346=ORIENTED_EDGE('',*,*,#5622,.F.);
#7347=ORIENTED_EDGE('',*,*,#5623,.F.);
#7348=ORIENTED_EDGE('',*,*,#5624,.T.);
#7349=ORIENTED_EDGE('',*,*,#4877,.F.);
#7350=ORIENTED_EDGE('',*,*,#5624,.F.);
#7351=ORIENTED_EDGE('',*,*,#5625,.F.);
#7352=ORIENTED_EDGE('',*,*,#5626,.T.);
#7353=ORIENTED_EDGE('',*,*,#4878,.F.);
#7354=ORIENTED_EDGE('',*,*,#5626,.F.);
#7355=ORIENTED_EDGE('',*,*,#5627,.F.);
#7356=ORIENTED_EDGE('',*,*,#5628,.T.);
#7357=ORIENTED_EDGE('',*,*,#4879,.F.);
#7358=ORIENTED_EDGE('',*,*,#5628,.F.);
#7359=ORIENTED_EDGE('',*,*,#5629,.F.);
#7360=ORIENTED_EDGE('',*,*,#5630,.T.);
#7361=ORIENTED_EDGE('',*,*,#4880,.F.);
#7362=ORIENTED_EDGE('',*,*,#5630,.F.);
#7363=ORIENTED_EDGE('',*,*,#5631,.F.);
#7364=ORIENTED_EDGE('',*,*,#5632,.T.);
#7365=ORIENTED_EDGE('',*,*,#4881,.F.);
#7366=ORIENTED_EDGE('',*,*,#5632,.F.);
#7367=ORIENTED_EDGE('',*,*,#5633,.F.);
#7368=ORIENTED_EDGE('',*,*,#5634,.T.);
#7369=ORIENTED_EDGE('',*,*,#4882,.F.);
#7370=ORIENTED_EDGE('',*,*,#5634,.F.);
#7371=ORIENTED_EDGE('',*,*,#5635,.F.);
#7372=ORIENTED_EDGE('',*,*,#5636,.T.);
#7373=ORIENTED_EDGE('',*,*,#4883,.F.);
#7374=ORIENTED_EDGE('',*,*,#5636,.F.);
#7375=ORIENTED_EDGE('',*,*,#5637,.F.);
#7376=ORIENTED_EDGE('',*,*,#5638,.T.);
#7377=ORIENTED_EDGE('',*,*,#4884,.F.);
#7378=ORIENTED_EDGE('',*,*,#5638,.F.);
#7379=ORIENTED_EDGE('',*,*,#5639,.F.);
#7380=ORIENTED_EDGE('',*,*,#5640,.T.);
#7381=ORIENTED_EDGE('',*,*,#4885,.F.);
#7382=ORIENTED_EDGE('',*,*,#5640,.F.);
#7383=ORIENTED_EDGE('',*,*,#5641,.F.);
#7384=ORIENTED_EDGE('',*,*,#5642,.T.);
#7385=ORIENTED_EDGE('',*,*,#4850,.F.);
#7386=ORIENTED_EDGE('',*,*,#5642,.F.);
#7387=ORIENTED_EDGE('',*,*,#5643,.F.);
#7388=ORIENTED_EDGE('',*,*,#5644,.T.);
#7389=ORIENTED_EDGE('',*,*,#4851,.F.);
#7390=ORIENTED_EDGE('',*,*,#5644,.F.);
#7391=ORIENTED_EDGE('',*,*,#5645,.F.);
#7392=ORIENTED_EDGE('',*,*,#5646,.T.);
#7393=ORIENTED_EDGE('',*,*,#4852,.F.);
#7394=ORIENTED_EDGE('',*,*,#5646,.F.);
#7395=ORIENTED_EDGE('',*,*,#5647,.F.);
#7396=ORIENTED_EDGE('',*,*,#5648,.T.);
#7397=ORIENTED_EDGE('',*,*,#4853,.F.);
#7398=ORIENTED_EDGE('',*,*,#5648,.F.);
#7399=ORIENTED_EDGE('',*,*,#5649,.F.);
#7400=ORIENTED_EDGE('',*,*,#5650,.T.);
#7401=ORIENTED_EDGE('',*,*,#4854,.F.);
#7402=ORIENTED_EDGE('',*,*,#5650,.F.);
#7403=ORIENTED_EDGE('',*,*,#5651,.F.);
#7404=ORIENTED_EDGE('',*,*,#5652,.T.);
#7405=ORIENTED_EDGE('',*,*,#4855,.F.);
#7406=ORIENTED_EDGE('',*,*,#5652,.F.);
#7407=ORIENTED_EDGE('',*,*,#5653,.F.);
#7408=ORIENTED_EDGE('',*,*,#5654,.T.);
#7409=ORIENTED_EDGE('',*,*,#4856,.F.);
#7410=ORIENTED_EDGE('',*,*,#5654,.F.);
#7411=ORIENTED_EDGE('',*,*,#5655,.F.);
#7412=ORIENTED_EDGE('',*,*,#5656,.T.);
#7413=ORIENTED_EDGE('',*,*,#4857,.F.);
#7414=ORIENTED_EDGE('',*,*,#5656,.F.);
#7415=ORIENTED_EDGE('',*,*,#5657,.F.);
#7416=ORIENTED_EDGE('',*,*,#5658,.T.);
#7417=ORIENTED_EDGE('',*,*,#4858,.F.);
#7418=ORIENTED_EDGE('',*,*,#5658,.F.);
#7419=ORIENTED_EDGE('',*,*,#5659,.F.);
#7420=ORIENTED_EDGE('',*,*,#5660,.T.);
#7421=ORIENTED_EDGE('',*,*,#4859,.F.);
#7422=ORIENTED_EDGE('',*,*,#5660,.F.);
#7423=ORIENTED_EDGE('',*,*,#5661,.F.);
#7424=ORIENTED_EDGE('',*,*,#5662,.T.);
#7425=ORIENTED_EDGE('',*,*,#4860,.F.);
#7426=ORIENTED_EDGE('',*,*,#5662,.F.);
#7427=ORIENTED_EDGE('',*,*,#5663,.F.);
#7428=ORIENTED_EDGE('',*,*,#5664,.T.);
#7429=ORIENTED_EDGE('',*,*,#4861,.F.);
#7430=ORIENTED_EDGE('',*,*,#5664,.F.);
#7431=ORIENTED_EDGE('',*,*,#5665,.F.);
#7432=ORIENTED_EDGE('',*,*,#5666,.T.);
#7433=ORIENTED_EDGE('',*,*,#4862,.F.);
#7434=ORIENTED_EDGE('',*,*,#5666,.F.);
#7435=ORIENTED_EDGE('',*,*,#5667,.F.);
#7436=ORIENTED_EDGE('',*,*,#5668,.T.);
#7437=ORIENTED_EDGE('',*,*,#4863,.F.);
#7438=ORIENTED_EDGE('',*,*,#5668,.F.);
#7439=ORIENTED_EDGE('',*,*,#5669,.F.);
#7440=ORIENTED_EDGE('',*,*,#5670,.T.);
#7441=ORIENTED_EDGE('',*,*,#4864,.F.);
#7442=ORIENTED_EDGE('',*,*,#5670,.F.);
#7443=ORIENTED_EDGE('',*,*,#5671,.F.);
#7444=ORIENTED_EDGE('',*,*,#5672,.T.);
#7445=ORIENTED_EDGE('',*,*,#4865,.F.);
#7446=ORIENTED_EDGE('',*,*,#5672,.F.);
#7447=ORIENTED_EDGE('',*,*,#5673,.F.);
#7448=ORIENTED_EDGE('',*,*,#5674,.T.);
#7449=ORIENTED_EDGE('',*,*,#4866,.F.);
#7450=ORIENTED_EDGE('',*,*,#5674,.F.);
#7451=ORIENTED_EDGE('',*,*,#5675,.F.);
#7452=ORIENTED_EDGE('',*,*,#5676,.T.);
#7453=ORIENTED_EDGE('',*,*,#4867,.F.);
#7454=ORIENTED_EDGE('',*,*,#5676,.F.);
#7455=ORIENTED_EDGE('',*,*,#5677,.F.);
#7456=ORIENTED_EDGE('',*,*,#5606,.T.);
#7457=ORIENTED_EDGE('',*,*,#4848,.F.);
#7458=ORIENTED_EDGE('',*,*,#5678,.F.);
#7459=ORIENTED_EDGE('',*,*,#5679,.F.);
#7460=ORIENTED_EDGE('',*,*,#5680,.T.);
#7461=ORIENTED_EDGE('',*,*,#4849,.F.);
#7462=ORIENTED_EDGE('',*,*,#5680,.F.);
#7463=ORIENTED_EDGE('',*,*,#5681,.F.);
#7464=ORIENTED_EDGE('',*,*,#5682,.T.);
#7465=ORIENTED_EDGE('',*,*,#4846,.F.);
#7466=ORIENTED_EDGE('',*,*,#5682,.F.);
#7467=ORIENTED_EDGE('',*,*,#5683,.F.);
#7468=ORIENTED_EDGE('',*,*,#5684,.T.);
#7469=ORIENTED_EDGE('',*,*,#4847,.F.);
#7470=ORIENTED_EDGE('',*,*,#5684,.F.);
#7471=ORIENTED_EDGE('',*,*,#5685,.F.);
#7472=ORIENTED_EDGE('',*,*,#5678,.T.);
#7473=ORIENTED_EDGE('',*,*,#4844,.F.);
#7474=ORIENTED_EDGE('',*,*,#5686,.F.);
#7475=ORIENTED_EDGE('',*,*,#5687,.F.);
#7476=ORIENTED_EDGE('',*,*,#5688,.T.);
#7477=ORIENTED_EDGE('',*,*,#4845,.F.);
#7478=ORIENTED_EDGE('',*,*,#5688,.F.);
#7479=ORIENTED_EDGE('',*,*,#5689,.F.);
#7480=ORIENTED_EDGE('',*,*,#5690,.T.);
#7481=ORIENTED_EDGE('',*,*,#4842,.F.);
#7482=ORIENTED_EDGE('',*,*,#5690,.F.);
#7483=ORIENTED_EDGE('',*,*,#5691,.F.);
#7484=ORIENTED_EDGE('',*,*,#5692,.T.);
#7485=ORIENTED_EDGE('',*,*,#4843,.F.);
#7486=ORIENTED_EDGE('',*,*,#5692,.F.);
#7487=ORIENTED_EDGE('',*,*,#5693,.F.);
#7488=ORIENTED_EDGE('',*,*,#5686,.T.);
#7489=ORIENTED_EDGE('',*,*,#4840,.F.);
#7490=ORIENTED_EDGE('',*,*,#5694,.F.);
#7491=ORIENTED_EDGE('',*,*,#5695,.F.);
#7492=ORIENTED_EDGE('',*,*,#5696,.T.);
#7493=ORIENTED_EDGE('',*,*,#4841,.F.);
#7494=ORIENTED_EDGE('',*,*,#5696,.F.);
#7495=ORIENTED_EDGE('',*,*,#5697,.F.);
#7496=ORIENTED_EDGE('',*,*,#5698,.T.);
#7497=ORIENTED_EDGE('',*,*,#4838,.F.);
#7498=ORIENTED_EDGE('',*,*,#5698,.F.);
#7499=ORIENTED_EDGE('',*,*,#5699,.F.);
#7500=ORIENTED_EDGE('',*,*,#5700,.T.);
#7501=ORIENTED_EDGE('',*,*,#4839,.F.);
#7502=ORIENTED_EDGE('',*,*,#5700,.F.);
#7503=ORIENTED_EDGE('',*,*,#5701,.F.);
#7504=ORIENTED_EDGE('',*,*,#5694,.T.);
#7505=ORIENTED_EDGE('',*,*,#4836,.F.);
#7506=ORIENTED_EDGE('',*,*,#5702,.F.);
#7507=ORIENTED_EDGE('',*,*,#5703,.F.);
#7508=ORIENTED_EDGE('',*,*,#5704,.T.);
#7509=ORIENTED_EDGE('',*,*,#4837,.F.);
#7510=ORIENTED_EDGE('',*,*,#5704,.F.);
#7511=ORIENTED_EDGE('',*,*,#5705,.F.);
#7512=ORIENTED_EDGE('',*,*,#5706,.T.);
#7513=ORIENTED_EDGE('',*,*,#4834,.F.);
#7514=ORIENTED_EDGE('',*,*,#5706,.F.);
#7515=ORIENTED_EDGE('',*,*,#5707,.F.);
#7516=ORIENTED_EDGE('',*,*,#5708,.T.);
#7517=ORIENTED_EDGE('',*,*,#4835,.F.);
#7518=ORIENTED_EDGE('',*,*,#5708,.F.);
#7519=ORIENTED_EDGE('',*,*,#5709,.F.);
#7520=ORIENTED_EDGE('',*,*,#5702,.T.);
#7521=ORIENTED_EDGE('',*,*,#4832,.F.);
#7522=ORIENTED_EDGE('',*,*,#5710,.F.);
#7523=ORIENTED_EDGE('',*,*,#5711,.F.);
#7524=ORIENTED_EDGE('',*,*,#5712,.T.);
#7525=ORIENTED_EDGE('',*,*,#4833,.F.);
#7526=ORIENTED_EDGE('',*,*,#5712,.F.);
#7527=ORIENTED_EDGE('',*,*,#5713,.F.);
#7528=ORIENTED_EDGE('',*,*,#5714,.T.);
#7529=ORIENTED_EDGE('',*,*,#4830,.F.);
#7530=ORIENTED_EDGE('',*,*,#5714,.F.);
#7531=ORIENTED_EDGE('',*,*,#5715,.F.);
#7532=ORIENTED_EDGE('',*,*,#5716,.T.);
#7533=ORIENTED_EDGE('',*,*,#4831,.F.);
#7534=ORIENTED_EDGE('',*,*,#5716,.F.);
#7535=ORIENTED_EDGE('',*,*,#5717,.F.);
#7536=ORIENTED_EDGE('',*,*,#5710,.T.);
#7537=ORIENTED_EDGE('',*,*,#4828,.F.);
#7538=ORIENTED_EDGE('',*,*,#5718,.F.);
#7539=ORIENTED_EDGE('',*,*,#5719,.F.);
#7540=ORIENTED_EDGE('',*,*,#5720,.T.);
#7541=ORIENTED_EDGE('',*,*,#4829,.F.);
#7542=ORIENTED_EDGE('',*,*,#5720,.F.);
#7543=ORIENTED_EDGE('',*,*,#5721,.F.);
#7544=ORIENTED_EDGE('',*,*,#5722,.T.);
#7545=ORIENTED_EDGE('',*,*,#4826,.F.);
#7546=ORIENTED_EDGE('',*,*,#5722,.F.);
#7547=ORIENTED_EDGE('',*,*,#5723,.F.);
#7548=ORIENTED_EDGE('',*,*,#5724,.T.);
#7549=ORIENTED_EDGE('',*,*,#4827,.F.);
#7550=ORIENTED_EDGE('',*,*,#5724,.F.);
#7551=ORIENTED_EDGE('',*,*,#5725,.F.);
#7552=ORIENTED_EDGE('',*,*,#5718,.T.);
#7553=ORIENTED_EDGE('',*,*,#4824,.F.);
#7554=ORIENTED_EDGE('',*,*,#5726,.F.);
#7555=ORIENTED_EDGE('',*,*,#5727,.F.);
#7556=ORIENTED_EDGE('',*,*,#5728,.T.);
#7557=ORIENTED_EDGE('',*,*,#4825,.F.);
#7558=ORIENTED_EDGE('',*,*,#5728,.F.);
#7559=ORIENTED_EDGE('',*,*,#5729,.F.);
#7560=ORIENTED_EDGE('',*,*,#5730,.T.);
#7561=ORIENTED_EDGE('',*,*,#4822,.F.);
#7562=ORIENTED_EDGE('',*,*,#5730,.F.);
#7563=ORIENTED_EDGE('',*,*,#5731,.F.);
#7564=ORIENTED_EDGE('',*,*,#5732,.T.);
#7565=ORIENTED_EDGE('',*,*,#4823,.F.);
#7566=ORIENTED_EDGE('',*,*,#5732,.F.);
#7567=ORIENTED_EDGE('',*,*,#5733,.F.);
#7568=ORIENTED_EDGE('',*,*,#5726,.T.);
#7569=ORIENTED_EDGE('',*,*,#4820,.F.);
#7570=ORIENTED_EDGE('',*,*,#5734,.F.);
#7571=ORIENTED_EDGE('',*,*,#5735,.F.);
#7572=ORIENTED_EDGE('',*,*,#5736,.T.);
#7573=ORIENTED_EDGE('',*,*,#4821,.F.);
#7574=ORIENTED_EDGE('',*,*,#5736,.F.);
#7575=ORIENTED_EDGE('',*,*,#5737,.F.);
#7576=ORIENTED_EDGE('',*,*,#5738,.T.);
#7577=ORIENTED_EDGE('',*,*,#4818,.F.);
#7578=ORIENTED_EDGE('',*,*,#5738,.F.);
#7579=ORIENTED_EDGE('',*,*,#5739,.F.);
#7580=ORIENTED_EDGE('',*,*,#5740,.T.);
#7581=ORIENTED_EDGE('',*,*,#4819,.F.);
#7582=ORIENTED_EDGE('',*,*,#5740,.F.);
#7583=ORIENTED_EDGE('',*,*,#5741,.F.);
#7584=ORIENTED_EDGE('',*,*,#5734,.T.);
#7585=ORIENTED_EDGE('',*,*,#4816,.F.);
#7586=ORIENTED_EDGE('',*,*,#5742,.F.);
#7587=ORIENTED_EDGE('',*,*,#5743,.F.);
#7588=ORIENTED_EDGE('',*,*,#5744,.T.);
#7589=ORIENTED_EDGE('',*,*,#4817,.F.);
#7590=ORIENTED_EDGE('',*,*,#5744,.F.);
#7591=ORIENTED_EDGE('',*,*,#5745,.F.);
#7592=ORIENTED_EDGE('',*,*,#5746,.T.);
#7593=ORIENTED_EDGE('',*,*,#4814,.F.);
#7594=ORIENTED_EDGE('',*,*,#5746,.F.);
#7595=ORIENTED_EDGE('',*,*,#5747,.F.);
#7596=ORIENTED_EDGE('',*,*,#5748,.T.);
#7597=ORIENTED_EDGE('',*,*,#4815,.F.);
#7598=ORIENTED_EDGE('',*,*,#5748,.F.);
#7599=ORIENTED_EDGE('',*,*,#5749,.F.);
#7600=ORIENTED_EDGE('',*,*,#5742,.T.);
#7601=ORIENTED_EDGE('',*,*,#4812,.F.);
#7602=ORIENTED_EDGE('',*,*,#5750,.F.);
#7603=ORIENTED_EDGE('',*,*,#5751,.F.);
#7604=ORIENTED_EDGE('',*,*,#5752,.T.);
#7605=ORIENTED_EDGE('',*,*,#4813,.F.);
#7606=ORIENTED_EDGE('',*,*,#5752,.F.);
#7607=ORIENTED_EDGE('',*,*,#5753,.F.);
#7608=ORIENTED_EDGE('',*,*,#5754,.T.);
#7609=ORIENTED_EDGE('',*,*,#4810,.F.);
#7610=ORIENTED_EDGE('',*,*,#5754,.F.);
#7611=ORIENTED_EDGE('',*,*,#5755,.F.);
#7612=ORIENTED_EDGE('',*,*,#5756,.T.);
#7613=ORIENTED_EDGE('',*,*,#4811,.F.);
#7614=ORIENTED_EDGE('',*,*,#5756,.F.);
#7615=ORIENTED_EDGE('',*,*,#5757,.F.);
#7616=ORIENTED_EDGE('',*,*,#5750,.T.);
#7617=ORIENTED_EDGE('',*,*,#4808,.F.);
#7618=ORIENTED_EDGE('',*,*,#5758,.F.);
#7619=ORIENTED_EDGE('',*,*,#5759,.F.);
#7620=ORIENTED_EDGE('',*,*,#5760,.T.);
#7621=ORIENTED_EDGE('',*,*,#4809,.F.);
#7622=ORIENTED_EDGE('',*,*,#5760,.F.);
#7623=ORIENTED_EDGE('',*,*,#5761,.F.);
#7624=ORIENTED_EDGE('',*,*,#5762,.T.);
#7625=ORIENTED_EDGE('',*,*,#4806,.F.);
#7626=ORIENTED_EDGE('',*,*,#5762,.F.);
#7627=ORIENTED_EDGE('',*,*,#5763,.F.);
#7628=ORIENTED_EDGE('',*,*,#5764,.T.);
#7629=ORIENTED_EDGE('',*,*,#4807,.F.);
#7630=ORIENTED_EDGE('',*,*,#5764,.F.);
#7631=ORIENTED_EDGE('',*,*,#5765,.F.);
#7632=ORIENTED_EDGE('',*,*,#5758,.T.);
#7633=ORIENTED_EDGE('',*,*,#4804,.F.);
#7634=ORIENTED_EDGE('',*,*,#5766,.F.);
#7635=ORIENTED_EDGE('',*,*,#5767,.F.);
#7636=ORIENTED_EDGE('',*,*,#5768,.T.);
#7637=ORIENTED_EDGE('',*,*,#4805,.F.);
#7638=ORIENTED_EDGE('',*,*,#5768,.F.);
#7639=ORIENTED_EDGE('',*,*,#5769,.F.);
#7640=ORIENTED_EDGE('',*,*,#5770,.T.);
#7641=ORIENTED_EDGE('',*,*,#4802,.F.);
#7642=ORIENTED_EDGE('',*,*,#5770,.F.);
#7643=ORIENTED_EDGE('',*,*,#5771,.F.);
#7644=ORIENTED_EDGE('',*,*,#5772,.T.);
#7645=ORIENTED_EDGE('',*,*,#4803,.F.);
#7646=ORIENTED_EDGE('',*,*,#5772,.F.);
#7647=ORIENTED_EDGE('',*,*,#5773,.F.);
#7648=ORIENTED_EDGE('',*,*,#5766,.T.);
#7649=ORIENTED_EDGE('',*,*,#4800,.F.);
#7650=ORIENTED_EDGE('',*,*,#5774,.F.);
#7651=ORIENTED_EDGE('',*,*,#5775,.F.);
#7652=ORIENTED_EDGE('',*,*,#5776,.T.);
#7653=ORIENTED_EDGE('',*,*,#4801,.F.);
#7654=ORIENTED_EDGE('',*,*,#5776,.F.);
#7655=ORIENTED_EDGE('',*,*,#5777,.F.);
#7656=ORIENTED_EDGE('',*,*,#5778,.T.);
#7657=ORIENTED_EDGE('',*,*,#4798,.F.);
#7658=ORIENTED_EDGE('',*,*,#5778,.F.);
#7659=ORIENTED_EDGE('',*,*,#5779,.F.);
#7660=ORIENTED_EDGE('',*,*,#5780,.T.);
#7661=ORIENTED_EDGE('',*,*,#4799,.F.);
#7662=ORIENTED_EDGE('',*,*,#5780,.F.);
#7663=ORIENTED_EDGE('',*,*,#5781,.F.);
#7664=ORIENTED_EDGE('',*,*,#5774,.T.);
#7665=ORIENTED_EDGE('',*,*,#4796,.F.);
#7666=ORIENTED_EDGE('',*,*,#5782,.F.);
#7667=ORIENTED_EDGE('',*,*,#5783,.F.);
#7668=ORIENTED_EDGE('',*,*,#5784,.T.);
#7669=ORIENTED_EDGE('',*,*,#4797,.F.);
#7670=ORIENTED_EDGE('',*,*,#5784,.F.);
#7671=ORIENTED_EDGE('',*,*,#5785,.F.);
#7672=ORIENTED_EDGE('',*,*,#5786,.T.);
#7673=ORIENTED_EDGE('',*,*,#4794,.F.);
#7674=ORIENTED_EDGE('',*,*,#5786,.F.);
#7675=ORIENTED_EDGE('',*,*,#5787,.F.);
#7676=ORIENTED_EDGE('',*,*,#5788,.T.);
#7677=ORIENTED_EDGE('',*,*,#4795,.F.);
#7678=ORIENTED_EDGE('',*,*,#5788,.F.);
#7679=ORIENTED_EDGE('',*,*,#5789,.F.);
#7680=ORIENTED_EDGE('',*,*,#5782,.T.);
#7681=ORIENTED_EDGE('',*,*,#4792,.F.);
#7682=ORIENTED_EDGE('',*,*,#5790,.F.);
#7683=ORIENTED_EDGE('',*,*,#5791,.F.);
#7684=ORIENTED_EDGE('',*,*,#5792,.T.);
#7685=ORIENTED_EDGE('',*,*,#4793,.F.);
#7686=ORIENTED_EDGE('',*,*,#5792,.F.);
#7687=ORIENTED_EDGE('',*,*,#5793,.F.);
#7688=ORIENTED_EDGE('',*,*,#5794,.T.);
#7689=ORIENTED_EDGE('',*,*,#4790,.F.);
#7690=ORIENTED_EDGE('',*,*,#5794,.F.);
#7691=ORIENTED_EDGE('',*,*,#5795,.F.);
#7692=ORIENTED_EDGE('',*,*,#5796,.T.);
#7693=ORIENTED_EDGE('',*,*,#4791,.F.);
#7694=ORIENTED_EDGE('',*,*,#5796,.F.);
#7695=ORIENTED_EDGE('',*,*,#5797,.F.);
#7696=ORIENTED_EDGE('',*,*,#5790,.T.);
#7697=ORIENTED_EDGE('',*,*,#4788,.F.);
#7698=ORIENTED_EDGE('',*,*,#5798,.F.);
#7699=ORIENTED_EDGE('',*,*,#5799,.F.);
#7700=ORIENTED_EDGE('',*,*,#5800,.T.);
#7701=ORIENTED_EDGE('',*,*,#4789,.F.);
#7702=ORIENTED_EDGE('',*,*,#5800,.F.);
#7703=ORIENTED_EDGE('',*,*,#5801,.F.);
#7704=ORIENTED_EDGE('',*,*,#5802,.T.);
#7705=ORIENTED_EDGE('',*,*,#4786,.F.);
#7706=ORIENTED_EDGE('',*,*,#5802,.F.);
#7707=ORIENTED_EDGE('',*,*,#5803,.F.);
#7708=ORIENTED_EDGE('',*,*,#5804,.T.);
#7709=ORIENTED_EDGE('',*,*,#4787,.F.);
#7710=ORIENTED_EDGE('',*,*,#5804,.F.);
#7711=ORIENTED_EDGE('',*,*,#5805,.F.);
#7712=ORIENTED_EDGE('',*,*,#5798,.T.);
#7713=ORIENTED_EDGE('',*,*,#4784,.F.);
#7714=ORIENTED_EDGE('',*,*,#5806,.F.);
#7715=ORIENTED_EDGE('',*,*,#5807,.F.);
#7716=ORIENTED_EDGE('',*,*,#5808,.T.);
#7717=ORIENTED_EDGE('',*,*,#4785,.F.);
#7718=ORIENTED_EDGE('',*,*,#5808,.F.);
#7719=ORIENTED_EDGE('',*,*,#5809,.F.);
#7720=ORIENTED_EDGE('',*,*,#5810,.T.);
#7721=ORIENTED_EDGE('',*,*,#4782,.F.);
#7722=ORIENTED_EDGE('',*,*,#5810,.F.);
#7723=ORIENTED_EDGE('',*,*,#5811,.F.);
#7724=ORIENTED_EDGE('',*,*,#5812,.T.);
#7725=ORIENTED_EDGE('',*,*,#4783,.F.);
#7726=ORIENTED_EDGE('',*,*,#5812,.F.);
#7727=ORIENTED_EDGE('',*,*,#5813,.F.);
#7728=ORIENTED_EDGE('',*,*,#5806,.T.);
#7729=ORIENTED_EDGE('',*,*,#4780,.F.);
#7730=ORIENTED_EDGE('',*,*,#5814,.F.);
#7731=ORIENTED_EDGE('',*,*,#5815,.F.);
#7732=ORIENTED_EDGE('',*,*,#5816,.T.);
#7733=ORIENTED_EDGE('',*,*,#4781,.F.);
#7734=ORIENTED_EDGE('',*,*,#5816,.F.);
#7735=ORIENTED_EDGE('',*,*,#5817,.F.);
#7736=ORIENTED_EDGE('',*,*,#5818,.T.);
#7737=ORIENTED_EDGE('',*,*,#4778,.F.);
#7738=ORIENTED_EDGE('',*,*,#5818,.F.);
#7739=ORIENTED_EDGE('',*,*,#5819,.F.);
#7740=ORIENTED_EDGE('',*,*,#5820,.T.);
#7741=ORIENTED_EDGE('',*,*,#4779,.F.);
#7742=ORIENTED_EDGE('',*,*,#5820,.F.);
#7743=ORIENTED_EDGE('',*,*,#5821,.F.);
#7744=ORIENTED_EDGE('',*,*,#5814,.T.);
#7745=ORIENTED_EDGE('',*,*,#4776,.F.);
#7746=ORIENTED_EDGE('',*,*,#5822,.F.);
#7747=ORIENTED_EDGE('',*,*,#5823,.F.);
#7748=ORIENTED_EDGE('',*,*,#5824,.T.);
#7749=ORIENTED_EDGE('',*,*,#4777,.F.);
#7750=ORIENTED_EDGE('',*,*,#5824,.F.);
#7751=ORIENTED_EDGE('',*,*,#5825,.F.);
#7752=ORIENTED_EDGE('',*,*,#5826,.T.);
#7753=ORIENTED_EDGE('',*,*,#4774,.F.);
#7754=ORIENTED_EDGE('',*,*,#5826,.F.);
#7755=ORIENTED_EDGE('',*,*,#5827,.F.);
#7756=ORIENTED_EDGE('',*,*,#5828,.T.);
#7757=ORIENTED_EDGE('',*,*,#4775,.F.);
#7758=ORIENTED_EDGE('',*,*,#5828,.F.);
#7759=ORIENTED_EDGE('',*,*,#5829,.F.);
#7760=ORIENTED_EDGE('',*,*,#5822,.T.);
#7761=ORIENTED_EDGE('',*,*,#4756,.F.);
#7762=ORIENTED_EDGE('',*,*,#5830,.F.);
#7763=ORIENTED_EDGE('',*,*,#5831,.F.);
#7764=ORIENTED_EDGE('',*,*,#5832,.T.);
#7765=ORIENTED_EDGE('',*,*,#4757,.F.);
#7766=ORIENTED_EDGE('',*,*,#5832,.F.);
#7767=ORIENTED_EDGE('',*,*,#5833,.F.);
#7768=ORIENTED_EDGE('',*,*,#5834,.T.);
#7769=ORIENTED_EDGE('',*,*,#4758,.F.);
#7770=ORIENTED_EDGE('',*,*,#5834,.F.);
#7771=ORIENTED_EDGE('',*,*,#5835,.F.);
#7772=ORIENTED_EDGE('',*,*,#5836,.T.);
#7773=ORIENTED_EDGE('',*,*,#4759,.F.);
#7774=ORIENTED_EDGE('',*,*,#5836,.F.);
#7775=ORIENTED_EDGE('',*,*,#5837,.F.);
#7776=ORIENTED_EDGE('',*,*,#5838,.T.);
#7777=ORIENTED_EDGE('',*,*,#4760,.F.);
#7778=ORIENTED_EDGE('',*,*,#5838,.F.);
#7779=ORIENTED_EDGE('',*,*,#5839,.F.);
#7780=ORIENTED_EDGE('',*,*,#5840,.T.);
#7781=ORIENTED_EDGE('',*,*,#4761,.F.);
#7782=ORIENTED_EDGE('',*,*,#5840,.F.);
#7783=ORIENTED_EDGE('',*,*,#5841,.F.);
#7784=ORIENTED_EDGE('',*,*,#5842,.T.);
#7785=ORIENTED_EDGE('',*,*,#4762,.F.);
#7786=ORIENTED_EDGE('',*,*,#5842,.F.);
#7787=ORIENTED_EDGE('',*,*,#5843,.F.);
#7788=ORIENTED_EDGE('',*,*,#5844,.T.);
#7789=ORIENTED_EDGE('',*,*,#4763,.F.);
#7790=ORIENTED_EDGE('',*,*,#5844,.F.);
#7791=ORIENTED_EDGE('',*,*,#5845,.F.);
#7792=ORIENTED_EDGE('',*,*,#5846,.T.);
#7793=ORIENTED_EDGE('',*,*,#4764,.F.);
#7794=ORIENTED_EDGE('',*,*,#5846,.F.);
#7795=ORIENTED_EDGE('',*,*,#5847,.F.);
#7796=ORIENTED_EDGE('',*,*,#5848,.T.);
#7797=ORIENTED_EDGE('',*,*,#4765,.F.);
#7798=ORIENTED_EDGE('',*,*,#5848,.F.);
#7799=ORIENTED_EDGE('',*,*,#5849,.F.);
#7800=ORIENTED_EDGE('',*,*,#5850,.T.);
#7801=ORIENTED_EDGE('',*,*,#4766,.F.);
#7802=ORIENTED_EDGE('',*,*,#5850,.F.);
#7803=ORIENTED_EDGE('',*,*,#5851,.F.);
#7804=ORIENTED_EDGE('',*,*,#5852,.T.);
#7805=ORIENTED_EDGE('',*,*,#4767,.F.);
#7806=ORIENTED_EDGE('',*,*,#5852,.F.);
#7807=ORIENTED_EDGE('',*,*,#5853,.F.);
#7808=ORIENTED_EDGE('',*,*,#5854,.T.);
#7809=ORIENTED_EDGE('',*,*,#4768,.F.);
#7810=ORIENTED_EDGE('',*,*,#5854,.F.);
#7811=ORIENTED_EDGE('',*,*,#5855,.F.);
#7812=ORIENTED_EDGE('',*,*,#5856,.T.);
#7813=ORIENTED_EDGE('',*,*,#4769,.F.);
#7814=ORIENTED_EDGE('',*,*,#5856,.F.);
#7815=ORIENTED_EDGE('',*,*,#5857,.F.);
#7816=ORIENTED_EDGE('',*,*,#5858,.T.);
#7817=ORIENTED_EDGE('',*,*,#4770,.F.);
#7818=ORIENTED_EDGE('',*,*,#5858,.F.);
#7819=ORIENTED_EDGE('',*,*,#5859,.F.);
#7820=ORIENTED_EDGE('',*,*,#5860,.T.);
#7821=ORIENTED_EDGE('',*,*,#4771,.F.);
#7822=ORIENTED_EDGE('',*,*,#5860,.F.);
#7823=ORIENTED_EDGE('',*,*,#5861,.F.);
#7824=ORIENTED_EDGE('',*,*,#5862,.T.);
#7825=ORIENTED_EDGE('',*,*,#4772,.F.);
#7826=ORIENTED_EDGE('',*,*,#5862,.F.);
#7827=ORIENTED_EDGE('',*,*,#5863,.F.);
#7828=ORIENTED_EDGE('',*,*,#5864,.T.);
#7829=ORIENTED_EDGE('',*,*,#4773,.F.);
#7830=ORIENTED_EDGE('',*,*,#5864,.F.);
#7831=ORIENTED_EDGE('',*,*,#5865,.F.);
#7832=ORIENTED_EDGE('',*,*,#5866,.T.);
#7833=ORIENTED_EDGE('',*,*,#4738,.F.);
#7834=ORIENTED_EDGE('',*,*,#5866,.F.);
#7835=ORIENTED_EDGE('',*,*,#5867,.F.);
#7836=ORIENTED_EDGE('',*,*,#5868,.T.);
#7837=ORIENTED_EDGE('',*,*,#4739,.F.);
#7838=ORIENTED_EDGE('',*,*,#5868,.F.);
#7839=ORIENTED_EDGE('',*,*,#5869,.F.);
#7840=ORIENTED_EDGE('',*,*,#5870,.T.);
#7841=ORIENTED_EDGE('',*,*,#4740,.F.);
#7842=ORIENTED_EDGE('',*,*,#5870,.F.);
#7843=ORIENTED_EDGE('',*,*,#5871,.F.);
#7844=ORIENTED_EDGE('',*,*,#5872,.T.);
#7845=ORIENTED_EDGE('',*,*,#4741,.F.);
#7846=ORIENTED_EDGE('',*,*,#5872,.F.);
#7847=ORIENTED_EDGE('',*,*,#5873,.F.);
#7848=ORIENTED_EDGE('',*,*,#5874,.T.);
#7849=ORIENTED_EDGE('',*,*,#4742,.F.);
#7850=ORIENTED_EDGE('',*,*,#5874,.F.);
#7851=ORIENTED_EDGE('',*,*,#5875,.F.);
#7852=ORIENTED_EDGE('',*,*,#5876,.T.);
#7853=ORIENTED_EDGE('',*,*,#4743,.F.);
#7854=ORIENTED_EDGE('',*,*,#5876,.F.);
#7855=ORIENTED_EDGE('',*,*,#5877,.F.);
#7856=ORIENTED_EDGE('',*,*,#5878,.T.);
#7857=ORIENTED_EDGE('',*,*,#4744,.F.);
#7858=ORIENTED_EDGE('',*,*,#5878,.F.);
#7859=ORIENTED_EDGE('',*,*,#5879,.F.);
#7860=ORIENTED_EDGE('',*,*,#5880,.T.);
#7861=ORIENTED_EDGE('',*,*,#4745,.F.);
#7862=ORIENTED_EDGE('',*,*,#5880,.F.);
#7863=ORIENTED_EDGE('',*,*,#5881,.F.);
#7864=ORIENTED_EDGE('',*,*,#5882,.T.);
#7865=ORIENTED_EDGE('',*,*,#4746,.F.);
#7866=ORIENTED_EDGE('',*,*,#5882,.F.);
#7867=ORIENTED_EDGE('',*,*,#5883,.F.);
#7868=ORIENTED_EDGE('',*,*,#5884,.T.);
#7869=ORIENTED_EDGE('',*,*,#4747,.F.);
#7870=ORIENTED_EDGE('',*,*,#5884,.F.);
#7871=ORIENTED_EDGE('',*,*,#5885,.F.);
#7872=ORIENTED_EDGE('',*,*,#5886,.T.);
#7873=ORIENTED_EDGE('',*,*,#4748,.F.);
#7874=ORIENTED_EDGE('',*,*,#5886,.F.);
#7875=ORIENTED_EDGE('',*,*,#5887,.F.);
#7876=ORIENTED_EDGE('',*,*,#5888,.T.);
#7877=ORIENTED_EDGE('',*,*,#4749,.F.);
#7878=ORIENTED_EDGE('',*,*,#5888,.F.);
#7879=ORIENTED_EDGE('',*,*,#5889,.F.);
#7880=ORIENTED_EDGE('',*,*,#5890,.T.);
#7881=ORIENTED_EDGE('',*,*,#4750,.F.);
#7882=ORIENTED_EDGE('',*,*,#5890,.F.);
#7883=ORIENTED_EDGE('',*,*,#5891,.F.);
#7884=ORIENTED_EDGE('',*,*,#5892,.T.);
#7885=ORIENTED_EDGE('',*,*,#4751,.F.);
#7886=ORIENTED_EDGE('',*,*,#5892,.F.);
#7887=ORIENTED_EDGE('',*,*,#5893,.F.);
#7888=ORIENTED_EDGE('',*,*,#5894,.T.);
#7889=ORIENTED_EDGE('',*,*,#4752,.F.);
#7890=ORIENTED_EDGE('',*,*,#5894,.F.);
#7891=ORIENTED_EDGE('',*,*,#5895,.F.);
#7892=ORIENTED_EDGE('',*,*,#5896,.T.);
#7893=ORIENTED_EDGE('',*,*,#4753,.F.);
#7894=ORIENTED_EDGE('',*,*,#5896,.F.);
#7895=ORIENTED_EDGE('',*,*,#5897,.F.);
#7896=ORIENTED_EDGE('',*,*,#5898,.T.);
#7897=ORIENTED_EDGE('',*,*,#4754,.F.);
#7898=ORIENTED_EDGE('',*,*,#5898,.F.);
#7899=ORIENTED_EDGE('',*,*,#5899,.F.);
#7900=ORIENTED_EDGE('',*,*,#5900,.T.);
#7901=ORIENTED_EDGE('',*,*,#4755,.F.);
#7902=ORIENTED_EDGE('',*,*,#5900,.F.);
#7903=ORIENTED_EDGE('',*,*,#5901,.F.);
#7904=ORIENTED_EDGE('',*,*,#5830,.T.);
#7905=ORIENTED_EDGE('',*,*,#5902,.F.);
#7906=ORIENTED_EDGE('',*,*,#4719,.F.);
#7907=ORIENTED_EDGE('',*,*,#4737,.F.);
#7908=ORIENTED_EDGE('',*,*,#5903,.F.);
#7909=ORIENTED_EDGE('',*,*,#5904,.F.);
#7910=ORIENTED_EDGE('',*,*,#5903,.T.);
#7911=ORIENTED_EDGE('',*,*,#4736,.F.);
#7912=ORIENTED_EDGE('',*,*,#5905,.F.);
#7913=ORIENTED_EDGE('',*,*,#5906,.F.);
#7914=ORIENTED_EDGE('',*,*,#5905,.T.);
#7915=ORIENTED_EDGE('',*,*,#4735,.T.);
#7916=ORIENTED_EDGE('',*,*,#4715,.F.);
#7917=ORIENTED_EDGE('',*,*,#4734,.T.);
#7918=ORIENTED_EDGE('',*,*,#4720,.F.);
#7919=ORIENTED_EDGE('',*,*,#5902,.T.);
#7920=ORIENTED_EDGE('',*,*,#5904,.T.);
#7921=ORIENTED_EDGE('',*,*,#5906,.T.);
#7922=ORIENTED_EDGE('',*,*,#4714,.F.);
#7923=ORIENTED_EDGE('',*,*,#4725,.F.);
#7924=ORIENTED_EDGE('',*,*,#4721,.F.);
#7925=ORIENTED_EDGE('',*,*,#4732,.T.);
#7926=ORIENTED_EDGE('',*,*,#4727,.F.);
#7927=ORIENTED_EDGE('',*,*,#4701,.T.);
#7928=ORIENTED_EDGE('',*,*,#4704,.T.);
#7929=ORIENTED_EDGE('',*,*,#4707,.T.);
#7930=ORIENTED_EDGE('',*,*,#4710,.T.);
#7931=ORIENTED_EDGE('',*,*,#5131,.T.);
#7932=ORIENTED_EDGE('',*,*,#5129,.T.);
#7933=ORIENTED_EDGE('',*,*,#5127,.T.);
#7934=ORIENTED_EDGE('',*,*,#5133,.T.);
#7935=ORIENTED_EDGE('',*,*,#5139,.T.);
#7936=ORIENTED_EDGE('',*,*,#5137,.T.);
#7937=ORIENTED_EDGE('',*,*,#5135,.T.);
#7938=ORIENTED_EDGE('',*,*,#5141,.T.);
#7939=ORIENTED_EDGE('',*,*,#5147,.T.);
#7940=ORIENTED_EDGE('',*,*,#5145,.T.);
#7941=ORIENTED_EDGE('',*,*,#5143,.T.);
#7942=ORIENTED_EDGE('',*,*,#5149,.T.);
#7943=ORIENTED_EDGE('',*,*,#5155,.T.);
#7944=ORIENTED_EDGE('',*,*,#5153,.T.);
#7945=ORIENTED_EDGE('',*,*,#5151,.T.);
#7946=ORIENTED_EDGE('',*,*,#5157,.T.);
#7947=ORIENTED_EDGE('',*,*,#5163,.T.);
#7948=ORIENTED_EDGE('',*,*,#5161,.T.);
#7949=ORIENTED_EDGE('',*,*,#5159,.T.);
#7950=ORIENTED_EDGE('',*,*,#5165,.T.);
#7951=ORIENTED_EDGE('',*,*,#5171,.T.);
#7952=ORIENTED_EDGE('',*,*,#5169,.T.);
#7953=ORIENTED_EDGE('',*,*,#5167,.T.);
#7954=ORIENTED_EDGE('',*,*,#5173,.T.);
#7955=ORIENTED_EDGE('',*,*,#5179,.T.);
#7956=ORIENTED_EDGE('',*,*,#5177,.T.);
#7957=ORIENTED_EDGE('',*,*,#5175,.T.);
#7958=ORIENTED_EDGE('',*,*,#5181,.T.);
#7959=ORIENTED_EDGE('',*,*,#5187,.T.);
#7960=ORIENTED_EDGE('',*,*,#5185,.T.);
#7961=ORIENTED_EDGE('',*,*,#5183,.T.);
#7962=ORIENTED_EDGE('',*,*,#5189,.T.);
#7963=ORIENTED_EDGE('',*,*,#5195,.T.);
#7964=ORIENTED_EDGE('',*,*,#5193,.T.);
#7965=ORIENTED_EDGE('',*,*,#5191,.T.);
#7966=ORIENTED_EDGE('',*,*,#5197,.T.);
#7967=ORIENTED_EDGE('',*,*,#5203,.T.);
#7968=ORIENTED_EDGE('',*,*,#5201,.T.);
#7969=ORIENTED_EDGE('',*,*,#5199,.T.);
#7970=ORIENTED_EDGE('',*,*,#5205,.T.);
#7971=ORIENTED_EDGE('',*,*,#5211,.T.);
#7972=ORIENTED_EDGE('',*,*,#5209,.T.);
#7973=ORIENTED_EDGE('',*,*,#5207,.T.);
#7974=ORIENTED_EDGE('',*,*,#5213,.T.);
#7975=ORIENTED_EDGE('',*,*,#5219,.T.);
#7976=ORIENTED_EDGE('',*,*,#5217,.T.);
#7977=ORIENTED_EDGE('',*,*,#5215,.T.);
#7978=ORIENTED_EDGE('',*,*,#5221,.T.);
#7979=ORIENTED_EDGE('',*,*,#5227,.T.);
#7980=ORIENTED_EDGE('',*,*,#5225,.T.);
#7981=ORIENTED_EDGE('',*,*,#5223,.T.);
#7982=ORIENTED_EDGE('',*,*,#5229,.T.);
#7983=ORIENTED_EDGE('',*,*,#5235,.T.);
#7984=ORIENTED_EDGE('',*,*,#5233,.T.);
#7985=ORIENTED_EDGE('',*,*,#5231,.T.);
#7986=ORIENTED_EDGE('',*,*,#5237,.T.);
#7987=ORIENTED_EDGE('',*,*,#5243,.T.);
#7988=ORIENTED_EDGE('',*,*,#5241,.T.);
#7989=ORIENTED_EDGE('',*,*,#5239,.T.);
#7990=ORIENTED_EDGE('',*,*,#5245,.T.);
#7991=ORIENTED_EDGE('',*,*,#5251,.T.);
#7992=ORIENTED_EDGE('',*,*,#5249,.T.);
#7993=ORIENTED_EDGE('',*,*,#5247,.T.);
#7994=ORIENTED_EDGE('',*,*,#5253,.T.);
#7995=ORIENTED_EDGE('',*,*,#5259,.T.);
#7996=ORIENTED_EDGE('',*,*,#5257,.T.);
#7997=ORIENTED_EDGE('',*,*,#5255,.T.);
#7998=ORIENTED_EDGE('',*,*,#5261,.T.);
#7999=ORIENTED_EDGE('',*,*,#5267,.T.);
#8000=ORIENTED_EDGE('',*,*,#5265,.T.);
#8001=ORIENTED_EDGE('',*,*,#5263,.T.);
#8002=ORIENTED_EDGE('',*,*,#5269,.T.);
#8003=ORIENTED_EDGE('',*,*,#5275,.T.);
#8004=ORIENTED_EDGE('',*,*,#5273,.T.);
#8005=ORIENTED_EDGE('',*,*,#5271,.T.);
#8006=ORIENTED_EDGE('',*,*,#5277,.T.);
#8007=ORIENTED_EDGE('',*,*,#5315,.T.);
#8008=ORIENTED_EDGE('',*,*,#5313,.T.);
#8009=ORIENTED_EDGE('',*,*,#5311,.T.);
#8010=ORIENTED_EDGE('',*,*,#5309,.T.);
#8011=ORIENTED_EDGE('',*,*,#5307,.T.);
#8012=ORIENTED_EDGE('',*,*,#5305,.T.);
#8013=ORIENTED_EDGE('',*,*,#5303,.T.);
#8014=ORIENTED_EDGE('',*,*,#5301,.T.);
#8015=ORIENTED_EDGE('',*,*,#5299,.T.);
#8016=ORIENTED_EDGE('',*,*,#5297,.T.);
#8017=ORIENTED_EDGE('',*,*,#5295,.T.);
#8018=ORIENTED_EDGE('',*,*,#5293,.T.);
#8019=ORIENTED_EDGE('',*,*,#5291,.T.);
#8020=ORIENTED_EDGE('',*,*,#5289,.T.);
#8021=ORIENTED_EDGE('',*,*,#5287,.T.);
#8022=ORIENTED_EDGE('',*,*,#5285,.T.);
#8023=ORIENTED_EDGE('',*,*,#5283,.T.);
#8024=ORIENTED_EDGE('',*,*,#5281,.T.);
#8025=ORIENTED_EDGE('',*,*,#5279,.T.);
#8026=ORIENTED_EDGE('',*,*,#5349,.T.);
#8027=ORIENTED_EDGE('',*,*,#5347,.T.);
#8028=ORIENTED_EDGE('',*,*,#5345,.T.);
#8029=ORIENTED_EDGE('',*,*,#5343,.T.);
#8030=ORIENTED_EDGE('',*,*,#5341,.T.);
#8031=ORIENTED_EDGE('',*,*,#5339,.T.);
#8032=ORIENTED_EDGE('',*,*,#5337,.T.);
#8033=ORIENTED_EDGE('',*,*,#5335,.T.);
#8034=ORIENTED_EDGE('',*,*,#5333,.T.);
#8035=ORIENTED_EDGE('',*,*,#5331,.T.);
#8036=ORIENTED_EDGE('',*,*,#5329,.T.);
#8037=ORIENTED_EDGE('',*,*,#5327,.T.);
#8038=ORIENTED_EDGE('',*,*,#5325,.T.);
#8039=ORIENTED_EDGE('',*,*,#5323,.T.);
#8040=ORIENTED_EDGE('',*,*,#5321,.T.);
#8041=ORIENTED_EDGE('',*,*,#5319,.T.);
#8042=ORIENTED_EDGE('',*,*,#5317,.T.);
#8043=ORIENTED_EDGE('',*,*,#5355,.T.);
#8044=ORIENTED_EDGE('',*,*,#5353,.T.);
#8045=ORIENTED_EDGE('',*,*,#5351,.T.);
#8046=ORIENTED_EDGE('',*,*,#5357,.T.);
#8047=ORIENTED_EDGE('',*,*,#5363,.T.);
#8048=ORIENTED_EDGE('',*,*,#5361,.T.);
#8049=ORIENTED_EDGE('',*,*,#5359,.T.);
#8050=ORIENTED_EDGE('',*,*,#5365,.T.);
#8051=ORIENTED_EDGE('',*,*,#5371,.T.);
#8052=ORIENTED_EDGE('',*,*,#5369,.T.);
#8053=ORIENTED_EDGE('',*,*,#5367,.T.);
#8054=ORIENTED_EDGE('',*,*,#5373,.T.);
#8055=ORIENTED_EDGE('',*,*,#5379,.T.);
#8056=ORIENTED_EDGE('',*,*,#5377,.T.);
#8057=ORIENTED_EDGE('',*,*,#5375,.T.);
#8058=ORIENTED_EDGE('',*,*,#5381,.T.);
#8059=ORIENTED_EDGE('',*,*,#5387,.T.);
#8060=ORIENTED_EDGE('',*,*,#5385,.T.);
#8061=ORIENTED_EDGE('',*,*,#5383,.T.);
#8062=ORIENTED_EDGE('',*,*,#5389,.T.);
#8063=ORIENTED_EDGE('',*,*,#5395,.T.);
#8064=ORIENTED_EDGE('',*,*,#5393,.T.);
#8065=ORIENTED_EDGE('',*,*,#5391,.T.);
#8066=ORIENTED_EDGE('',*,*,#5397,.T.);
#8067=ORIENTED_EDGE('',*,*,#5403,.T.);
#8068=ORIENTED_EDGE('',*,*,#5401,.T.);
#8069=ORIENTED_EDGE('',*,*,#5399,.T.);
#8070=ORIENTED_EDGE('',*,*,#5405,.T.);
#8071=ORIENTED_EDGE('',*,*,#5411,.T.);
#8072=ORIENTED_EDGE('',*,*,#5409,.T.);
#8073=ORIENTED_EDGE('',*,*,#5407,.T.);
#8074=ORIENTED_EDGE('',*,*,#5413,.T.);
#8075=ORIENTED_EDGE('',*,*,#5419,.T.);
#8076=ORIENTED_EDGE('',*,*,#5417,.T.);
#8077=ORIENTED_EDGE('',*,*,#5415,.T.);
#8078=ORIENTED_EDGE('',*,*,#5421,.T.);
#8079=ORIENTED_EDGE('',*,*,#5427,.T.);
#8080=ORIENTED_EDGE('',*,*,#5425,.T.);
#8081=ORIENTED_EDGE('',*,*,#5423,.T.);
#8082=ORIENTED_EDGE('',*,*,#5429,.T.);
#8083=ORIENTED_EDGE('',*,*,#5435,.T.);
#8084=ORIENTED_EDGE('',*,*,#5433,.T.);
#8085=ORIENTED_EDGE('',*,*,#5431,.T.);
#8086=ORIENTED_EDGE('',*,*,#5437,.T.);
#8087=ORIENTED_EDGE('',*,*,#5475,.T.);
#8088=ORIENTED_EDGE('',*,*,#5473,.T.);
#8089=ORIENTED_EDGE('',*,*,#5471,.T.);
#8090=ORIENTED_EDGE('',*,*,#5469,.T.);
#8091=ORIENTED_EDGE('',*,*,#5467,.T.);
#8092=ORIENTED_EDGE('',*,*,#5465,.T.);
#8093=ORIENTED_EDGE('',*,*,#5463,.T.);
#8094=ORIENTED_EDGE('',*,*,#5461,.T.);
#8095=ORIENTED_EDGE('',*,*,#5459,.T.);
#8096=ORIENTED_EDGE('',*,*,#5457,.T.);
#8097=ORIENTED_EDGE('',*,*,#5455,.T.);
#8098=ORIENTED_EDGE('',*,*,#5453,.T.);
#8099=ORIENTED_EDGE('',*,*,#5451,.T.);
#8100=ORIENTED_EDGE('',*,*,#5449,.T.);
#8101=ORIENTED_EDGE('',*,*,#5447,.T.);
#8102=ORIENTED_EDGE('',*,*,#5445,.T.);
#8103=ORIENTED_EDGE('',*,*,#5443,.T.);
#8104=ORIENTED_EDGE('',*,*,#5441,.T.);
#8105=ORIENTED_EDGE('',*,*,#5439,.T.);
#8106=ORIENTED_EDGE('',*,*,#5509,.T.);
#8107=ORIENTED_EDGE('',*,*,#5507,.T.);
#8108=ORIENTED_EDGE('',*,*,#5505,.T.);
#8109=ORIENTED_EDGE('',*,*,#5503,.T.);
#8110=ORIENTED_EDGE('',*,*,#5501,.T.);
#8111=ORIENTED_EDGE('',*,*,#5499,.T.);
#8112=ORIENTED_EDGE('',*,*,#5497,.T.);
#8113=ORIENTED_EDGE('',*,*,#5495,.T.);
#8114=ORIENTED_EDGE('',*,*,#5493,.T.);
#8115=ORIENTED_EDGE('',*,*,#5491,.T.);
#8116=ORIENTED_EDGE('',*,*,#5489,.T.);
#8117=ORIENTED_EDGE('',*,*,#5487,.T.);
#8118=ORIENTED_EDGE('',*,*,#5485,.T.);
#8119=ORIENTED_EDGE('',*,*,#5483,.T.);
#8120=ORIENTED_EDGE('',*,*,#5481,.T.);
#8121=ORIENTED_EDGE('',*,*,#5479,.T.);
#8122=ORIENTED_EDGE('',*,*,#5477,.T.);
#8123=ORIENTED_EDGE('',*,*,#5515,.T.);
#8124=ORIENTED_EDGE('',*,*,#5513,.T.);
#8125=ORIENTED_EDGE('',*,*,#5511,.T.);
#8126=ORIENTED_EDGE('',*,*,#5517,.T.);
#8127=ORIENTED_EDGE('',*,*,#5523,.T.);
#8128=ORIENTED_EDGE('',*,*,#5521,.T.);
#8129=ORIENTED_EDGE('',*,*,#5519,.T.);
#8130=ORIENTED_EDGE('',*,*,#5525,.T.);
#8131=ORIENTED_EDGE('',*,*,#5531,.T.);
#8132=ORIENTED_EDGE('',*,*,#5529,.T.);
#8133=ORIENTED_EDGE('',*,*,#5527,.T.);
#8134=ORIENTED_EDGE('',*,*,#5533,.T.);
#8135=ORIENTED_EDGE('',*,*,#5539,.T.);
#8136=ORIENTED_EDGE('',*,*,#5537,.T.);
#8137=ORIENTED_EDGE('',*,*,#5535,.T.);
#8138=ORIENTED_EDGE('',*,*,#5541,.T.);
#8139=ORIENTED_EDGE('',*,*,#5547,.T.);
#8140=ORIENTED_EDGE('',*,*,#5545,.T.);
#8141=ORIENTED_EDGE('',*,*,#5543,.T.);
#8142=ORIENTED_EDGE('',*,*,#5549,.T.);
#8143=ORIENTED_EDGE('',*,*,#5555,.T.);
#8144=ORIENTED_EDGE('',*,*,#5553,.T.);
#8145=ORIENTED_EDGE('',*,*,#5551,.T.);
#8146=ORIENTED_EDGE('',*,*,#5557,.T.);
#8147=ORIENTED_EDGE('',*,*,#5563,.T.);
#8148=ORIENTED_EDGE('',*,*,#5561,.T.);
#8149=ORIENTED_EDGE('',*,*,#5559,.T.);
#8150=ORIENTED_EDGE('',*,*,#5565,.T.);
#8151=ORIENTED_EDGE('',*,*,#5571,.T.);
#8152=ORIENTED_EDGE('',*,*,#5569,.T.);
#8153=ORIENTED_EDGE('',*,*,#5567,.T.);
#8154=ORIENTED_EDGE('',*,*,#5573,.T.);
#8155=ORIENTED_EDGE('',*,*,#5579,.T.);
#8156=ORIENTED_EDGE('',*,*,#5577,.T.);
#8157=ORIENTED_EDGE('',*,*,#5575,.T.);
#8158=ORIENTED_EDGE('',*,*,#5581,.T.);
#8159=ORIENTED_EDGE('',*,*,#5587,.T.);
#8160=ORIENTED_EDGE('',*,*,#5585,.T.);
#8161=ORIENTED_EDGE('',*,*,#5583,.T.);
#8162=ORIENTED_EDGE('',*,*,#5589,.T.);
#8163=ORIENTED_EDGE('',*,*,#5595,.T.);
#8164=ORIENTED_EDGE('',*,*,#5593,.T.);
#8165=ORIENTED_EDGE('',*,*,#5591,.T.);
#8166=ORIENTED_EDGE('',*,*,#5597,.T.);
#8167=ORIENTED_EDGE('',*,*,#5603,.T.);
#8168=ORIENTED_EDGE('',*,*,#5601,.T.);
#8169=ORIENTED_EDGE('',*,*,#5599,.T.);
#8170=ORIENTED_EDGE('',*,*,#5605,.T.);
#8171=ORIENTED_EDGE('',*,*,#5643,.T.);
#8172=ORIENTED_EDGE('',*,*,#5641,.T.);
#8173=ORIENTED_EDGE('',*,*,#5639,.T.);
#8174=ORIENTED_EDGE('',*,*,#5637,.T.);
#8175=ORIENTED_EDGE('',*,*,#5635,.T.);
#8176=ORIENTED_EDGE('',*,*,#5633,.T.);
#8177=ORIENTED_EDGE('',*,*,#5631,.T.);
#8178=ORIENTED_EDGE('',*,*,#5629,.T.);
#8179=ORIENTED_EDGE('',*,*,#5627,.T.);
#8180=ORIENTED_EDGE('',*,*,#5625,.T.);
#8181=ORIENTED_EDGE('',*,*,#5623,.T.);
#8182=ORIENTED_EDGE('',*,*,#5621,.T.);
#8183=ORIENTED_EDGE('',*,*,#5619,.T.);
#8184=ORIENTED_EDGE('',*,*,#5617,.T.);
#8185=ORIENTED_EDGE('',*,*,#5615,.T.);
#8186=ORIENTED_EDGE('',*,*,#5613,.T.);
#8187=ORIENTED_EDGE('',*,*,#5611,.T.);
#8188=ORIENTED_EDGE('',*,*,#5609,.T.);
#8189=ORIENTED_EDGE('',*,*,#5607,.T.);
#8190=ORIENTED_EDGE('',*,*,#5677,.T.);
#8191=ORIENTED_EDGE('',*,*,#5675,.T.);
#8192=ORIENTED_EDGE('',*,*,#5673,.T.);
#8193=ORIENTED_EDGE('',*,*,#5671,.T.);
#8194=ORIENTED_EDGE('',*,*,#5669,.T.);
#8195=ORIENTED_EDGE('',*,*,#5667,.T.);
#8196=ORIENTED_EDGE('',*,*,#5665,.T.);
#8197=ORIENTED_EDGE('',*,*,#5663,.T.);
#8198=ORIENTED_EDGE('',*,*,#5661,.T.);
#8199=ORIENTED_EDGE('',*,*,#5659,.T.);
#8200=ORIENTED_EDGE('',*,*,#5657,.T.);
#8201=ORIENTED_EDGE('',*,*,#5655,.T.);
#8202=ORIENTED_EDGE('',*,*,#5653,.T.);
#8203=ORIENTED_EDGE('',*,*,#5651,.T.);
#8204=ORIENTED_EDGE('',*,*,#5649,.T.);
#8205=ORIENTED_EDGE('',*,*,#5647,.T.);
#8206=ORIENTED_EDGE('',*,*,#5645,.T.);
#8207=ORIENTED_EDGE('',*,*,#5683,.T.);
#8208=ORIENTED_EDGE('',*,*,#5681,.T.);
#8209=ORIENTED_EDGE('',*,*,#5679,.T.);
#8210=ORIENTED_EDGE('',*,*,#5685,.T.);
#8211=ORIENTED_EDGE('',*,*,#5691,.T.);
#8212=ORIENTED_EDGE('',*,*,#5689,.T.);
#8213=ORIENTED_EDGE('',*,*,#5687,.T.);
#8214=ORIENTED_EDGE('',*,*,#5693,.T.);
#8215=ORIENTED_EDGE('',*,*,#5699,.T.);
#8216=ORIENTED_EDGE('',*,*,#5697,.T.);
#8217=ORIENTED_EDGE('',*,*,#5695,.T.);
#8218=ORIENTED_EDGE('',*,*,#5701,.T.);
#8219=ORIENTED_EDGE('',*,*,#5707,.T.);
#8220=ORIENTED_EDGE('',*,*,#5705,.T.);
#8221=ORIENTED_EDGE('',*,*,#5703,.T.);
#8222=ORIENTED_EDGE('',*,*,#5709,.T.);
#8223=ORIENTED_EDGE('',*,*,#5715,.T.);
#8224=ORIENTED_EDGE('',*,*,#5713,.T.);
#8225=ORIENTED_EDGE('',*,*,#5711,.T.);
#8226=ORIENTED_EDGE('',*,*,#5717,.T.);
#8227=ORIENTED_EDGE('',*,*,#5723,.T.);
#8228=ORIENTED_EDGE('',*,*,#5721,.T.);
#8229=ORIENTED_EDGE('',*,*,#5719,.T.);
#8230=ORIENTED_EDGE('',*,*,#5725,.T.);
#8231=ORIENTED_EDGE('',*,*,#5731,.T.);
#8232=ORIENTED_EDGE('',*,*,#5729,.T.);
#8233=ORIENTED_EDGE('',*,*,#5727,.T.);
#8234=ORIENTED_EDGE('',*,*,#5733,.T.);
#8235=ORIENTED_EDGE('',*,*,#5739,.T.);
#8236=ORIENTED_EDGE('',*,*,#5737,.T.);
#8237=ORIENTED_EDGE('',*,*,#5735,.T.);
#8238=ORIENTED_EDGE('',*,*,#5741,.T.);
#8239=ORIENTED_EDGE('',*,*,#5747,.T.);
#8240=ORIENTED_EDGE('',*,*,#5745,.T.);
#8241=ORIENTED_EDGE('',*,*,#5743,.T.);
#8242=ORIENTED_EDGE('',*,*,#5749,.T.);
#8243=ORIENTED_EDGE('',*,*,#5755,.T.);
#8244=ORIENTED_EDGE('',*,*,#5753,.T.);
#8245=ORIENTED_EDGE('',*,*,#5751,.T.);
#8246=ORIENTED_EDGE('',*,*,#5757,.T.);
#8247=ORIENTED_EDGE('',*,*,#5763,.T.);
#8248=ORIENTED_EDGE('',*,*,#5761,.T.);
#8249=ORIENTED_EDGE('',*,*,#5759,.T.);
#8250=ORIENTED_EDGE('',*,*,#5765,.T.);
#8251=ORIENTED_EDGE('',*,*,#5771,.T.);
#8252=ORIENTED_EDGE('',*,*,#5769,.T.);
#8253=ORIENTED_EDGE('',*,*,#5767,.T.);
#8254=ORIENTED_EDGE('',*,*,#5773,.T.);
#8255=ORIENTED_EDGE('',*,*,#5779,.T.);
#8256=ORIENTED_EDGE('',*,*,#5777,.T.);
#8257=ORIENTED_EDGE('',*,*,#5775,.T.);
#8258=ORIENTED_EDGE('',*,*,#5781,.T.);
#8259=ORIENTED_EDGE('',*,*,#5787,.T.);
#8260=ORIENTED_EDGE('',*,*,#5785,.T.);
#8261=ORIENTED_EDGE('',*,*,#5783,.T.);
#8262=ORIENTED_EDGE('',*,*,#5789,.T.);
#8263=ORIENTED_EDGE('',*,*,#5795,.T.);
#8264=ORIENTED_EDGE('',*,*,#5793,.T.);
#8265=ORIENTED_EDGE('',*,*,#5791,.T.);
#8266=ORIENTED_EDGE('',*,*,#5797,.T.);
#8267=ORIENTED_EDGE('',*,*,#5803,.T.);
#8268=ORIENTED_EDGE('',*,*,#5801,.T.);
#8269=ORIENTED_EDGE('',*,*,#5799,.T.);
#8270=ORIENTED_EDGE('',*,*,#5805,.T.);
#8271=ORIENTED_EDGE('',*,*,#5811,.T.);
#8272=ORIENTED_EDGE('',*,*,#5809,.T.);
#8273=ORIENTED_EDGE('',*,*,#5807,.T.);
#8274=ORIENTED_EDGE('',*,*,#5813,.T.);
#8275=ORIENTED_EDGE('',*,*,#5819,.T.);
#8276=ORIENTED_EDGE('',*,*,#5817,.T.);
#8277=ORIENTED_EDGE('',*,*,#5815,.T.);
#8278=ORIENTED_EDGE('',*,*,#5821,.T.);
#8279=ORIENTED_EDGE('',*,*,#5827,.T.);
#8280=ORIENTED_EDGE('',*,*,#5825,.T.);
#8281=ORIENTED_EDGE('',*,*,#5823,.T.);
#8282=ORIENTED_EDGE('',*,*,#5829,.T.);
#8283=ORIENTED_EDGE('',*,*,#5867,.T.);
#8284=ORIENTED_EDGE('',*,*,#5865,.T.);
#8285=ORIENTED_EDGE('',*,*,#5863,.T.);
#8286=ORIENTED_EDGE('',*,*,#5861,.T.);
#8287=ORIENTED_EDGE('',*,*,#5859,.T.);
#8288=ORIENTED_EDGE('',*,*,#5857,.T.);
#8289=ORIENTED_EDGE('',*,*,#5855,.T.);
#8290=ORIENTED_EDGE('',*,*,#5853,.T.);
#8291=ORIENTED_EDGE('',*,*,#5851,.T.);
#8292=ORIENTED_EDGE('',*,*,#5849,.T.);
#8293=ORIENTED_EDGE('',*,*,#5847,.T.);
#8294=ORIENTED_EDGE('',*,*,#5845,.T.);
#8295=ORIENTED_EDGE('',*,*,#5843,.T.);
#8296=ORIENTED_EDGE('',*,*,#5841,.T.);
#8297=ORIENTED_EDGE('',*,*,#5839,.T.);
#8298=ORIENTED_EDGE('',*,*,#5837,.T.);
#8299=ORIENTED_EDGE('',*,*,#5835,.T.);
#8300=ORIENTED_EDGE('',*,*,#5833,.T.);
#8301=ORIENTED_EDGE('',*,*,#5831,.T.);
#8302=ORIENTED_EDGE('',*,*,#5901,.T.);
#8303=ORIENTED_EDGE('',*,*,#5899,.T.);
#8304=ORIENTED_EDGE('',*,*,#5897,.T.);
#8305=ORIENTED_EDGE('',*,*,#5895,.T.);
#8306=ORIENTED_EDGE('',*,*,#5893,.T.);
#8307=ORIENTED_EDGE('',*,*,#5891,.T.);
#8308=ORIENTED_EDGE('',*,*,#5889,.T.);
#8309=ORIENTED_EDGE('',*,*,#5887,.T.);
#8310=ORIENTED_EDGE('',*,*,#5885,.T.);
#8311=ORIENTED_EDGE('',*,*,#5883,.T.);
#8312=ORIENTED_EDGE('',*,*,#5881,.T.);
#8313=ORIENTED_EDGE('',*,*,#5879,.T.);
#8314=ORIENTED_EDGE('',*,*,#5877,.T.);
#8315=ORIENTED_EDGE('',*,*,#5875,.T.);
#8316=ORIENTED_EDGE('',*,*,#5873,.T.);
#8317=ORIENTED_EDGE('',*,*,#5871,.T.);
#8318=ORIENTED_EDGE('',*,*,#5869,.T.);
#8319=CYLINDRICAL_SURFACE('',#8743,1.5);
#8320=CYLINDRICAL_SURFACE('',#8746,1.49999999999999);
#8321=CYLINDRICAL_SURFACE('',#8749,1.5);
#8322=CYLINDRICAL_SURFACE('',#8752,1.49999999999999);
#8323=CYLINDRICAL_SURFACE('',#8757,2.);
#8324=CYLINDRICAL_SURFACE('',#8761,2.);
#8325=ADVANCED_FACE('',(#551),#8319,.F.);
#8326=ADVANCED_FACE('',(#552),#8320,.F.);
#8327=ADVANCED_FACE('',(#553),#8321,.F.);
#8328=ADVANCED_FACE('',(#554),#8322,.F.);
#8329=ADVANCED_FACE('',(#555),#153,.T.);
#8330=ADVANCED_FACE('',(#556),#154,.T.);
#8331=ADVANCED_FACE('',(#557),#8323,.F.);
#8332=ADVANCED_FACE('',(#558),#155,.F.);
#8333=ADVANCED_FACE('',(#559),#8324,.F.);
#8334=ADVANCED_FACE('',(#560),#156,.F.);
#8335=ADVANCED_FACE('',(#561),#157,.F.);
#8336=ADVANCED_FACE('',(#562,#15,#16,#17,#18,#19,#20,#21,#22,#23,#24,#25,
#26,#27,#28,#29,#30,#31,#32,#33,#34,#35,#36,#37,#38,#39,#40,#41,#42,#43,
#44,#45,#46,#47,#48,#49,#50,#51,#52,#53,#54,#55,#56,#57,#58,#59,#60,#61,
#62,#63,#64,#65,#66,#67,#68,#69,#70,#71,#72,#73,#74,#75,#76,#77,#78,#79,
#80,#81,#82,#83),#158,.T.);
#8337=ADVANCED_FACE('',(#563),#159,.F.);
#8338=ADVANCED_FACE('',(#564),#160,.F.);
#8339=ADVANCED_FACE('',(#565),#161,.F.);
#8340=ADVANCED_FACE('',(#566),#162,.F.);
#8341=ADVANCED_FACE('',(#567),#163,.F.);
#8342=ADVANCED_FACE('',(#568),#164,.F.);
#8343=ADVANCED_FACE('',(#569),#165,.F.);
#8344=ADVANCED_FACE('',(#570),#166,.F.);
#8345=ADVANCED_FACE('',(#571),#167,.F.);
#8346=ADVANCED_FACE('',(#572),#168,.F.);
#8347=ADVANCED_FACE('',(#573),#169,.F.);
#8348=ADVANCED_FACE('',(#574),#170,.F.);
#8349=ADVANCED_FACE('',(#575),#171,.F.);
#8350=ADVANCED_FACE('',(#576),#172,.F.);
#8351=ADVANCED_FACE('',(#577),#173,.F.);
#8352=ADVANCED_FACE('',(#578),#174,.F.);
#8353=ADVANCED_FACE('',(#579),#175,.F.);
#8354=ADVANCED_FACE('',(#580),#176,.F.);
#8355=ADVANCED_FACE('',(#581),#177,.F.);
#8356=ADVANCED_FACE('',(#582),#178,.F.);
#8357=ADVANCED_FACE('',(#583),#179,.F.);
#8358=ADVANCED_FACE('',(#584),#180,.F.);
#8359=ADVANCED_FACE('',(#585),#181,.F.);
#8360=ADVANCED_FACE('',(#586),#182,.F.);
#8361=ADVANCED_FACE('',(#587),#183,.F.);
#8362=ADVANCED_FACE('',(#588),#184,.F.);
#8363=ADVANCED_FACE('',(#589),#185,.F.);
#8364=ADVANCED_FACE('',(#590),#186,.F.);
#8365=ADVANCED_FACE('',(#591),#187,.F.);
#8366=ADVANCED_FACE('',(#592),#188,.F.);
#8367=ADVANCED_FACE('',(#593),#189,.F.);
#8368=ADVANCED_FACE('',(#594),#190,.F.);
#8369=ADVANCED_FACE('',(#595),#191,.F.);
#8370=ADVANCED_FACE('',(#596),#192,.F.);
#8371=ADVANCED_FACE('',(#597),#193,.F.);
#8372=ADVANCED_FACE('',(#598),#194,.F.);
#8373=ADVANCED_FACE('',(#599),#195,.F.);
#8374=ADVANCED_FACE('',(#600),#196,.F.);
#8375=ADVANCED_FACE('',(#601),#197,.F.);
#8376=ADVANCED_FACE('',(#602),#198,.F.);
#8377=ADVANCED_FACE('',(#603),#199,.F.);
#8378=ADVANCED_FACE('',(#604),#200,.F.);
#8379=ADVANCED_FACE('',(#605),#201,.F.);
#8380=ADVANCED_FACE('',(#606),#202,.F.);
#8381=ADVANCED_FACE('',(#607),#203,.F.);
#8382=ADVANCED_FACE('',(#608),#204,.F.);
#8383=ADVANCED_FACE('',(#609),#205,.F.);
#8384=ADVANCED_FACE('',(#610),#206,.F.);
#8385=ADVANCED_FACE('',(#611),#207,.F.);
#8386=ADVANCED_FACE('',(#612),#208,.F.);
#8387=ADVANCED_FACE('',(#613),#209,.F.);
#8388=ADVANCED_FACE('',(#614),#210,.F.);
#8389=ADVANCED_FACE('',(#615),#211,.F.);
#8390=ADVANCED_FACE('',(#616),#212,.F.);
#8391=ADVANCED_FACE('',(#617),#213,.F.);
#8392=ADVANCED_FACE('',(#618),#214,.F.);
#8393=ADVANCED_FACE('',(#619),#215,.F.);
#8394=ADVANCED_FACE('',(#620),#216,.F.);
#8395=ADVANCED_FACE('',(#621),#217,.F.);
#8396=ADVANCED_FACE('',(#622),#218,.F.);
#8397=ADVANCED_FACE('',(#623),#219,.F.);
#8398=ADVANCED_FACE('',(#624),#220,.F.);
#8399=ADVANCED_FACE('',(#625),#221,.F.);
#8400=ADVANCED_FACE('',(#626),#222,.F.);
#8401=ADVANCED_FACE('',(#627),#223,.F.);
#8402=ADVANCED_FACE('',(#628),#224,.F.);
#8403=ADVANCED_FACE('',(#629),#225,.F.);
#8404=ADVANCED_FACE('',(#630),#226,.F.);
#8405=ADVANCED_FACE('',(#631),#227,.F.);
#8406=ADVANCED_FACE('',(#632),#228,.F.);
#8407=ADVANCED_FACE('',(#633),#229,.F.);
#8408=ADVANCED_FACE('',(#634),#230,.F.);
#8409=ADVANCED_FACE('',(#635),#231,.F.);
#8410=ADVANCED_FACE('',(#636),#232,.F.);
#8411=ADVANCED_FACE('',(#637),#233,.F.);
#8412=ADVANCED_FACE('',(#638),#234,.F.);
#8413=ADVANCED_FACE('',(#639),#235,.F.);
#8414=ADVANCED_FACE('',(#640),#236,.F.);
#8415=ADVANCED_FACE('',(#641),#237,.F.);
#8416=ADVANCED_FACE('',(#642),#238,.F.);
#8417=ADVANCED_FACE('',(#643),#239,.F.);
#8418=ADVANCED_FACE('',(#644),#240,.F.);
#8419=ADVANCED_FACE('',(#645),#241,.F.);
#8420=ADVANCED_FACE('',(#646),#242,.F.);
#8421=ADVANCED_FACE('',(#647),#243,.F.);
#8422=ADVANCED_FACE('',(#648),#244,.F.);
#8423=ADVANCED_FACE('',(#649),#245,.F.);
#8424=ADVANCED_FACE('',(#650),#246,.F.);
#8425=ADVANCED_FACE('',(#651),#247,.F.);
#8426=ADVANCED_FACE('',(#652),#248,.F.);
#8427=ADVANCED_FACE('',(#653),#249,.F.);
#8428=ADVANCED_FACE('',(#654),#250,.F.);
#8429=ADVANCED_FACE('',(#655),#251,.F.);
#8430=ADVANCED_FACE('',(#656),#252,.F.);
#8431=ADVANCED_FACE('',(#657),#253,.F.);
#8432=ADVANCED_FACE('',(#658),#254,.F.);
#8433=ADVANCED_FACE('',(#659),#255,.F.);
#8434=ADVANCED_FACE('',(#660),#256,.F.);
#8435=ADVANCED_FACE('',(#661),#257,.F.);
#8436=ADVANCED_FACE('',(#662),#258,.F.);
#8437=ADVANCED_FACE('',(#663),#259,.F.);
#8438=ADVANCED_FACE('',(#664),#260,.F.);
#8439=ADVANCED_FACE('',(#665),#261,.F.);
#8440=ADVANCED_FACE('',(#666),#262,.F.);
#8441=ADVANCED_FACE('',(#667),#263,.F.);
#8442=ADVANCED_FACE('',(#668),#264,.F.);
#8443=ADVANCED_FACE('',(#669),#265,.F.);
#8444=ADVANCED_FACE('',(#670),#266,.F.);
#8445=ADVANCED_FACE('',(#671),#267,.F.);
#8446=ADVANCED_FACE('',(#672),#268,.F.);
#8447=ADVANCED_FACE('',(#673),#269,.F.);
#8448=ADVANCED_FACE('',(#674),#270,.F.);
#8449=ADVANCED_FACE('',(#675),#271,.F.);
#8450=ADVANCED_FACE('',(#676),#272,.F.);
#8451=ADVANCED_FACE('',(#677),#273,.F.);
#8452=ADVANCED_FACE('',(#678),#274,.F.);
#8453=ADVANCED_FACE('',(#679),#275,.F.);
#8454=ADVANCED_FACE('',(#680),#276,.F.);
#8455=ADVANCED_FACE('',(#681),#277,.F.);
#8456=ADVANCED_FACE('',(#682),#278,.F.);
#8457=ADVANCED_FACE('',(#683),#279,.F.);
#8458=ADVANCED_FACE('',(#684),#280,.F.);
#8459=ADVANCED_FACE('',(#685),#281,.F.);
#8460=ADVANCED_FACE('',(#686),#282,.F.);
#8461=ADVANCED_FACE('',(#687),#283,.F.);
#8462=ADVANCED_FACE('',(#688),#284,.F.);
#8463=ADVANCED_FACE('',(#689),#285,.F.);
#8464=ADVANCED_FACE('',(#690),#286,.F.);
#8465=ADVANCED_FACE('',(#691),#287,.F.);
#8466=ADVANCED_FACE('',(#692),#288,.F.);
#8467=ADVANCED_FACE('',(#693),#289,.F.);
#8468=ADVANCED_FACE('',(#694),#290,.F.);
#8469=ADVANCED_FACE('',(#695),#291,.F.);
#8470=ADVANCED_FACE('',(#696),#292,.F.);
#8471=ADVANCED_FACE('',(#697),#293,.F.);
#8472=ADVANCED_FACE('',(#698),#294,.F.);
#8473=ADVANCED_FACE('',(#699),#295,.F.);
#8474=ADVANCED_FACE('',(#700),#296,.F.);
#8475=ADVANCED_FACE('',(#701),#297,.F.);
#8476=ADVANCED_FACE('',(#702),#298,.F.);
#8477=ADVANCED_FACE('',(#703),#299,.F.);
#8478=ADVANCED_FACE('',(#704),#300,.F.);
#8479=ADVANCED_FACE('',(#705),#301,.F.);
#8480=ADVANCED_FACE('',(#706),#302,.F.);
#8481=ADVANCED_FACE('',(#707),#303,.F.);
#8482=ADVANCED_FACE('',(#708),#304,.F.);
#8483=ADVANCED_FACE('',(#709),#305,.F.);
#8484=ADVANCED_FACE('',(#710),#306,.F.);
#8485=ADVANCED_FACE('',(#711),#307,.F.);
#8486=ADVANCED_FACE('',(#712),#308,.F.);
#8487=ADVANCED_FACE('',(#713),#309,.F.);
#8488=ADVANCED_FACE('',(#714),#310,.F.);
#8489=ADVANCED_FACE('',(#715),#311,.F.);
#8490=ADVANCED_FACE('',(#716),#312,.F.);
#8491=ADVANCED_FACE('',(#717),#313,.F.);
#8492=ADVANCED_FACE('',(#718),#314,.F.);
#8493=ADVANCED_FACE('',(#719),#315,.F.);
#8494=ADVANCED_FACE('',(#720),#316,.F.);
#8495=ADVANCED_FACE('',(#721),#317,.F.);
#8496=ADVANCED_FACE('',(#722),#318,.F.);
#8497=ADVANCED_FACE('',(#723),#319,.F.);
#8498=ADVANCED_FACE('',(#724),#320,.F.);
#8499=ADVANCED_FACE('',(#725),#321,.F.);
#8500=ADVANCED_FACE('',(#726),#322,.F.);
#8501=ADVANCED_FACE('',(#727),#323,.F.);
#8502=ADVANCED_FACE('',(#728),#324,.F.);
#8503=ADVANCED_FACE('',(#729),#325,.F.);
#8504=ADVANCED_FACE('',(#730),#326,.F.);
#8505=ADVANCED_FACE('',(#731),#327,.F.);
#8506=ADVANCED_FACE('',(#732),#328,.F.);
#8507=ADVANCED_FACE('',(#733),#329,.F.);
#8508=ADVANCED_FACE('',(#734),#330,.F.);
#8509=ADVANCED_FACE('',(#735),#331,.F.);
#8510=ADVANCED_FACE('',(#736),#332,.F.);
#8511=ADVANCED_FACE('',(#737),#333,.F.);
#8512=ADVANCED_FACE('',(#738),#334,.F.);
#8513=ADVANCED_FACE('',(#739),#335,.F.);
#8514=ADVANCED_FACE('',(#740),#336,.F.);
#8515=ADVANCED_FACE('',(#741),#337,.F.);
#8516=ADVANCED_FACE('',(#742),#338,.F.);
#8517=ADVANCED_FACE('',(#743),#339,.F.);
#8518=ADVANCED_FACE('',(#744),#340,.F.);
#8519=ADVANCED_FACE('',(#745),#341,.F.);
#8520=ADVANCED_FACE('',(#746),#342,.F.);
#8521=ADVANCED_FACE('',(#747),#343,.F.);
#8522=ADVANCED_FACE('',(#748),#344,.F.);
#8523=ADVANCED_FACE('',(#749),#345,.F.);
#8524=ADVANCED_FACE('',(#750),#346,.F.);
#8525=ADVANCED_FACE('',(#751),#347,.F.);
#8526=ADVANCED_FACE('',(#752),#348,.F.);
#8527=ADVANCED_FACE('',(#753),#349,.F.);
#8528=ADVANCED_FACE('',(#754),#350,.F.);
#8529=ADVANCED_FACE('',(#755),#351,.F.);
#8530=ADVANCED_FACE('',(#756),#352,.F.);
#8531=ADVANCED_FACE('',(#757),#353,.F.);
#8532=ADVANCED_FACE('',(#758),#354,.F.);
#8533=ADVANCED_FACE('',(#759),#355,.F.);
#8534=ADVANCED_FACE('',(#760),#356,.F.);
#8535=ADVANCED_FACE('',(#761),#357,.F.);
#8536=ADVANCED_FACE('',(#762),#358,.F.);
#8537=ADVANCED_FACE('',(#763),#359,.F.);
#8538=ADVANCED_FACE('',(#764),#360,.F.);
#8539=ADVANCED_FACE('',(#765),#361,.F.);
#8540=ADVANCED_FACE('',(#766),#362,.F.);
#8541=ADVANCED_FACE('',(#767),#363,.F.);
#8542=ADVANCED_FACE('',(#768),#364,.F.);
#8543=ADVANCED_FACE('',(#769),#365,.F.);
#8544=ADVANCED_FACE('',(#770),#366,.F.);
#8545=ADVANCED_FACE('',(#771),#367,.F.);
#8546=ADVANCED_FACE('',(#772),#368,.F.);
#8547=ADVANCED_FACE('',(#773),#369,.F.);
#8548=ADVANCED_FACE('',(#774),#370,.F.);
#8549=ADVANCED_FACE('',(#775),#371,.F.);
#8550=ADVANCED_FACE('',(#776),#372,.F.);
#8551=ADVANCED_FACE('',(#777),#373,.F.);
#8552=ADVANCED_FACE('',(#778),#374,.F.);
#8553=ADVANCED_FACE('',(#779),#375,.F.);
#8554=ADVANCED_FACE('',(#780),#376,.F.);
#8555=ADVANCED_FACE('',(#781),#377,.F.);
#8556=ADVANCED_FACE('',(#782),#378,.F.);
#8557=ADVANCED_FACE('',(#783),#379,.F.);
#8558=ADVANCED_FACE('',(#784),#380,.F.);
#8559=ADVANCED_FACE('',(#785),#381,.F.);
#8560=ADVANCED_FACE('',(#786),#382,.F.);
#8561=ADVANCED_FACE('',(#787),#383,.F.);
#8562=ADVANCED_FACE('',(#788),#384,.F.);
#8563=ADVANCED_FACE('',(#789),#385,.F.);
#8564=ADVANCED_FACE('',(#790),#386,.F.);
#8565=ADVANCED_FACE('',(#791),#387,.F.);
#8566=ADVANCED_FACE('',(#792),#388,.F.);
#8567=ADVANCED_FACE('',(#793),#389,.F.);
#8568=ADVANCED_FACE('',(#794),#390,.F.);
#8569=ADVANCED_FACE('',(#795),#391,.F.);
#8570=ADVANCED_FACE('',(#796),#392,.F.);
#8571=ADVANCED_FACE('',(#797),#393,.F.);
#8572=ADVANCED_FACE('',(#798),#394,.F.);
#8573=ADVANCED_FACE('',(#799),#395,.F.);
#8574=ADVANCED_FACE('',(#800),#396,.F.);
#8575=ADVANCED_FACE('',(#801),#397,.F.);
#8576=ADVANCED_FACE('',(#802),#398,.F.);
#8577=ADVANCED_FACE('',(#803),#399,.F.);
#8578=ADVANCED_FACE('',(#804),#400,.F.);
#8579=ADVANCED_FACE('',(#805),#401,.F.);
#8580=ADVANCED_FACE('',(#806),#402,.F.);
#8581=ADVANCED_FACE('',(#807),#403,.F.);
#8582=ADVANCED_FACE('',(#808),#404,.F.);
#8583=ADVANCED_FACE('',(#809),#405,.F.);
#8584=ADVANCED_FACE('',(#810),#406,.F.);
#8585=ADVANCED_FACE('',(#811),#407,.F.);
#8586=ADVANCED_FACE('',(#812),#408,.F.);
#8587=ADVANCED_FACE('',(#813),#409,.F.);
#8588=ADVANCED_FACE('',(#814),#410,.F.);
#8589=ADVANCED_FACE('',(#815),#411,.F.);
#8590=ADVANCED_FACE('',(#816),#412,.F.);
#8591=ADVANCED_FACE('',(#817),#413,.F.);
#8592=ADVANCED_FACE('',(#818),#414,.F.);
#8593=ADVANCED_FACE('',(#819),#415,.F.);
#8594=ADVANCED_FACE('',(#820),#416,.F.);
#8595=ADVANCED_FACE('',(#821),#417,.F.);
#8596=ADVANCED_FACE('',(#822),#418,.F.);
#8597=ADVANCED_FACE('',(#823),#419,.F.);
#8598=ADVANCED_FACE('',(#824),#420,.F.);
#8599=ADVANCED_FACE('',(#825),#421,.F.);
#8600=ADVANCED_FACE('',(#826),#422,.F.);
#8601=ADVANCED_FACE('',(#827),#423,.F.);
#8602=ADVANCED_FACE('',(#828),#424,.F.);
#8603=ADVANCED_FACE('',(#829),#425,.F.);
#8604=ADVANCED_FACE('',(#830),#426,.F.);
#8605=ADVANCED_FACE('',(#831),#427,.F.);
#8606=ADVANCED_FACE('',(#832),#428,.F.);
#8607=ADVANCED_FACE('',(#833),#429,.F.);
#8608=ADVANCED_FACE('',(#834),#430,.F.);
#8609=ADVANCED_FACE('',(#835),#431,.F.);
#8610=ADVANCED_FACE('',(#836),#432,.F.);
#8611=ADVANCED_FACE('',(#837),#433,.F.);
#8612=ADVANCED_FACE('',(#838),#434,.F.);
#8613=ADVANCED_FACE('',(#839),#435,.F.);
#8614=ADVANCED_FACE('',(#840),#436,.F.);
#8615=ADVANCED_FACE('',(#841),#437,.F.);
#8616=ADVANCED_FACE('',(#842),#438,.F.);
#8617=ADVANCED_FACE('',(#843),#439,.F.);
#8618=ADVANCED_FACE('',(#844),#440,.F.);
#8619=ADVANCED_FACE('',(#845),#441,.F.);
#8620=ADVANCED_FACE('',(#846),#442,.F.);
#8621=ADVANCED_FACE('',(#847),#443,.F.);
#8622=ADVANCED_FACE('',(#848),#444,.F.);
#8623=ADVANCED_FACE('',(#849),#445,.F.);
#8624=ADVANCED_FACE('',(#850),#446,.F.);
#8625=ADVANCED_FACE('',(#851),#447,.F.);
#8626=ADVANCED_FACE('',(#852),#448,.F.);
#8627=ADVANCED_FACE('',(#853),#449,.F.);
#8628=ADVANCED_FACE('',(#854),#450,.F.);
#8629=ADVANCED_FACE('',(#855),#451,.F.);
#8630=ADVANCED_FACE('',(#856),#452,.F.);
#8631=ADVANCED_FACE('',(#857),#453,.F.);
#8632=ADVANCED_FACE('',(#858),#454,.F.);
#8633=ADVANCED_FACE('',(#859),#455,.F.);
#8634=ADVANCED_FACE('',(#860),#456,.F.);
#8635=ADVANCED_FACE('',(#861),#457,.F.);
#8636=ADVANCED_FACE('',(#862),#458,.F.);
#8637=ADVANCED_FACE('',(#863),#459,.F.);
#8638=ADVANCED_FACE('',(#864),#460,.F.);
#8639=ADVANCED_FACE('',(#865),#461,.F.);
#8640=ADVANCED_FACE('',(#866),#462,.F.);
#8641=ADVANCED_FACE('',(#867),#463,.F.);
#8642=ADVANCED_FACE('',(#868),#464,.F.);
#8643=ADVANCED_FACE('',(#869),#465,.F.);
#8644=ADVANCED_FACE('',(#870),#466,.F.);
#8645=ADVANCED_FACE('',(#871),#467,.F.);
#8646=ADVANCED_FACE('',(#872),#468,.F.);
#8647=ADVANCED_FACE('',(#873),#469,.F.);
#8648=ADVANCED_FACE('',(#874),#470,.F.);
#8649=ADVANCED_FACE('',(#875),#471,.F.);
#8650=ADVANCED_FACE('',(#876),#472,.F.);
#8651=ADVANCED_FACE('',(#877),#473,.F.);
#8652=ADVANCED_FACE('',(#878),#474,.F.);
#8653=ADVANCED_FACE('',(#879),#475,.F.);
#8654=ADVANCED_FACE('',(#880),#476,.F.);
#8655=ADVANCED_FACE('',(#881),#477,.F.);
#8656=ADVANCED_FACE('',(#882),#478,.F.);
#8657=ADVANCED_FACE('',(#883),#479,.F.);
#8658=ADVANCED_FACE('',(#884),#480,.F.);
#8659=ADVANCED_FACE('',(#885),#481,.F.);
#8660=ADVANCED_FACE('',(#886),#482,.F.);
#8661=ADVANCED_FACE('',(#887),#483,.F.);
#8662=ADVANCED_FACE('',(#888),#484,.F.);
#8663=ADVANCED_FACE('',(#889),#485,.F.);
#8664=ADVANCED_FACE('',(#890),#486,.F.);
#8665=ADVANCED_FACE('',(#891),#487,.F.);
#8666=ADVANCED_FACE('',(#892),#488,.F.);
#8667=ADVANCED_FACE('',(#893),#489,.F.);
#8668=ADVANCED_FACE('',(#894),#490,.F.);
#8669=ADVANCED_FACE('',(#895),#491,.F.);
#8670=ADVANCED_FACE('',(#896),#492,.F.);
#8671=ADVANCED_FACE('',(#897),#493,.F.);
#8672=ADVANCED_FACE('',(#898),#494,.F.);
#8673=ADVANCED_FACE('',(#899),#495,.F.);
#8674=ADVANCED_FACE('',(#900),#496,.F.);
#8675=ADVANCED_FACE('',(#901),#497,.F.);
#8676=ADVANCED_FACE('',(#902),#498,.F.);
#8677=ADVANCED_FACE('',(#903),#499,.F.);
#8678=ADVANCED_FACE('',(#904),#500,.F.);
#8679=ADVANCED_FACE('',(#905),#501,.F.);
#8680=ADVANCED_FACE('',(#906),#502,.F.);
#8681=ADVANCED_FACE('',(#907),#503,.F.);
#8682=ADVANCED_FACE('',(#908),#504,.F.);
#8683=ADVANCED_FACE('',(#909),#505,.F.);
#8684=ADVANCED_FACE('',(#910),#506,.F.);
#8685=ADVANCED_FACE('',(#911),#507,.F.);
#8686=ADVANCED_FACE('',(#912),#508,.F.);
#8687=ADVANCED_FACE('',(#913),#509,.F.);
#8688=ADVANCED_FACE('',(#914),#510,.F.);
#8689=ADVANCED_FACE('',(#915),#511,.F.);
#8690=ADVANCED_FACE('',(#916),#512,.F.);
#8691=ADVANCED_FACE('',(#917),#513,.F.);
#8692=ADVANCED_FACE('',(#918),#514,.F.);
#8693=ADVANCED_FACE('',(#919),#515,.F.);
#8694=ADVANCED_FACE('',(#920),#516,.F.);
#8695=ADVANCED_FACE('',(#921),#517,.F.);
#8696=ADVANCED_FACE('',(#922),#518,.F.);
#8697=ADVANCED_FACE('',(#923),#519,.F.);
#8698=ADVANCED_FACE('',(#924),#520,.F.);
#8699=ADVANCED_FACE('',(#925),#521,.F.);
#8700=ADVANCED_FACE('',(#926),#522,.F.);
#8701=ADVANCED_FACE('',(#927),#523,.F.);
#8702=ADVANCED_FACE('',(#928),#524,.F.);
#8703=ADVANCED_FACE('',(#929),#525,.F.);
#8704=ADVANCED_FACE('',(#930),#526,.F.);
#8705=ADVANCED_FACE('',(#931),#527,.F.);
#8706=ADVANCED_FACE('',(#932),#528,.F.);
#8707=ADVANCED_FACE('',(#933),#529,.F.);
#8708=ADVANCED_FACE('',(#934),#530,.F.);
#8709=ADVANCED_FACE('',(#935),#531,.F.);
#8710=ADVANCED_FACE('',(#936),#532,.F.);
#8711=ADVANCED_FACE('',(#937),#533,.F.);
#8712=ADVANCED_FACE('',(#938),#534,.F.);
#8713=ADVANCED_FACE('',(#939),#535,.F.);
#8714=ADVANCED_FACE('',(#940),#536,.F.);
#8715=ADVANCED_FACE('',(#941),#537,.F.);
#8716=ADVANCED_FACE('',(#942),#538,.F.);
#8717=ADVANCED_FACE('',(#943),#539,.F.);
#8718=ADVANCED_FACE('',(#944),#540,.F.);
#8719=ADVANCED_FACE('',(#945),#541,.F.);
#8720=ADVANCED_FACE('',(#946),#542,.F.);
#8721=ADVANCED_FACE('',(#947),#543,.F.);
#8722=ADVANCED_FACE('',(#948),#544,.F.);
#8723=ADVANCED_FACE('',(#949),#545,.F.);
#8724=ADVANCED_FACE('',(#950),#546,.F.);
#8725=ADVANCED_FACE('',(#951),#547,.T.);
#8726=ADVANCED_FACE('',(#952),#548,.T.);
#8727=ADVANCED_FACE('',(#953),#549,.T.);
#8728=ADVANCED_FACE('',(#954,#84,#85,#86,#87,#88,#89,#90,#91,#92,#93,#94,
#95,#96,#97,#98,#99,#100,#101,#102,#103,#104,#105,#106,#107,#108,#109,#110,
#111,#112,#113,#114,#115,#116,#117,#118,#119,#120,#121,#122,#123,#124,#125,
#126,#127,#128,#129,#130,#131,#132,#133,#134,#135,#136,#137,#138,#139,#140,
#141,#142,#143,#144,#145,#146,#147,#148,#149,#150,#151,#152),#550,.F.);
#8729=CLOSED_SHELL('',(#8325,#8326,#8327,#8328,#8329,#8330,#8331,#8332,
#8333,#8334,#8335,#8336,#8337,#8338,#8339,#8340,#8341,#8342,#8343,#8344,
#8345,#8346,#8347,#8348,#8349,#8350,#8351,#8352,#8353,#8354,#8355,#8356,
#8357,#8358,#8359,#8360,#8361,#8362,#8363,#8364,#8365,#8366,#8367,#8368,
#8369,#8370,#8371,#8372,#8373,#8374,#8375,#8376,#8377,#8378,#8379,#8380,
#8381,#8382,#8383,#8384,#8385,#8386,#8387,#8388,#8389,#8390,#8391,#8392,
#8393,#8394,#8395,#8396,#8397,#8398,#8399,#8400,#8401,#8402,#8403,#8404,
#8405,#8406,#8407,#8408,#8409,#8410,#8411,#8412,#8413,#8414,#8415,#8416,
#8417,#8418,#8419,#8420,#8421,#8422,#8423,#8424,#8425,#8426,#8427,#8428,
#8429,#8430,#8431,#8432,#8433,#8434,#8435,#8436,#8437,#8438,#8439,#8440,
#8441,#8442,#8443,#8444,#8445,#8446,#8447,#8448,#8449,#8450,#8451,#8452,
#8453,#8454,#8455,#8456,#8457,#8458,#8459,#8460,#8461,#8462,#8463,#8464,
#8465,#8466,#8467,#8468,#8469,#8470,#8471,#8472,#8473,#8474,#8475,#8476,
#8477,#8478,#8479,#8480,#8481,#8482,#8483,#8484,#8485,#8486,#8487,#8488,
#8489,#8490,#8491,#8492,#8493,#8494,#8495,#8496,#8497,#8498,#8499,#8500,
#8501,#8502,#8503,#8504,#8505,#8506,#8507,#8508,#8509,#8510,#8511,#8512,
#8513,#8514,#8515,#8516,#8517,#8518,#8519,#8520,#8521,#8522,#8523,#8524,
#8525,#8526,#8527,#8528,#8529,#8530,#8531,#8532,#8533,#8534,#8535,#8536,
#8537,#8538,#8539,#8540,#8541,#8542,#8543,#8544,#8545,#8546,#8547,#8548,
#8549,#8550,#8551,#8552,#8553,#8554,#8555,#8556,#8557,#8558,#8559,#8560,
#8561,#8562,#8563,#8564,#8565,#8566,#8567,#8568,#8569,#8570,#8571,#8572,
#8573,#8574,#8575,#8576,#8577,#8578,#8579,#8580,#8581,#8582,#8583,#8584,
#8585,#8586,#8587,#8588,#8589,#8590,#8591,#8592,#8593,#8594,#8595,#8596,
#8597,#8598,#8599,#8600,#8601,#8602,#8603,#8604,#8605,#8606,#8607,#8608,
#8609,#8610,#8611,#8612,#8613,#8614,#8615,#8616,#8617,#8618,#8619,#8620,
#8621,#8622,#8623,#8624,#8625,#8626,#8627,#8628,#8629,#8630,#8631,#8632,
#8633,#8634,#8635,#8636,#8637,#8638,#8639,#8640,#8641,#8642,#8643,#8644,
#8645,#8646,#8647,#8648,#8649,#8650,#8651,#8652,#8653,#8654,#8655,#8656,
#8657,#8658,#8659,#8660,#8661,#8662,#8663,#8664,#8665,#8666,#8667,#8668,
#8669,#8670,#8671,#8672,#8673,#8674,#8675,#8676,#8677,#8678,#8679,#8680,
#8681,#8682,#8683,#8684,#8685,#8686,#8687,#8688,#8689,#8690,#8691,#8692,
#8693,#8694,#8695,#8696,#8697,#8698,#8699,#8700,#8701,#8702,#8703,#8704,
#8705,#8706,#8707,#8708,#8709,#8710,#8711,#8712,#8713,#8714,#8715,#8716,
#8717,#8718,#8719,#8720,#8721,#8722,#8723,#8724,#8725,#8726,#8727,#8728));
#8730=DERIVED_UNIT_ELEMENT(#8732,1.);
#8731=DERIVED_UNIT_ELEMENT(#13607,-3.);
#8732=(
MASS_UNIT()
NAMED_UNIT(*)
SI_UNIT(.KILO.,.GRAM.)
);
#8733=DERIVED_UNIT((#8730,#8731));
#8734=MEASURE_REPRESENTATION_ITEM('density measure',
POSITIVE_RATIO_MEASURE(7395.3),#8733);
#8735=PROPERTY_DEFINITION_REPRESENTATION(#8740,#8737);
#8736=PROPERTY_DEFINITION_REPRESENTATION(#8741,#8738);
#8737=REPRESENTATION('material name',(#8739),#13604);
#8738=REPRESENTATION('density',(#8734),#13604);
#8739=DESCRIPTIVE_REPRESENTATION_ITEM(
'Iron, Gray Cast ASTM A48 Grade 20','Iron, Gray Cast ASTM A48 Grade 20');
#8740=PROPERTY_DEFINITION('material property','material name',#13614);
#8741=PROPERTY_DEFINITION('material property','density of part',#13614);
#8742=AXIS2_PLACEMENT_3D('',#11187,#9159,#9160);
#8743=AXIS2_PLACEMENT_3D('',#11188,#9161,#9162);
#8744=AXIS2_PLACEMENT_3D('',#11190,#9163,#9164);
#8745=AXIS2_PLACEMENT_3D('',#11193,#9166,#9167);
#8746=AXIS2_PLACEMENT_3D('',#11194,#9168,#9169);
#8747=AXIS2_PLACEMENT_3D('',#11196,#9170,#9171);
#8748=AXIS2_PLACEMENT_3D('',#11199,#9173,#9174);
#8749=AXIS2_PLACEMENT_3D('',#11200,#9175,#9176);
#8750=AXIS2_PLACEMENT_3D('',#11202,#9177,#9178);
#8751=AXIS2_PLACEMENT_3D('',#11205,#9180,#9181);
#8752=AXIS2_PLACEMENT_3D('',#11206,#9182,#9183);
#8753=AXIS2_PLACEMENT_3D('',#11208,#9184,#9185);
#8754=AXIS2_PLACEMENT_3D('',#11211,#9187,#9188);
#8755=AXIS2_PLACEMENT_3D('',#11212,#9189,#9190);
#8756=AXIS2_PLACEMENT_3D('',#11221,#9195,#9196);
#8757=AXIS2_PLACEMENT_3D('',#11230,#9201,#9202);
#8758=AXIS2_PLACEMENT_3D('',#11233,#9203,#9204);
#8759=AXIS2_PLACEMENT_3D('',#11237,#9206,#9207);
#8760=AXIS2_PLACEMENT_3D('',#11239,#9209,#9210);
#8761=AXIS2_PLACEMENT_3D('',#11242,#9213,#9214);
#8762=AXIS2_PLACEMENT_3D('',#11245,#9215,#9216);
#8763=AXIS2_PLACEMENT_3D('',#11249,#9218,#9219);
#8764=AXIS2_PLACEMENT_3D('',#11251,#9221,#9222);
#8765=AXIS2_PLACEMENT_3D('',#11254,#9225,#9226);
#8766=AXIS2_PLACEMENT_3D('',#11257,#9229,#9230);
#8767=AXIS2_PLACEMENT_3D('',#12039,#9622,#9623);
#8768=AXIS2_PLACEMENT_3D('',#12045,#9627,#9628);
#8769=AXIS2_PLACEMENT_3D('',#12049,#9631,#9632);
#8770=AXIS2_PLACEMENT_3D('',#12053,#9635,#9636);
#8771=AXIS2_PLACEMENT_3D('',#12055,#9638,#9639);
#8772=AXIS2_PLACEMENT_3D('',#12061,#9643,#9644);
#8773=AXIS2_PLACEMENT_3D('',#12065,#9647,#9648);
#8774=AXIS2_PLACEMENT_3D('',#12069,#9651,#9652);
#8775=AXIS2_PLACEMENT_3D('',#12071,#9654,#9655);
#8776=AXIS2_PLACEMENT_3D('',#12077,#9659,#9660);
#8777=AXIS2_PLACEMENT_3D('',#12081,#9663,#9664);
#8778=AXIS2_PLACEMENT_3D('',#12085,#9667,#9668);
#8779=AXIS2_PLACEMENT_3D('',#12087,#9670,#9671);
#8780=AXIS2_PLACEMENT_3D('',#12093,#9675,#9676);
#8781=AXIS2_PLACEMENT_3D('',#12097,#9679,#9680);
#8782=AXIS2_PLACEMENT_3D('',#12101,#9683,#9684);
#8783=AXIS2_PLACEMENT_3D('',#12103,#9686,#9687);
#8784=AXIS2_PLACEMENT_3D('',#12109,#9691,#9692);
#8785=AXIS2_PLACEMENT_3D('',#12113,#9695,#9696);
#8786=AXIS2_PLACEMENT_3D('',#12117,#9699,#9700);
#8787=AXIS2_PLACEMENT_3D('',#12119,#9702,#9703);
#8788=AXIS2_PLACEMENT_3D('',#12125,#9707,#9708);
#8789=AXIS2_PLACEMENT_3D('',#12129,#9711,#9712);
#8790=AXIS2_PLACEMENT_3D('',#12133,#9715,#9716);
#8791=AXIS2_PLACEMENT_3D('',#12135,#9718,#9719);
#8792=AXIS2_PLACEMENT_3D('',#12141,#9723,#9724);
#8793=AXIS2_PLACEMENT_3D('',#12145,#9727,#9728);
#8794=AXIS2_PLACEMENT_3D('',#12149,#9731,#9732);
#8795=AXIS2_PLACEMENT_3D('',#12151,#9734,#9735);
#8796=AXIS2_PLACEMENT_3D('',#12157,#9739,#9740);
#8797=AXIS2_PLACEMENT_3D('',#12161,#9743,#9744);
#8798=AXIS2_PLACEMENT_3D('',#12165,#9747,#9748);
#8799=AXIS2_PLACEMENT_3D('',#12167,#9750,#9751);
#8800=AXIS2_PLACEMENT_3D('',#12173,#9755,#9756);
#8801=AXIS2_PLACEMENT_3D('',#12177,#9759,#9760);
#8802=AXIS2_PLACEMENT_3D('',#12181,#9763,#9764);
#8803=AXIS2_PLACEMENT_3D('',#12183,#9766,#9767);
#8804=AXIS2_PLACEMENT_3D('',#12189,#9771,#9772);
#8805=AXIS2_PLACEMENT_3D('',#12193,#9775,#9776);
#8806=AXIS2_PLACEMENT_3D('',#12197,#9779,#9780);
#8807=AXIS2_PLACEMENT_3D('',#12199,#9782,#9783);
#8808=AXIS2_PLACEMENT_3D('',#12205,#9787,#9788);
#8809=AXIS2_PLACEMENT_3D('',#12209,#9791,#9792);
#8810=AXIS2_PLACEMENT_3D('',#12213,#9795,#9796);
#8811=AXIS2_PLACEMENT_3D('',#12215,#9798,#9799);
#8812=AXIS2_PLACEMENT_3D('',#12221,#9803,#9804);
#8813=AXIS2_PLACEMENT_3D('',#12225,#9807,#9808);
#8814=AXIS2_PLACEMENT_3D('',#12229,#9811,#9812);
#8815=AXIS2_PLACEMENT_3D('',#12231,#9814,#9815);
#8816=AXIS2_PLACEMENT_3D('',#12237,#9819,#9820);
#8817=AXIS2_PLACEMENT_3D('',#12241,#9823,#9824);
#8818=AXIS2_PLACEMENT_3D('',#12245,#9827,#9828);
#8819=AXIS2_PLACEMENT_3D('',#12247,#9830,#9831);
#8820=AXIS2_PLACEMENT_3D('',#12253,#9835,#9836);
#8821=AXIS2_PLACEMENT_3D('',#12257,#9839,#9840);
#8822=AXIS2_PLACEMENT_3D('',#12261,#9843,#9844);
#8823=AXIS2_PLACEMENT_3D('',#12263,#9846,#9847);
#8824=AXIS2_PLACEMENT_3D('',#12269,#9851,#9852);
#8825=AXIS2_PLACEMENT_3D('',#12273,#9855,#9856);
#8826=AXIS2_PLACEMENT_3D('',#12277,#9859,#9860);
#8827=AXIS2_PLACEMENT_3D('',#12279,#9862,#9863);
#8828=AXIS2_PLACEMENT_3D('',#12285,#9867,#9868);
#8829=AXIS2_PLACEMENT_3D('',#12289,#9871,#9872);
#8830=AXIS2_PLACEMENT_3D('',#12293,#9875,#9876);
#8831=AXIS2_PLACEMENT_3D('',#12295,#9878,#9879);
#8832=AXIS2_PLACEMENT_3D('',#12301,#9883,#9884);
#8833=AXIS2_PLACEMENT_3D('',#12305,#9887,#9888);
#8834=AXIS2_PLACEMENT_3D('',#12309,#9891,#9892);
#8835=AXIS2_PLACEMENT_3D('',#12311,#9894,#9895);
#8836=AXIS2_PLACEMENT_3D('',#12317,#9899,#9900);
#8837=AXIS2_PLACEMENT_3D('',#12321,#9903,#9904);
#8838=AXIS2_PLACEMENT_3D('',#12325,#9907,#9908);
#8839=AXIS2_PLACEMENT_3D('',#12327,#9910,#9911);
#8840=AXIS2_PLACEMENT_3D('',#12333,#9915,#9916);
#8841=AXIS2_PLACEMENT_3D('',#12337,#9919,#9920);
#8842=AXIS2_PLACEMENT_3D('',#12341,#9923,#9924);
#8843=AXIS2_PLACEMENT_3D('',#12343,#9926,#9927);
#8844=AXIS2_PLACEMENT_3D('',#12349,#9931,#9932);
#8845=AXIS2_PLACEMENT_3D('',#12353,#9935,#9936);
#8846=AXIS2_PLACEMENT_3D('',#12357,#9939,#9940);
#8847=AXIS2_PLACEMENT_3D('',#12361,#9943,#9944);
#8848=AXIS2_PLACEMENT_3D('',#12365,#9947,#9948);
#8849=AXIS2_PLACEMENT_3D('',#12369,#9951,#9952);
#8850=AXIS2_PLACEMENT_3D('',#12373,#9955,#9956);
#8851=AXIS2_PLACEMENT_3D('',#12377,#9959,#9960);
#8852=AXIS2_PLACEMENT_3D('',#12381,#9963,#9964);
#8853=AXIS2_PLACEMENT_3D('',#12385,#9967,#9968);
#8854=AXIS2_PLACEMENT_3D('',#12389,#9971,#9972);
#8855=AXIS2_PLACEMENT_3D('',#12393,#9975,#9976);
#8856=AXIS2_PLACEMENT_3D('',#12397,#9979,#9980);
#8857=AXIS2_PLACEMENT_3D('',#12401,#9983,#9984);
#8858=AXIS2_PLACEMENT_3D('',#12405,#9987,#9988);
#8859=AXIS2_PLACEMENT_3D('',#12409,#9991,#9992);
#8860=AXIS2_PLACEMENT_3D('',#12413,#9995,#9996);
#8861=AXIS2_PLACEMENT_3D('',#12417,#9999,#10000);
#8862=AXIS2_PLACEMENT_3D('',#12421,#10003,#10004);
#8863=AXIS2_PLACEMENT_3D('',#12425,#10007,#10008);
#8864=AXIS2_PLACEMENT_3D('',#12429,#10011,#10012);
#8865=AXIS2_PLACEMENT_3D('',#12433,#10015,#10016);
#8866=AXIS2_PLACEMENT_3D('',#12437,#10019,#10020);
#8867=AXIS2_PLACEMENT_3D('',#12441,#10023,#10024);
#8868=AXIS2_PLACEMENT_3D('',#12445,#10027,#10028);
#8869=AXIS2_PLACEMENT_3D('',#12449,#10031,#10032);
#8870=AXIS2_PLACEMENT_3D('',#12453,#10035,#10036);
#8871=AXIS2_PLACEMENT_3D('',#12457,#10039,#10040);
#8872=AXIS2_PLACEMENT_3D('',#12461,#10043,#10044);
#8873=AXIS2_PLACEMENT_3D('',#12465,#10047,#10048);
#8874=AXIS2_PLACEMENT_3D('',#12469,#10051,#10052);
#8875=AXIS2_PLACEMENT_3D('',#12473,#10055,#10056);
#8876=AXIS2_PLACEMENT_3D('',#12477,#10059,#10060);
#8877=AXIS2_PLACEMENT_3D('',#12481,#10063,#10064);
#8878=AXIS2_PLACEMENT_3D('',#12485,#10067,#10068);
#8879=AXIS2_PLACEMENT_3D('',#12487,#10070,#10071);
#8880=AXIS2_PLACEMENT_3D('',#12493,#10075,#10076);
#8881=AXIS2_PLACEMENT_3D('',#12497,#10079,#10080);
#8882=AXIS2_PLACEMENT_3D('',#12501,#10083,#10084);
#8883=AXIS2_PLACEMENT_3D('',#12503,#10086,#10087);
#8884=AXIS2_PLACEMENT_3D('',#12509,#10091,#10092);
#8885=AXIS2_PLACEMENT_3D('',#12513,#10095,#10096);
#8886=AXIS2_PLACEMENT_3D('',#12517,#10099,#10100);
#8887=AXIS2_PLACEMENT_3D('',#12519,#10102,#10103);
#8888=AXIS2_PLACEMENT_3D('',#12525,#10107,#10108);
#8889=AXIS2_PLACEMENT_3D('',#12529,#10111,#10112);
#8890=AXIS2_PLACEMENT_3D('',#12533,#10115,#10116);
#8891=AXIS2_PLACEMENT_3D('',#12535,#10118,#10119);
#8892=AXIS2_PLACEMENT_3D('',#12541,#10123,#10124);
#8893=AXIS2_PLACEMENT_3D('',#12545,#10127,#10128);
#8894=AXIS2_PLACEMENT_3D('',#12549,#10131,#10132);
#8895=AXIS2_PLACEMENT_3D('',#12551,#10134,#10135);
#8896=AXIS2_PLACEMENT_3D('',#12557,#10139,#10140);
#8897=AXIS2_PLACEMENT_3D('',#12561,#10143,#10144);
#8898=AXIS2_PLACEMENT_3D('',#12565,#10147,#10148);
#8899=AXIS2_PLACEMENT_3D('',#12567,#10150,#10151);
#8900=AXIS2_PLACEMENT_3D('',#12573,#10155,#10156);
#8901=AXIS2_PLACEMENT_3D('',#12577,#10159,#10160);
#8902=AXIS2_PLACEMENT_3D('',#12581,#10163,#10164);
#8903=AXIS2_PLACEMENT_3D('',#12583,#10166,#10167);
#8904=AXIS2_PLACEMENT_3D('',#12589,#10171,#10172);
#8905=AXIS2_PLACEMENT_3D('',#12593,#10175,#10176);
#8906=AXIS2_PLACEMENT_3D('',#12597,#10179,#10180);
#8907=AXIS2_PLACEMENT_3D('',#12599,#10182,#10183);
#8908=AXIS2_PLACEMENT_3D('',#12605,#10187,#10188);
#8909=AXIS2_PLACEMENT_3D('',#12609,#10191,#10192);
#8910=AXIS2_PLACEMENT_3D('',#12613,#10195,#10196);
#8911=AXIS2_PLACEMENT_3D('',#12615,#10198,#10199);
#8912=AXIS2_PLACEMENT_3D('',#12621,#10203,#10204);
#8913=AXIS2_PLACEMENT_3D('',#12625,#10207,#10208);
#8914=AXIS2_PLACEMENT_3D('',#12629,#10211,#10212);
#8915=AXIS2_PLACEMENT_3D('',#12631,#10214,#10215);
#8916=AXIS2_PLACEMENT_3D('',#12637,#10219,#10220);
#8917=AXIS2_PLACEMENT_3D('',#12641,#10223,#10224);
#8918=AXIS2_PLACEMENT_3D('',#12645,#10227,#10228);
#8919=AXIS2_PLACEMENT_3D('',#12647,#10230,#10231);
#8920=AXIS2_PLACEMENT_3D('',#12653,#10235,#10236);
#8921=AXIS2_PLACEMENT_3D('',#12657,#10239,#10240);
#8922=AXIS2_PLACEMENT_3D('',#12661,#10243,#10244);
#8923=AXIS2_PLACEMENT_3D('',#12663,#10246,#10247);
#8924=AXIS2_PLACEMENT_3D('',#12669,#10251,#10252);
#8925=AXIS2_PLACEMENT_3D('',#12673,#10255,#10256);
#8926=AXIS2_PLACEMENT_3D('',#12677,#10259,#10260);
#8927=AXIS2_PLACEMENT_3D('',#12681,#10263,#10264);
#8928=AXIS2_PLACEMENT_3D('',#12685,#10267,#10268);
#8929=AXIS2_PLACEMENT_3D('',#12689,#10271,#10272);
#8930=AXIS2_PLACEMENT_3D('',#12693,#10275,#10276);
#8931=AXIS2_PLACEMENT_3D('',#12697,#10279,#10280);
#8932=AXIS2_PLACEMENT_3D('',#12701,#10283,#10284);
#8933=AXIS2_PLACEMENT_3D('',#12705,#10287,#10288);
#8934=AXIS2_PLACEMENT_3D('',#12709,#10291,#10292);
#8935=AXIS2_PLACEMENT_3D('',#12713,#10295,#10296);
#8936=AXIS2_PLACEMENT_3D('',#12717,#10299,#10300);
#8937=AXIS2_PLACEMENT_3D('',#12721,#10303,#10304);
#8938=AXIS2_PLACEMENT_3D('',#12725,#10307,#10308);
#8939=AXIS2_PLACEMENT_3D('',#12729,#10311,#10312);
#8940=AXIS2_PLACEMENT_3D('',#12733,#10315,#10316);
#8941=AXIS2_PLACEMENT_3D('',#12737,#10319,#10320);
#8942=AXIS2_PLACEMENT_3D('',#12741,#10323,#10324);
#8943=AXIS2_PLACEMENT_3D('',#12745,#10327,#10328);
#8944=AXIS2_PLACEMENT_3D('',#12749,#10331,#10332);
#8945=AXIS2_PLACEMENT_3D('',#12753,#10335,#10336);
#8946=AXIS2_PLACEMENT_3D('',#12757,#10339,#10340);
#8947=AXIS2_PLACEMENT_3D('',#12761,#10343,#10344);
#8948=AXIS2_PLACEMENT_3D('',#12765,#10347,#10348);
#8949=AXIS2_PLACEMENT_3D('',#12769,#10351,#10352);
#8950=AXIS2_PLACEMENT_3D('',#12773,#10355,#10356);
#8951=AXIS2_PLACEMENT_3D('',#12777,#10359,#10360);
#8952=AXIS2_PLACEMENT_3D('',#12781,#10363,#10364);
#8953=AXIS2_PLACEMENT_3D('',#12785,#10367,#10368);
#8954=AXIS2_PLACEMENT_3D('',#12789,#10371,#10372);
#8955=AXIS2_PLACEMENT_3D('',#12793,#10375,#10376);
#8956=AXIS2_PLACEMENT_3D('',#12797,#10379,#10380);
#8957=AXIS2_PLACEMENT_3D('',#12801,#10383,#10384);
#8958=AXIS2_PLACEMENT_3D('',#12805,#10387,#10388);
#8959=AXIS2_PLACEMENT_3D('',#12807,#10390,#10391);
#8960=AXIS2_PLACEMENT_3D('',#12813,#10395,#10396);
#8961=AXIS2_PLACEMENT_3D('',#12817,#10399,#10400);
#8962=AXIS2_PLACEMENT_3D('',#12821,#10403,#10404);
#8963=AXIS2_PLACEMENT_3D('',#12823,#10406,#10407);
#8964=AXIS2_PLACEMENT_3D('',#12829,#10411,#10412);
#8965=AXIS2_PLACEMENT_3D('',#12833,#10415,#10416);
#8966=AXIS2_PLACEMENT_3D('',#12837,#10419,#10420);
#8967=AXIS2_PLACEMENT_3D('',#12839,#10422,#10423);
#8968=AXIS2_PLACEMENT_3D('',#12845,#10427,#10428);
#8969=AXIS2_PLACEMENT_3D('',#12849,#10431,#10432);
#8970=AXIS2_PLACEMENT_3D('',#12853,#10435,#10436);
#8971=AXIS2_PLACEMENT_3D('',#12855,#10438,#10439);
#8972=AXIS2_PLACEMENT_3D('',#12861,#10443,#10444);
#8973=AXIS2_PLACEMENT_3D('',#12865,#10447,#10448);
#8974=AXIS2_PLACEMENT_3D('',#12869,#10451,#10452);
#8975=AXIS2_PLACEMENT_3D('',#12871,#10454,#10455);
#8976=AXIS2_PLACEMENT_3D('',#12877,#10459,#10460);
#8977=AXIS2_PLACEMENT_3D('',#12881,#10463,#10464);
#8978=AXIS2_PLACEMENT_3D('',#12885,#10467,#10468);
#8979=AXIS2_PLACEMENT_3D('',#12887,#10470,#10471);
#8980=AXIS2_PLACEMENT_3D('',#12893,#10475,#10476);
#8981=AXIS2_PLACEMENT_3D('',#12897,#10479,#10480);
#8982=AXIS2_PLACEMENT_3D('',#12901,#10483,#10484);
#8983=AXIS2_PLACEMENT_3D('',#12903,#10486,#10487);
#8984=AXIS2_PLACEMENT_3D('',#12909,#10491,#10492);
#8985=AXIS2_PLACEMENT_3D('',#12913,#10495,#10496);
#8986=AXIS2_PLACEMENT_3D('',#12917,#10499,#10500);
#8987=AXIS2_PLACEMENT_3D('',#12919,#10502,#10503);
#8988=AXIS2_PLACEMENT_3D('',#12925,#10507,#10508);
#8989=AXIS2_PLACEMENT_3D('',#12929,#10511,#10512);
#8990=AXIS2_PLACEMENT_3D('',#12933,#10515,#10516);
#8991=AXIS2_PLACEMENT_3D('',#12935,#10518,#10519);
#8992=AXIS2_PLACEMENT_3D('',#12941,#10523,#10524);
#8993=AXIS2_PLACEMENT_3D('',#12945,#10527,#10528);
#8994=AXIS2_PLACEMENT_3D('',#12949,#10531,#10532);
#8995=AXIS2_PLACEMENT_3D('',#12951,#10534,#10535);
#8996=AXIS2_PLACEMENT_3D('',#12957,#10539,#10540);
#8997=AXIS2_PLACEMENT_3D('',#12961,#10543,#10544);
#8998=AXIS2_PLACEMENT_3D('',#12965,#10547,#10548);
#8999=AXIS2_PLACEMENT_3D('',#12967,#10550,#10551);
#9000=AXIS2_PLACEMENT_3D('',#12973,#10555,#10556);
#9001=AXIS2_PLACEMENT_3D('',#12977,#10559,#10560);
#9002=AXIS2_PLACEMENT_3D('',#12981,#10563,#10564);
#9003=AXIS2_PLACEMENT_3D('',#12983,#10566,#10567);
#9004=AXIS2_PLACEMENT_3D('',#12989,#10571,#10572);
#9005=AXIS2_PLACEMENT_3D('',#12993,#10575,#10576);
#9006=AXIS2_PLACEMENT_3D('',#12997,#10579,#10580);
#9007=AXIS2_PLACEMENT_3D('',#12999,#10582,#10583);
#9008=AXIS2_PLACEMENT_3D('',#13005,#10587,#10588);
#9009=AXIS2_PLACEMENT_3D('',#13009,#10591,#10592);
#9010=AXIS2_PLACEMENT_3D('',#13013,#10595,#10596);
#9011=AXIS2_PLACEMENT_3D('',#13017,#10599,#10600);
#9012=AXIS2_PLACEMENT_3D('',#13021,#10603,#10604);
#9013=AXIS2_PLACEMENT_3D('',#13025,#10607,#10608);
#9014=AXIS2_PLACEMENT_3D('',#13029,#10611,#10612);
#9015=AXIS2_PLACEMENT_3D('',#13033,#10615,#10616);
#9016=AXIS2_PLACEMENT_3D('',#13037,#10619,#10620);
#9017=AXIS2_PLACEMENT_3D('',#13041,#10623,#10624);
#9018=AXIS2_PLACEMENT_3D('',#13045,#10627,#10628);
#9019=AXIS2_PLACEMENT_3D('',#13049,#10631,#10632);
#9020=AXIS2_PLACEMENT_3D('',#13053,#10635,#10636);
#9021=AXIS2_PLACEMENT_3D('',#13057,#10639,#10640);
#9022=AXIS2_PLACEMENT_3D('',#13061,#10643,#10644);
#9023=AXIS2_PLACEMENT_3D('',#13065,#10647,#10648);
#9024=AXIS2_PLACEMENT_3D('',#13069,#10651,#10652);
#9025=AXIS2_PLACEMENT_3D('',#13073,#10655,#10656);
#9026=AXIS2_PLACEMENT_3D('',#13077,#10659,#10660);
#9027=AXIS2_PLACEMENT_3D('',#13081,#10663,#10664);
#9028=AXIS2_PLACEMENT_3D('',#13085,#10667,#10668);
#9029=AXIS2_PLACEMENT_3D('',#13089,#10671,#10672);
#9030=AXIS2_PLACEMENT_3D('',#13093,#10675,#10676);
#9031=AXIS2_PLACEMENT_3D('',#13097,#10679,#10680);
#9032=AXIS2_PLACEMENT_3D('',#13101,#10683,#10684);
#9033=AXIS2_PLACEMENT_3D('',#13105,#10687,#10688);
#9034=AXIS2_PLACEMENT_3D('',#13109,#10691,#10692);
#9035=AXIS2_PLACEMENT_3D('',#13113,#10695,#10696);
#9036=AXIS2_PLACEMENT_3D('',#13117,#10699,#10700);
#9037=AXIS2_PLACEMENT_3D('',#13121,#10703,#10704);
#9038=AXIS2_PLACEMENT_3D('',#13125,#10707,#10708);
#9039=AXIS2_PLACEMENT_3D('',#13129,#10711,#10712);
#9040=AXIS2_PLACEMENT_3D('',#13133,#10715,#10716);
#9041=AXIS2_PLACEMENT_3D('',#13137,#10719,#10720);
#9042=AXIS2_PLACEMENT_3D('',#13141,#10723,#10724);
#9043=AXIS2_PLACEMENT_3D('',#13143,#10726,#10727);
#9044=AXIS2_PLACEMENT_3D('',#13149,#10731,#10732);
#9045=AXIS2_PLACEMENT_3D('',#13153,#10735,#10736);
#9046=AXIS2_PLACEMENT_3D('',#13157,#10739,#10740);
#9047=AXIS2_PLACEMENT_3D('',#13159,#10742,#10743);
#9048=AXIS2_PLACEMENT_3D('',#13165,#10747,#10748);
#9049=AXIS2_PLACEMENT_3D('',#13169,#10751,#10752);
#9050=AXIS2_PLACEMENT_3D('',#13173,#10755,#10756);
#9051=AXIS2_PLACEMENT_3D('',#13175,#10758,#10759);
#9052=AXIS2_PLACEMENT_3D('',#13181,#10763,#10764);
#9053=AXIS2_PLACEMENT_3D('',#13185,#10767,#10768);
#9054=AXIS2_PLACEMENT_3D('',#13189,#10771,#10772);
#9055=AXIS2_PLACEMENT_3D('',#13191,#10774,#10775);
#9056=AXIS2_PLACEMENT_3D('',#13197,#10779,#10780);
#9057=AXIS2_PLACEMENT_3D('',#13201,#10783,#10784);
#9058=AXIS2_PLACEMENT_3D('',#13205,#10787,#10788);
#9059=AXIS2_PLACEMENT_3D('',#13207,#10790,#10791);
#9060=AXIS2_PLACEMENT_3D('',#13213,#10795,#10796);
#9061=AXIS2_PLACEMENT_3D('',#13217,#10799,#10800);
#9062=AXIS2_PLACEMENT_3D('',#13221,#10803,#10804);
#9063=AXIS2_PLACEMENT_3D('',#13223,#10806,#10807);
#9064=AXIS2_PLACEMENT_3D('',#13229,#10811,#10812);
#9065=AXIS2_PLACEMENT_3D('',#13233,#10815,#10816);
#9066=AXIS2_PLACEMENT_3D('',#13237,#10819,#10820);
#9067=AXIS2_PLACEMENT_3D('',#13239,#10822,#10823);
#9068=AXIS2_PLACEMENT_3D('',#13245,#10827,#10828);
#9069=AXIS2_PLACEMENT_3D('',#13249,#10831,#10832);
#9070=AXIS2_PLACEMENT_3D('',#13253,#10835,#10836);
#9071=AXIS2_PLACEMENT_3D('',#13255,#10838,#10839);
#9072=AXIS2_PLACEMENT_3D('',#13261,#10843,#10844);
#9073=AXIS2_PLACEMENT_3D('',#13265,#10847,#10848);
#9074=AXIS2_PLACEMENT_3D('',#13269,#10851,#10852);
#9075=AXIS2_PLACEMENT_3D('',#13271,#10854,#10855);
#9076=AXIS2_PLACEMENT_3D('',#13277,#10859,#10860);
#9077=AXIS2_PLACEMENT_3D('',#13281,#10863,#10864);
#9078=AXIS2_PLACEMENT_3D('',#13285,#10867,#10868);
#9079=AXIS2_PLACEMENT_3D('',#13287,#10870,#10871);
#9080=AXIS2_PLACEMENT_3D('',#13293,#10875,#10876);
#9081=AXIS2_PLACEMENT_3D('',#13297,#10879,#10880);
#9082=AXIS2_PLACEMENT_3D('',#13301,#10883,#10884);
#9083=AXIS2_PLACEMENT_3D('',#13303,#10886,#10887);
#9084=AXIS2_PLACEMENT_3D('',#13309,#10891,#10892);
#9085=AXIS2_PLACEMENT_3D('',#13313,#10895,#10896);
#9086=AXIS2_PLACEMENT_3D('',#13317,#10899,#10900);
#9087=AXIS2_PLACEMENT_3D('',#13319,#10902,#10903);
#9088=AXIS2_PLACEMENT_3D('',#13325,#10907,#10908);
#9089=AXIS2_PLACEMENT_3D('',#13329,#10911,#10912);
#9090=AXIS2_PLACEMENT_3D('',#13333,#10915,#10916);
#9091=AXIS2_PLACEMENT_3D('',#13335,#10918,#10919);
#9092=AXIS2_PLACEMENT_3D('',#13341,#10923,#10924);
#9093=AXIS2_PLACEMENT_3D('',#13345,#10927,#10928);
#9094=AXIS2_PLACEMENT_3D('',#13349,#10931,#10932);
#9095=AXIS2_PLACEMENT_3D('',#13351,#10934,#10935);
#9096=AXIS2_PLACEMENT_3D('',#13357,#10939,#10940);
#9097=AXIS2_PLACEMENT_3D('',#13361,#10943,#10944);
#9098=AXIS2_PLACEMENT_3D('',#13365,#10947,#10948);
#9099=AXIS2_PLACEMENT_3D('',#13367,#10950,#10951);
#9100=AXIS2_PLACEMENT_3D('',#13373,#10955,#10956);
#9101=AXIS2_PLACEMENT_3D('',#13377,#10959,#10960);
#9102=AXIS2_PLACEMENT_3D('',#13381,#10963,#10964);
#9103=AXIS2_PLACEMENT_3D('',#13383,#10966,#10967);
#9104=AXIS2_PLACEMENT_3D('',#13389,#10971,#10972);
#9105=AXIS2_PLACEMENT_3D('',#13393,#10975,#10976);
#9106=AXIS2_PLACEMENT_3D('',#13397,#10979,#10980);
#9107=AXIS2_PLACEMENT_3D('',#13399,#10982,#10983);
#9108=AXIS2_PLACEMENT_3D('',#13405,#10987,#10988);
#9109=AXIS2_PLACEMENT_3D('',#13409,#10991,#10992);
#9110=AXIS2_PLACEMENT_3D('',#13413,#10995,#10996);
#9111=AXIS2_PLACEMENT_3D('',#13415,#10998,#10999);
#9112=AXIS2_PLACEMENT_3D('',#13421,#11003,#11004);
#9113=AXIS2_PLACEMENT_3D('',#13425,#11007,#11008);
#9114=AXIS2_PLACEMENT_3D('',#13429,#11011,#11012);
#9115=AXIS2_PLACEMENT_3D('',#13431,#11014,#11015);
#9116=AXIS2_PLACEMENT_3D('',#13437,#11019,#11020);
#9117=AXIS2_PLACEMENT_3D('',#13441,#11023,#11024);
#9118=AXIS2_PLACEMENT_3D('',#13445,#11027,#11028);
#9119=AXIS2_PLACEMENT_3D('',#13447,#11030,#11031);
#9120=AXIS2_PLACEMENT_3D('',#13453,#11035,#11036);
#9121=AXIS2_PLACEMENT_3D('',#13457,#11039,#11040);
#9122=AXIS2_PLACEMENT_3D('',#13461,#11043,#11044);
#9123=AXIS2_PLACEMENT_3D('',#13465,#11047,#11048);
#9124=AXIS2_PLACEMENT_3D('',#13469,#11051,#11052);
#9125=AXIS2_PLACEMENT_3D('',#13473,#11055,#11056);
#9126=AXIS2_PLACEMENT_3D('',#13477,#11059,#11060);
#9127=AXIS2_PLACEMENT_3D('',#13481,#11063,#11064);
#9128=AXIS2_PLACEMENT_3D('',#13485,#11067,#11068);
#9129=AXIS2_PLACEMENT_3D('',#13489,#11071,#11072);
#9130=AXIS2_PLACEMENT_3D('',#13493,#11075,#11076);
#9131=AXIS2_PLACEMENT_3D('',#13497,#11079,#11080);
#9132=AXIS2_PLACEMENT_3D('',#13501,#11083,#11084);
#9133=AXIS2_PLACEMENT_3D('',#13505,#11087,#11088);
#9134=AXIS2_PLACEMENT_3D('',#13509,#11091,#11092);
#9135=AXIS2_PLACEMENT_3D('',#13513,#11095,#11096);
#9136=AXIS2_PLACEMENT_3D('',#13517,#11099,#11100);
#9137=AXIS2_PLACEMENT_3D('',#13521,#11103,#11104);
#9138=AXIS2_PLACEMENT_3D('',#13525,#11107,#11108);
#9139=AXIS2_PLACEMENT_3D('',#13529,#11111,#11112);
#9140=AXIS2_PLACEMENT_3D('',#13533,#11115,#11116);
#9141=AXIS2_PLACEMENT_3D('',#13537,#11119,#11120);
#9142=AXIS2_PLACEMENT_3D('',#13541,#11123,#11124);
#9143=AXIS2_PLACEMENT_3D('',#13545,#11127,#11128);
#9144=AXIS2_PLACEMENT_3D('',#13549,#11131,#11132);
#9145=AXIS2_PLACEMENT_3D('',#13553,#11135,#11136);
#9146=AXIS2_PLACEMENT_3D('',#13557,#11139,#11140);
#9147=AXIS2_PLACEMENT_3D('',#13561,#11143,#11144);
#9148=AXIS2_PLACEMENT_3D('',#13565,#11147,#11148);
#9149=AXIS2_PLACEMENT_3D('',#13569,#11151,#11152);
#9150=AXIS2_PLACEMENT_3D('',#13573,#11155,#11156);
#9151=AXIS2_PLACEMENT_3D('',#13577,#11159,#11160);
#9152=AXIS2_PLACEMENT_3D('',#13581,#11163,#11164);
#9153=AXIS2_PLACEMENT_3D('',#13585,#11167,#11168);
#9154=AXIS2_PLACEMENT_3D('',#13589,#11171,#11172);
#9155=AXIS2_PLACEMENT_3D('',#13591,#11174,#11175);
#9156=AXIS2_PLACEMENT_3D('',#13595,#11178,#11179);
#9157=AXIS2_PLACEMENT_3D('',#13599,#11182,#11183);
#9158=AXIS2_PLACEMENT_3D('',#13601,#11185,#11186);
#9159=DIRECTION('axis',(0.,0.,1.));
#9160=DIRECTION('refdir',(1.,0.,0.));
#9161=DIRECTION('center_axis',(0.,0.121869343405147,-0.992546151641322));
#9162=DIRECTION('ref_axis',(1.,4.88353471287497E-19,5.99622665374443E-20));
#9163=DIRECTION('center_axis',(-3.74514048207234E-17,0.121869343405147,
-0.992546151641322));
#9164=DIRECTION('ref_axis',(1.,4.88353471287497E-19,5.99622665374443E-20));
#9165=DIRECTION('',(0.,0.121869343405147,-0.992546151641322));
#9166=DIRECTION('center_axis',(0.,-0.121869343405147,0.992546151641322));
#9167=DIRECTION('ref_axis',(1.,4.88353471287497E-19,5.99622665374443E-20));
#9168=DIRECTION('center_axis',(0.,0.121869343405147,-0.992546151641322));
#9169=DIRECTION('ref_axis',(1.,4.88353471287503E-19,5.9962266537445E-20));
#9170=DIRECTION('center_axis',(-3.74514048207234E-17,0.121869343405147,
-0.992546151641322));
#9171=DIRECTION('ref_axis',(1.,4.88353471287503E-19,5.9962266537445E-20));
#9172=DIRECTION('',(0.,0.121869343405147,-0.992546151641322));
#9173=DIRECTION('center_axis',(0.,-0.121869343405147,0.992546151641322));
#9174=DIRECTION('ref_axis',(1.,4.88353471287503E-19,5.9962266537445E-20));
#9175=DIRECTION('center_axis',(0.,0.121869343405147,-0.992546151641322));
#9176=DIRECTION('ref_axis',(1.,4.88353471287497E-19,5.99622665374443E-20));
#9177=DIRECTION('center_axis',(-3.74514048207234E-17,0.121869343405147,
-0.992546151641322));
#9178=DIRECTION('ref_axis',(1.,4.88353471287497E-19,5.99622665374443E-20));
#9179=DIRECTION('',(0.,0.121869343405147,-0.992546151641322));
#9180=DIRECTION('center_axis',(0.,-0.121869343405147,0.992546151641322));
#9181=DIRECTION('ref_axis',(1.,4.88353471287497E-19,5.99622665374443E-20));
#9182=DIRECTION('center_axis',(0.,0.121869343405147,-0.992546151641322));
#9183=DIRECTION('ref_axis',(1.,4.88353471287503E-19,5.9962266537445E-20));
#9184=DIRECTION('center_axis',(-3.74514048207234E-17,0.121869343405147,
-0.992546151641322));
#9185=DIRECTION('ref_axis',(1.,4.88353471287503E-19,5.9962266537445E-20));
#9186=DIRECTION('',(0.,0.121869343405147,-0.992546151641322));
#9187=DIRECTION('center_axis',(0.,-0.121869343405147,0.992546151641322));
#9188=DIRECTION('ref_axis',(1.,4.88353471287503E-19,5.9962266537445E-20));
#9189=DIRECTION('center_axis',(-2.22044604925031E-15,0.992546151641322,
0.121869343405148));
#9190=DIRECTION('ref_axis',(0.,-0.121869343405148,0.992546151641322));
#9191=DIRECTION('',(4.87310186970203E-32,-0.121869343405147,0.992546151641322));
#9192=DIRECTION('',(1.,1.15258664598336E-15,1.02112694970711E-16));
#9193=DIRECTION('',(-4.80689802786372E-32,0.121869343405147,-0.992546151641322));
#9194=DIRECTION('',(-1.,-1.15258664598336E-15,-1.02112694970711E-16));
#9195=DIRECTION('center_axis',(0.,0.992546151641322,0.121869343405148));
#9196=DIRECTION('ref_axis',(0.,-0.121869343405148,0.992546151641322));
#9197=DIRECTION('',(-6.62038418383112E-34,0.121869343405147,-0.992546151641322));
#9198=DIRECTION('',(-1.,-1.15258664598336E-15,-1.02112694970711E-16));
#9199=DIRECTION('',(0.,-0.121869343405147,0.992546151641322));
#9200=DIRECTION('',(1.,1.15258664598336E-15,1.02112694970711E-16));
#9201=DIRECTION('center_axis',(-1.20370621524202E-35,0.121869343405145,
-0.992546151641322));
#9202=DIRECTION('ref_axis',(0.707106781186551,-0.701836114466187,-0.0861746391405307));
#9203=DIRECTION('center_axis',(3.74514048207234E-17,-0.121869343405147,
0.992546151641322));
#9204=DIRECTION('ref_axis',(0.707106781186551,-0.701836114466187,-0.0861746391405307));
#9205=DIRECTION('',(-1.20370621524202E-35,0.121869343405145,-0.992546151641322));
#9206=DIRECTION('center_axis',(0.,0.121869343405147,-0.992546151641322));
#9207=DIRECTION('ref_axis',(0.707106781186551,-0.701836114466187,-0.0861746391405307));
#9208=DIRECTION('',(1.20370621524202E-35,-0.121869343405145,0.992546151641322));
#9209=DIRECTION('center_axis',(1.,4.88353471287513E-19,5.99622665374455E-20));
#9210=DIRECTION('ref_axis',(4.92020920619105E-19,-0.992546151641322,-0.121869343405147));
#9211=DIRECTION('',(-2.22044604925031E-15,0.992546151641322,0.121869343405148));
#9212=DIRECTION('',(-2.22044604925031E-15,0.992546151641322,0.121869343405148));
#9213=DIRECTION('center_axis',(-1.20370621524202E-35,0.121869343405145,
-0.992546151641322));
#9214=DIRECTION('ref_axis',(-0.707106781186549,-0.701836114466189,-0.0861746391405302));
#9215=DIRECTION('center_axis',(3.74514048207234E-17,-0.121869343405147,
0.992546151641322));
#9216=DIRECTION('ref_axis',(-0.707106781186549,-0.701836114466189,-0.0861746391405302));
#9217=DIRECTION('',(-1.20370621524202E-35,0.121869343405145,-0.992546151641322));
#9218=DIRECTION('center_axis',(0.,0.121869343405147,-0.992546151641322));
#9219=DIRECTION('ref_axis',(-0.707106781186549,-0.701836114466189,-0.0861746391405302));
#9220=DIRECTION('',(1.20370621524202E-35,-0.121869343405145,0.992546151641322));
#9221=DIRECTION('center_axis',(4.92020920619107E-19,-0.992546151641322,
-0.121869343405145));
#9222=DIRECTION('ref_axis',(-1.,-4.95715911855059E-19,1.08006636075073E-32));
#9223=DIRECTION('',(1.,4.88353471287515E-19,5.99622665374463E-20));
#9224=DIRECTION('',(-1.,-5.05253158638938E-18,3.71122854618329E-17));
#9225=DIRECTION('center_axis',(-1.,-4.88353471287513E-19,-5.99622665374455E-20));
#9226=DIRECTION('ref_axis',(-4.92020920619105E-19,0.992546151641322,0.121869343405147));
#9227=DIRECTION('',(0.,0.992546151641322,0.121869343405148));
#9228=DIRECTION('',(0.,0.992546151641322,0.121869343405148));
#9229=DIRECTION('center_axis',(0.,0.121869343405147,-0.992546151641322));
#9230=DIRECTION('ref_axis',(-1.,0.,0.));
#9231=DIRECTION('',(-2.22044604925031E-15,0.992546151641322,0.121869343405148));
#9232=DIRECTION('',(-1.,-1.16228183070236E-15,-1.04977605894096E-16));
#9233=DIRECTION('',(-1.10325551048439E-15,0.992546151641322,0.121869343405147));
#9234=DIRECTION('',(1.,-1.42352544167137E-15,-1.74786946289731E-16));
#9235=DIRECTION('',(-1.10325551048439E-15,0.992546151641322,0.121869343405147));
#9236=DIRECTION('',(1.,1.20627243020243E-15,1.48111630671685E-16));
#9237=DIRECTION('',(1.10325551048439E-15,-0.992546151641322,-0.121869343405147));
#9238=DIRECTION('',(1.,1.09503201120836E-15,1.34453024670842E-16));
#9239=DIRECTION('',(1.10325551048439E-15,-0.992546151641322,-0.121869343405147));
#9240=DIRECTION('',(1.,-2.40257404793207E-16,-2.94998999512051E-17));
#9241=DIRECTION('',(-3.0702542994138E-14,0.992546151641322,0.121869343405147));
#9242=DIRECTION('',(1.,3.65027280090179E-15,4.48197143034539E-16));
#9243=DIRECTION('',(7.3959646229443E-15,0.992546151641322,0.121869343405147));
#9244=DIRECTION('',(1.,1.09503201120836E-15,1.34453024670842E-16));
#9245=DIRECTION('',(-1.10325551048439E-15,0.992546151641322,0.121869343405147));
#9246=DIRECTION('',(-1.,-1.09503201120836E-15,-1.34453024670842E-16));
#9247=DIRECTION('',(-1.10325551048439E-15,0.992546151641322,0.121869343405147));
#9248=DIRECTION('',(-1.,-2.40085051579173E-15,-2.94787376374998E-16));
#9249=DIRECTION('',(1.10325551048439E-15,-0.992546151641322,-0.121869343405147));
#9250=DIRECTION('',(-1.,-1.20627243020243E-15,-1.48111630671685E-16));
#9251=DIRECTION('',(-1.10325551048439E-15,0.992546151641322,0.121869343405147));
#9252=DIRECTION('',(-1.,1.42352544167137E-15,1.74786946289732E-16));
#9253=DIRECTION('',(1.10325551048439E-15,-0.992546151641322,-0.121869343405147));
#9254=DIRECTION('',(-1.,-1.5399948101475E-15,-1.89087586556712E-16));
#9255=DIRECTION('',(-1.10325551048439E-15,0.992546151641322,0.121869343405147));
#9256=DIRECTION('',(-1.,-2.40083117348448E-15,-2.94785001438295E-16));
#9257=DIRECTION('',(1.10325551048439E-15,-0.992546151641322,-0.121869343405147));
#9258=DIRECTION('',(-1.,4.70424673941923E-14,5.77608870278507E-15));
#9259=DIRECTION('',(1.10325551048439E-15,-0.992546151641322,-0.121869343405147));
#9260=DIRECTION('',(1.,-4.16938563491477E-14,-5.11936184417885E-15));
#9261=DIRECTION('',(6.76940226610352E-15,-0.992546151641322,-0.121869343405147));
#9262=DIRECTION('',(1.,2.15369583287558E-14,2.64440597158042E-15));
#9263=DIRECTION('',(1.10325551048439E-15,-0.992546151641322,-0.121869343405147));
#9264=DIRECTION('',(1.,4.27306391287559E-16,5.24666276252473E-17));
#9265=DIRECTION('',(-1.10325551048439E-15,0.992546151641322,0.121869343405147));
#9266=DIRECTION('',(1.,-1.42319701176394E-14,-1.7474662016776E-15));
#9267=DIRECTION('',(-1.10325551048439E-15,0.992546151641322,0.121869343405147));
#9268=DIRECTION('',(1.,1.42875411041272E-15,1.75428946085244E-16));
#9269=DIRECTION('',(-6.45495394261389E-15,-0.992546151641322,-0.121869343405147));
#9270=DIRECTION('',(1.,1.25245883040753E-15,1.53782607540553E-16));
#9271=DIRECTION('',(-1.10325551048439E-15,0.992546151641322,0.121869343405147));
#9272=DIRECTION('',(-1.,-1.72473928800504E-15,-2.11771356149685E-16));
#9273=DIRECTION('',(-3.97224551427014E-15,-0.992546151641322,-0.121869343405147));
#9274=DIRECTION('',(1.,4.65316187957037E-16,5.71336438193178E-17));
#9275=DIRECTION('',(-3.64103502717487E-15,0.992546151641322,0.121869343405147));
#9276=DIRECTION('',(-1.,-1.72474783445969E-15,-2.11772405522367E-16));
#9277=DIRECTION('',(1.10325551048439E-15,-0.992546151641322,-0.121869343405147));
#9278=DIRECTION('',(1.,-1.7386891934226E-15,-2.13484189161018E-16));
#9279=DIRECTION('',(-1.10325551048439E-15,0.992546151641322,0.121869343405147));
#9280=DIRECTION('',(-1.,1.42383128179694E-15,1.74824498735257E-16));
#9281=DIRECTION('',(-1.43450587843264E-15,-0.992546151641322,-0.121869343405147));
#9282=DIRECTION('',(1.,3.61389530421367E-15,4.43730548076941E-16));
#9283=DIRECTION('',(1.43452400620608E-15,0.992546151641322,0.121869343405147));
#9284=DIRECTION('',(-1.,-4.87332695071632E-15,-5.98369309779991E-16));
#9285=DIRECTION('',(-1.43452400620609E-15,-0.992546151641322,-0.121869343405147));
#9286=DIRECTION('',(1.,1.09503201120836E-15,1.34453024670842E-16));
#9287=DIRECTION('',(-3.64103502717487E-15,0.992546151641322,0.121869343405147));
#9288=DIRECTION('',(-1.,-1.09503201120836E-15,-1.34453024670842E-16));
#9289=DIRECTION('',(3.64103502717487E-15,-0.992546151641322,-0.121869343405147));
#9290=DIRECTION('',(1.,3.29892719231893E-15,4.0505732675953E-16));
#9291=DIRECTION('',(-1.10325551048439E-15,0.992546151641322,0.121869343405147));
#9292=DIRECTION('',(-1.,-5.50282237342951E-15,-6.75661628848217E-16));
#9293=DIRECTION('',(1.10325551048439E-15,-0.992546151641322,-0.121869343405147));
#9294=DIRECTION('',(1.,-7.94155943168868E-16,-9.75100887704209E-17));
#9295=DIRECTION('',(2.70341376455133E-15,0.992546151641322,0.121869343405147));
#9296=DIRECTION('',(-1.,1.42388526129461E-15,1.74831126584176E-16));
#9297=DIRECTION('',(-3.97230352289656E-15,-0.992546151641322,-0.121869343405147));
#9298=DIRECTION('',(1.,-1.10886316990221E-15,-1.36151277417845E-16));
#9299=DIRECTION('',(-2.3721362049429E-15,0.992546151641322,0.121869343405147));
#9300=DIRECTION('',(-1.,3.31275835101278E-15,4.06755579506532E-16));
#9301=DIRECTION('',(2.3721362049429E-15,-0.992546151641322,-0.121869343405147));
#9302=DIRECTION('',(1.,1.09503201120836E-15,1.34453024670842E-16));
#9303=DIRECTION('',(-6.17881454386535E-15,0.992546151641322,0.121869343405147));
#9304=DIRECTION('',(-1.,-2.35440068612869E-15,-2.89084054435807E-16));
#9305=DIRECTION('',(6.17881454386536E-15,-0.992546151641322,-0.121869343405147));
#9306=DIRECTION('',(1.,7.80189842478279E-16,9.57952672296012E-17));
#9307=DIRECTION('',(-2.3721362049429E-15,0.992546151641322,0.121869343405147));
#9308=DIRECTION('',(-1.,-1.09503201120836E-15,-1.34453024670842E-16));
#9309=DIRECTION('',(2.3721362049429E-15,-0.992546151641322,-0.121869343405147));
#9310=DIRECTION('',(1.,-1.26645293176318E-15,-1.55500867130737E-16));
#9311=DIRECTION('',(4.92390195641161E-15,0.992546151641322,0.121869343405147));
#9312=DIRECTION('',(-1.,1.10902060223174E-15,1.36170607677298E-16));
#9313=DIRECTION('',(-5.24112077045877E-15,-0.992546151641322,-0.121869343405147));
#9314=DIRECTION('',(1.,-7.94021001172133E-16,-9.74935199766044E-17));
#9315=DIRECTION('',(-4.68815163255131E-16,0.992546151641322,0.121869343405147));
#9316=DIRECTION('',(-1.,3.31275835101279E-15,4.06755579506534E-16));
#9317=DIRECTION('',(-1.65625183974123E-16,-0.992546151641322,-0.121869343405147));
#9318=DIRECTION('',(1.,-1.64426625043116E-16,-2.01890509566654E-17));
#9319=DIRECTION('',(-4.90992478552012E-15,0.992546151641322,0.121869343405147));
#9320=DIRECTION('',(-1.,1.42388526129461E-15,1.74831126584176E-16));
#9321=DIRECTION('',(-2.70341376455134E-15,-0.992546151641322,-0.121869343405147));
#9322=DIRECTION('',(1.,1.09503201120836E-15,1.34453024670842E-16));
#9323=DIRECTION('',(1.43452400620611E-15,0.992546151641322,0.121869343405147));
#9324=DIRECTION('',(-1.,1.42388526129461E-15,1.74831126584176E-16));
#9325=DIRECTION('',(1.10325551048439E-15,-0.992546151641322,-0.121869343405147));
#9326=DIRECTION('',(1.,2.35446365771102E-15,2.89091786373892E-16));
#9327=DIRECTION('',(-1.10325551048439E-15,0.992546151641322,0.121869343405147));
#9328=DIRECTION('',(-1.,-3.61389530421367E-15,-4.43730548076941E-16));
#9329=DIRECTION('',(3.64103502717487E-15,-0.992546151641322,-0.121869343405147));
#9330=DIRECTION('',(1.,-1.64377144720549E-16,-2.01829755369857E-17));
#9331=DIRECTION('',(-1.10325551048439E-15,0.992546151641322,0.121869343405147));
#9332=DIRECTION('',(-1.,1.42378630064947E-15,1.74818975744815E-16));
#9333=DIRECTION('',(-3.97230352289658E-15,-0.992546151641322,-0.121869343405147));
#9334=DIRECTION('',(1.,-1.42383128179695E-15,-1.74824498735257E-16));
#9335=DIRECTION('',(-1.10325551048439E-15,0.992546151641322,0.121869343405147));
#9336=DIRECTION('',(-1.,1.42383128179694E-15,1.74824498735256E-16));
#9337=DIRECTION('',(3.64103502717487E-15,-0.992546151641322,-0.121869343405147));
#9338=DIRECTION('',(1.,4.87340791996283E-15,5.9837925155337E-16));
#9339=DIRECTION('',(-1.10325551048439E-15,0.992546151641322,0.121869343405147));
#9340=DIRECTION('',(-1.,-6.13286655621432E-15,-7.5302132718088E-16));
#9341=DIRECTION('',(1.10325551048439E-15,-0.992546151641322,-0.121869343405147));
#9342=DIRECTION('',(1.,1.09503201120836E-15,1.34453024670842E-16));
#9343=DIRECTION('',(-2.37214526882963E-15,0.992546151641322,0.121869343405147));
#9344=DIRECTION('',(-1.,-1.09503201120836E-15,-1.34453024670842E-16));
#9345=DIRECTION('',(2.37214526882963E-15,-0.992546151641322,-0.121869343405147));
#9346=DIRECTION('',(-1.,-1.09503201120836E-15,-1.34453024670842E-16));
#9347=DIRECTION('',(-7.86284793100601E-16,-0.992546151641322,-0.121869343405147));
#9348=DIRECTION('',(-1.,3.36119787149408E-14,4.12703204759176E-15));
#9349=DIRECTION('',(-1.10325551048439E-15,0.992546151641322,0.121869343405147));
#9350=DIRECTION('',(-1.,-5.01248752495845E-15,-6.15456079783307E-16));
#9351=DIRECTION('',(1.10325551048439E-15,-0.992546151641322,-0.121869343405147));
#9352=DIRECTION('',(-1.,-1.09503201120836E-15,-1.34453024670842E-16));
#9353=DIRECTION('',(-2.428324403434E-14,-0.992546151641322,-0.121869343405147));
#9354=DIRECTION('',(1.,1.09503201120837E-15,1.34453024670843E-16));
#9355=DIRECTION('',(1.24358562817902E-14,-0.992546151641322,-0.121869343405147));
#9356=DIRECTION('',(1.,1.09503201120836E-15,1.34453024670843E-16));
#9357=DIRECTION('',(-1.36972514000324E-14,-0.992546151641322,-0.121869343405147));
#9358=DIRECTION('',(1.,-1.57716584403336E-15,-1.93651615630694E-16));
#9359=DIRECTION('',(1.36972514000324E-14,0.992546151641322,0.121869343405147));
#9360=DIRECTION('',(1.,6.19959525639791E-15,7.61214581332543E-16));
#9361=DIRECTION('',(-1.10325551048439E-15,0.992546151641322,0.121869343405147));
#9362=DIRECTION('',(1.,-2.20429751395577E-14,-2.70653702350422E-15));
#9363=DIRECTION('',(-7.86887966213069E-16,-0.992546151641322,-0.121869343405147));
#9364=DIRECTION('',(1.,1.09503201120836E-15,1.34453024670842E-16));
#9365=DIRECTION('',(7.86887966213069E-16,0.992546151641322,0.121869343405147));
#9366=DIRECTION('',(1.,1.09503201120836E-15,1.34453024670842E-16));
#9367=DIRECTION('',(-8.84165433127453E-16,-0.992546151641322,-0.121869343405147));
#9368=DIRECTION('',(1.,1.09503201120836E-15,1.34453024670842E-16));
#9369=DIRECTION('',(-5.80987721315826E-14,-0.992546151641322,-0.121869343405147));
#9370=DIRECTION('',(1.,-1.5755468207948E-15,-1.93452824573256E-16));
#9371=DIRECTION('',(5.80987721315826E-14,0.992546151641322,0.121869343405147));
#9372=DIRECTION('',(1.,1.13159951699821E-14,1.38942949812563E-15));
#9373=DIRECTION('',(3.13319585928838E-16,0.992546151641322,0.121869343405147));
#9374=DIRECTION('',(1.,1.09503201120837E-15,1.34453024670843E-16));
#9375=DIRECTION('',(2.428324403434E-14,0.992546151641322,0.121869343405147));
#9376=DIRECTION('',(-1.,-1.09503201120836E-15,-1.34453024670842E-16));
#9377=DIRECTION('',(-2.035110832588E-14,0.992546151641322,0.121869343405147));
#9378=DIRECTION('',(-1.,2.10786493375019E-16,2.58813270333146E-17));
#9379=DIRECTION('',(-1.64643774885782E-15,-0.992546151641322,-0.121869343405147));
#9380=DIRECTION('',(-1.,-1.09503201120836E-15,-1.34453024670842E-16));
#9381=DIRECTION('',(7.86284793100608E-16,0.992546151641322,0.121869343405147));
#9382=DIRECTION('',(1.,1.2524643407398E-15,1.53783284124281E-16));
#9383=DIRECTION('',(1.65619745704243E-16,0.992546151641322,0.121869343405147));
#9384=DIRECTION('',(-1.,-7.8016735214549E-16,-9.57925057639651E-17));
#9385=DIRECTION('',(-1.65619745704243E-16,-0.992546151641322,-0.121869343405147));
#9386=DIRECTION('',(1.,-4.09949273535612E-15,-5.03354415435345E-16));
#9387=DIRECTION('',(1.65619745704243E-16,0.992546151641322,0.121869343405147));
#9388=DIRECTION('',(-1.,3.3124435313312E-15,4.06716924510165E-16));
#9389=DIRECTION('',(-1.65619745704244E-16,-0.992546151641322,-0.121869343405147));
#9390=DIRECTION('',(1.,-7.94155943168875E-16,-9.75100887704218E-17));
#9391=DIRECTION('',(1.65634247860849E-16,0.992546151641322,0.121869343405147));
#9392=DIRECTION('',(-1.,1.42388526129462E-15,1.74831126584176E-16));
#9393=DIRECTION('',(-1.65634247860848E-16,-0.992546151641322,-0.121869343405147));
#9394=DIRECTION('',(1.,-7.94021001172129E-16,-9.74935199766039E-17));
#9395=DIRECTION('',(-3.64103502717487E-15,0.992546151641322,0.121869343405147));
#9396=DIRECTION('',(-1.,7.94021001172129E-16,9.7493519976604E-17));
#9397=DIRECTION('',(3.64103502717487E-15,-0.992546151641322,-0.121869343405147));
#9398=DIRECTION('',(1.,1.40987417993844E-15,1.73110782112083E-16));
#9399=DIRECTION('',(1.65625183974124E-16,0.992546151641322,0.121869343405147));
#9400=DIRECTION('',(-1.,-1.09503201120836E-15,-1.34453024670842E-16));
#9401=DIRECTION('',(2.3721362049429E-15,-0.992546151641322,-0.121869343405147));
#9402=DIRECTION('',(1.,-1.10886316990221E-15,-1.36151277417845E-16));
#9403=DIRECTION('',(-1.10325551048439E-15,0.992546151641322,0.121869343405147));
#9404=DIRECTION('',(-1.,1.42370533863229E-15,1.74809034859086E-16));
#9405=DIRECTION('',(1.10325551048439E-15,-0.992546151641322,-0.121869343405147));
#9406=DIRECTION('',(1.,1.72476132933411E-15,2.11774062484597E-16));
#9407=DIRECTION('',(3.97230352289656E-15,0.992546151641322,0.121869343405147));
#9408=DIRECTION('',(-1.,-1.09503201120836E-15,-1.34453024670842E-16));
#9409=DIRECTION('',(-3.97230352289656E-15,-0.992546151641322,-0.121869343405147));
#9410=DIRECTION('',(1.,-1.42374132110847E-15,-1.74813452951624E-16));
#9411=DIRECTION('',(-3.64103502717487E-15,0.992546151641322,0.121869343405147));
#9412=DIRECTION('',(-1.,7.9404798802926E-16,9.7496833546007E-17));
#9413=DIRECTION('',(6.17881454386535E-15,-0.992546151641322,-0.121869343405147));
#9414=DIRECTION('',(1.,1.40988992283402E-15,1.73112715096605E-16));
#9415=DIRECTION('',(-1.10325551048439E-15,0.992546151641322,0.121869343405147));
#9416=DIRECTION('',(-1.,-1.72474783445969E-15,-2.11772405522367E-16));
#9417=DIRECTION('',(-1.43450587843264E-15,-0.992546151641322,-0.121869343405147));
#9418=DIRECTION('',(1.,1.09503201120836E-15,1.34453024670842E-16));
#9419=DIRECTION('',(1.43452400620608E-15,0.992546151641322,0.121869343405147));
#9420=DIRECTION('',(-1.,-1.09503201120836E-15,-1.34453024670842E-16));
#9421=DIRECTION('',(-1.43452400620608E-15,-0.992546151641322,-0.121869343405147));
#9422=DIRECTION('',(1.,-9.51325150842195E-16,-1.16808040922048E-16));
#9423=DIRECTION('',(-3.64100602286165E-15,0.992546151641322,0.121869343405147));
#9424=DIRECTION('',(-1.,1.1087372402307E-15,1.36135815198424E-16));
#9425=DIRECTION('',(1.10325551048439E-15,-0.992546151641322,-0.121869343405147));
#9426=DIRECTION('',(1.,1.09503201120836E-15,1.34453024670842E-16));
#9427=DIRECTION('',(1.43452400620608E-15,0.992546151641322,0.121869343405147));
#9428=DIRECTION('',(-1.,-3.61385212228123E-15,-4.43725246002328E-16));
#9429=DIRECTION('',(1.10325551048439E-15,-0.992546151641322,-0.121869343405147));
#9430=DIRECTION('',(-1.,-3.61385931916717E-15,-4.43726129668808E-16));
#9431=DIRECTION('',(1.10325551048439E-15,-0.992546151641322,-0.121869343405147));
#9432=DIRECTION('',(-1.,2.20202239034216E-14,2.70374352296525E-15));
#9433=DIRECTION('',(-1.10325551048439E-15,0.992546151641322,0.121869343405147));
#9434=DIRECTION('',(-1.,-2.40112136827283E-15,-2.94820632877959E-16));
#9435=DIRECTION('',(1.10325551048439E-15,-0.992546151641322,-0.121869343405147));
#9436=DIRECTION('',(-1.,-1.09503201120836E-15,-1.34453024670842E-16));
#9437=DIRECTION('',(1.10325551048439E-15,-0.992546151641322,-0.121869343405147));
#9438=DIRECTION('',(1.,1.09503201120836E-15,1.34453024670842E-16));
#9439=DIRECTION('',(1.10325551048439E-15,-0.992546151641322,-0.121869343405147));
#9440=DIRECTION('',(1.,6.20465458158345E-15,7.61835788353915E-16));
#9441=DIRECTION('',(1.10325551048439E-15,-0.992546151641322,-0.121869343405147));
#9442=DIRECTION('',(1.,2.43112688882954E-15,2.98504847544178E-16));
#9443=DIRECTION('',(-6.03003508833169E-14,0.992546151641322,0.121869343405147));
#9444=DIRECTION('',(1.,-6.56935742057934E-15,-8.06615666300067E-16));
#9445=DIRECTION('',(-1.10325551048439E-15,0.992546151641322,0.121869343405147));
#9446=DIRECTION('',(1.,-2.20202239034216E-14,-2.70374352296525E-15));
#9447=DIRECTION('',(1.10325551048439E-15,-0.992546151641322,-0.121869343405147));
#9448=DIRECTION('',(1.,3.61385931916717E-15,4.43726129668808E-16));
#9449=DIRECTION('',(-8.66366852319008E-15,0.992546151641322,0.121869343405147));
#9450=DIRECTION('',(1.,1.09503201120836E-15,1.34453024670842E-16));
#9451=DIRECTION('',(1.10325551048439E-15,-0.992546151641322,-0.121869343405147));
#9452=DIRECTION('',(1.,-1.16893242804015E-14,-1.43526854902075E-15));
#9453=DIRECTION('',(3.07018031969008E-14,-0.992546151641322,-0.121869343405147));
#9454=DIRECTION('',(1.,-2.40500155262731E-16,-2.95297059610146E-17));
#9455=DIRECTION('',(-1.10325551048439E-15,0.992546151641322,0.121869343405147));
#9456=DIRECTION('',(1.,-1.4599125530283E-15,-1.79254721780217E-16));
#9457=DIRECTION('',(-1.10325551048439E-15,0.992546151641322,0.121869343405147));
#9458=DIRECTION('',(1.,5.44904331283626E-14,6.69058390507505E-15));
#9459=DIRECTION('',(-1.10325551048439E-15,0.992546151641322,0.121869343405147));
#9460=DIRECTION('',(-1.,-1.09503201120837E-15,-1.34453024670843E-16));
#9461=DIRECTION('',(-1.21016880496477E-14,0.992546151641322,0.121869343405147));
#9462=DIRECTION('',(-1.,5.43551152864078E-15,6.6739689632683E-16));
#9463=DIRECTION('',(-9.89517702867878E-15,-0.992546151641322,-0.121869343405147));
#9464=DIRECTION('',(-1.,-1.09503201120837E-15,-1.34453024670843E-16));
#9465=DIRECTION('',(-1.10325551048439E-15,0.992546151641322,0.121869343405147));
#9466=DIRECTION('',(1.,1.72474783445969E-15,2.11772405522367E-16));
#9467=DIRECTION('',(-1.10325551048439E-15,0.992546151641322,0.121869343405147));
#9468=DIRECTION('',(-1.,-1.09503201120836E-15,-1.34453024670842E-16));
#9469=DIRECTION('',(-1.43450587843264E-15,-0.992546151641322,-0.121869343405147));
#9470=DIRECTION('',(1.,2.35446365771101E-15,2.89091786373892E-16));
#9471=DIRECTION('',(-1.10325551048439E-15,0.992546151641322,0.121869343405147));
#9472=DIRECTION('',(-1.,-2.98417948096234E-15,-3.66411167225416E-16));
#9473=DIRECTION('',(3.64103502717487E-15,-0.992546151641322,-0.121869343405147));
#9474=DIRECTION('',(1.,-1.42383128179695E-15,-1.74824498735257E-16));
#9475=DIRECTION('',(1.43452400620609E-15,0.992546151641322,0.121869343405147));
#9476=DIRECTION('',(-1.,1.42383128179696E-15,1.74824498735258E-16));
#9477=DIRECTION('',(-3.97230352289657E-15,-0.992546151641322,-0.121869343405147));
#9478=DIRECTION('',(1.,-7.94021001172124E-16,-9.74935199766034E-17));
#9479=DIRECTION('',(1.43450587843263E-15,0.992546151641322,0.121869343405147));
#9480=DIRECTION('',(-1.,2.05338967609244E-15,2.52124549741566E-16));
#9481=DIRECTION('',(1.10325551048439E-15,-0.992546151641322,-0.121869343405147));
#9482=DIRECTION('',(1.,1.72471634866852E-15,2.11768539553324E-16));
#9483=DIRECTION('',(-3.64103502717487E-15,0.992546151641322,0.121869343405147));
#9484=DIRECTION('',(-1.,-1.72471634866853E-15,-2.11768539553325E-16));
#9485=DIRECTION('',(1.10325551048439E-15,-0.992546151641322,-0.121869343405147));
#9486=DIRECTION('',(1.,1.09503201120836E-15,1.34453024670842E-16));
#9487=DIRECTION('',(1.43452400620608E-15,0.992546151641322,0.121869343405147));
#9488=DIRECTION('',(-1.,-1.09503201120836E-15,-1.34453024670842E-16));
#9489=DIRECTION('',(-1.43452400620608E-15,-0.992546151641322,-0.121869343405147));
#9490=DIRECTION('',(1.,-1.10902060223174E-15,-1.36170607677298E-16));
#9491=DIRECTION('',(1.65619745704243E-16,0.992546151641322,0.121869343405147));
#9492=DIRECTION('',(-1.,7.94155943168865E-16,9.75100887704206E-17));
#9493=DIRECTION('',(-1.65619745704244E-16,-0.992546151641322,-0.121869343405147));
#9494=DIRECTION('',(1.,1.09503201120836E-15,1.34453024670842E-16));
#9495=DIRECTION('',(1.65634247860851E-16,0.992546151641322,0.121869343405147));
#9496=DIRECTION('',(-1.,-1.09503201120836E-15,-1.34453024670842E-16));
#9497=DIRECTION('',(-1.65634247860851E-16,-0.992546151641322,-0.121869343405147));
#9498=DIRECTION('',(1.,-1.42370533863229E-15,-1.74809034859086E-16));
#9499=DIRECTION('',(-6.17881454386535E-15,0.992546151641322,0.121869343405147));
#9500=DIRECTION('',(-1.,1.42370533863229E-15,1.74809034859086E-16));
#9501=DIRECTION('',(6.17881454386535E-15,-0.992546151641322,-0.121869343405147));
#9502=DIRECTION('',(1.,-1.73874992035749E-15,-2.13491645491053E-16));
#9503=DIRECTION('',(5.24114796180817E-15,0.992546151641322,0.121869343405147));
#9504=DIRECTION('',(-1.,1.64426625043126E-16,2.01890509566666E-17));
#9505=DIRECTION('',(-4.60670761457892E-15,-0.992546151641322,-0.121869343405147));
#9506=DIRECTION('',(1.,3.61376936104902E-15,4.43715084200771E-16));
#9507=DIRECTION('',(1.65625183974125E-16,0.992546151641322,0.121869343405147));
#9508=DIRECTION('',(-1.,-4.24345369850919E-15,-5.21030599083254E-16));
#9509=DIRECTION('',(-2.70338657289115E-15,-0.992546151641322,-0.121869343405147));
#9510=DIRECTION('',(-1.,1.42388526129461E-15,1.74831126584176E-16));
#9511=DIRECTION('',(1.10325551048439E-15,-0.992546151641322,-0.121869343405147));
#9512=DIRECTION('',(-1.,-1.09503201120836E-15,-1.34453024670842E-16));
#9513=DIRECTION('',(-2.3100801585222E-14,0.992546151641322,0.121869343405147));
#9514=DIRECTION('',(-1.,-1.09503201120836E-15,-1.34453024670842E-16));
#9515=DIRECTION('',(1.76014150665376E-14,-0.992546151641322,-0.121869343405147));
#9516=DIRECTION('',(-1.,-1.09503201120837E-15,-1.34453024670844E-16));
#9517=DIRECTION('',(1.10325551048439E-15,-0.992546151641322,-0.121869343405147));
#9518=DIRECTION('',(1.,1.09503201120836E-15,1.34453024670842E-16));
#9519=DIRECTION('',(1.10325551048439E-15,-0.992546151641322,-0.121869343405147));
#9520=DIRECTION('',(1.,1.09503201120836E-15,1.34453024670842E-16));
#9521=DIRECTION('',(-5.80987721315817E-14,-0.992546151641322,-0.121869343405147));
#9522=DIRECTION('',(1.,-9.58728331680384E-15,-1.17717037230549E-15));
#9523=DIRECTION('',(-1.10325551048439E-15,0.992546151641322,0.121869343405147));
#9524=DIRECTION('',(1.,2.15369583287558E-14,2.64440597158042E-15));
#9525=DIRECTION('',(-1.7002623059379E-14,0.992546151641322,0.121869343405147));
#9526=DIRECTION('',(1.,1.26488730655233E-14,1.55308632526685E-15));
#9527=DIRECTION('',(1.62244033240638E-14,-0.992546151641322,-0.121869343405147));
#9528=DIRECTION('',(1.,-1.42388526129461E-15,-1.74831126584176E-16));
#9529=DIRECTION('',(-1.10325551048439E-15,0.992546151641322,0.121869343405147));
#9530=DIRECTION('',(1.,1.09503201120837E-15,1.34453024670843E-16));
#9531=DIRECTION('',(1.10325551048439E-15,-0.992546151641322,-0.121869343405147));
#9532=DIRECTION('',(1.,1.13159951699821E-14,1.38942949812563E-15));
#9533=DIRECTION('',(1.10325551048439E-15,-0.992546151641322,-0.121869343405147));
#9534=DIRECTION('',(1.,-4.24936369927508E-15,-5.2175625593223E-16));
#9535=DIRECTION('',(5.80987721315817E-14,0.992546151641322,0.121869343405147));
#9536=DIRECTION('',(1.,1.09503201120836E-15,1.34453024670842E-16));
#9537=DIRECTION('',(3.1331958592883E-16,0.992546151641322,0.121869343405147));
#9538=DIRECTION('',(1.,1.09503201120837E-15,1.34453024670844E-16));
#9539=DIRECTION('',(2.42832440343407E-14,0.992546151641322,0.121869343405147));
#9540=DIRECTION('',(-1.,-1.09503201120837E-15,-1.34453024670844E-16));
#9541=DIRECTION('',(-1.10325551048439E-15,0.992546151641322,0.121869343405147));
#9542=DIRECTION('',(-1.,-1.09503201120836E-15,-1.34453024670842E-16));
#9543=DIRECTION('',(1.10325551048439E-15,-0.992546151641322,-0.121869343405147));
#9544=DIRECTION('',(-1.,-1.09503201120836E-15,-1.34453024670842E-16));
#9545=DIRECTION('',(-1.10325551048439E-15,0.992546151641322,0.121869343405147));
#9546=DIRECTION('',(1.,1.09503201120836E-15,1.34453024670842E-16));
#9547=DIRECTION('',(2.70341376455134E-15,0.992546151641322,0.121869343405147));
#9548=DIRECTION('',(-1.,-2.35449064745985E-15,-2.89095100298351E-16));
#9549=DIRECTION('',(-1.4345240062061E-15,-0.992546151641322,-0.121869343405147));
#9550=DIRECTION('',(1.,1.09503201120836E-15,1.34453024670842E-16));
#9551=DIRECTION('',(-1.10325551048439E-15,0.992546151641322,0.121869343405147));
#9552=DIRECTION('',(-1.,-1.09503201120836E-15,-1.34453024670842E-16));
#9553=DIRECTION('',(1.10325551048439E-15,-0.992546151641322,-0.121869343405147));
#9554=DIRECTION('',(1.,2.35446365771101E-15,2.89091786373892E-16));
#9555=DIRECTION('',(-1.10325551048439E-15,0.992546151641322,0.121869343405147));
#9556=DIRECTION('',(-1.,-3.61389530421366E-15,-4.4373054807694E-16));
#9557=DIRECTION('',(3.64103502717487E-15,-0.992546151641322,-0.121869343405147));
#9558=DIRECTION('',(1.,-1.64399635294291E-16,-2.0185737032207E-17));
#9559=DIRECTION('',(-3.64103502717487E-15,0.992546151641322,0.121869343405147));
#9560=DIRECTION('',(-1.,1.42383128179694E-15,1.74824498735256E-16));
#9561=DIRECTION('',(3.64103502717487E-15,-0.992546151641322,-0.121869343405147));
#9562=DIRECTION('',(1.,1.09503201120836E-15,1.34453024670842E-16));
#9563=DIRECTION('',(1.43452400620609E-15,0.992546151641322,0.121869343405147));
#9564=DIRECTION('',(-1.,-1.09503201120836E-15,-1.34453024670842E-16));
#9565=DIRECTION('',(-1.43452400620609E-15,-0.992546151641322,-0.121869343405147));
#9566=DIRECTION('',(1.,1.09503201120836E-15,1.34453024670842E-16));
#9567=DIRECTION('',(1.65634247860855E-16,0.992546151641322,0.121869343405147));
#9568=DIRECTION('',(-1.,-1.09503201120836E-15,-1.34453024670842E-16));
#9569=DIRECTION('',(-1.65634247860855E-16,-0.992546151641322,-0.121869343405147));
#9570=DIRECTION('',(1.,1.09503201120836E-15,1.34453024670842E-16));
#9571=DIRECTION('',(1.65634247860848E-16,0.992546151641322,0.121869343405147));
#9572=DIRECTION('',(-1.,-2.35440068612869E-15,-2.89084054435807E-16));
#9573=DIRECTION('',(-1.65634247860849E-16,-0.992546151641322,-0.121869343405147));
#9574=DIRECTION('',(1.,3.77138161324277E-15,4.63067435379298E-16));
#9575=DIRECTION('',(1.65619745704243E-16,0.992546151641322,0.121869343405147));
#9576=DIRECTION('',(-1.,-4.24367860183708E-15,-5.21058213739615E-16));
#9577=DIRECTION('',(-2.70337025808151E-15,-0.992546151641322,-0.121869343405147));
#9578=DIRECTION('',(1.,1.56732899980267E-15,1.92443803031158E-16));
#9579=DIRECTION('',(-5.06849068607386E-15,0.992546151641322,0.121869343405147));
#9580=DIRECTION('',(-1.,-1.72476132933411E-15,-2.11774062484597E-16));
#9581=DIRECTION('',(1.51599068342914E-16,-0.992546151641322,-0.121869343405147));
#9582=DIRECTION('',(1.,1.09503201120836E-15,1.34453024670842E-16));
#9583=DIRECTION('',(-4.90992478552011E-15,0.992546151641322,0.121869343405147));
#9584=DIRECTION('',(-1.,1.64426625043122E-16,2.01890509566661E-17));
#9585=DIRECTION('',(2.37214526882963E-15,-0.992546151641322,-0.121869343405147));
#9586=DIRECTION('',(1.,3.61394928371134E-15,4.4373717592586E-16));
#9587=DIRECTION('',(-2.37214526882963E-15,0.992546151641322,0.121869343405147));
#9588=DIRECTION('',(-1.,-2.35449064745985E-15,-2.89095100298351E-16));
#9589=DIRECTION('',(2.37214526882962E-15,-0.992546151641322,-0.121869343405147));
#9590=DIRECTION('',(1.,-2.05338967609245E-15,-2.52124549741568E-16));
#9591=DIRECTION('',(-1.10325551048439E-15,0.992546151641322,0.121869343405147));
#9592=DIRECTION('',(-1.,-2.35440068612869E-15,-2.89084054435806E-16));
#9593=DIRECTION('',(1.10325551048439E-15,-0.992546151641322,-0.121869343405147));
#9594=DIRECTION('',(1.,1.09503201120836E-15,1.34453024670842E-16));
#9595=DIRECTION('',(3.97230352289657E-15,0.992546151641322,0.121869343405147));
#9596=DIRECTION('',(-1.,-1.09503201120836E-15,-1.34453024670842E-16));
#9597=DIRECTION('',(-1.43452400620609E-15,-0.992546151641322,-0.121869343405147));
#9598=DIRECTION('',(1.,-1.42388526129462E-15,-1.74831126584176E-16));
#9599=DIRECTION('',(1.43452400620609E-15,0.992546151641322,0.121869343405147));
#9600=DIRECTION('',(-1.,1.42388526129462E-15,1.74831126584176E-16));
#9601=DIRECTION('',(-1.43452400620609E-15,-0.992546151641322,-0.121869343405147));
#9602=DIRECTION('',(1.,1.40987417993844E-15,1.73110782112083E-16));
#9603=DIRECTION('',(-1.10325551048439E-15,0.992546151641322,0.121869343405147));
#9604=DIRECTION('',(-1.,-1.09503201120836E-15,-1.34453024670842E-16));
#9605=DIRECTION('',(1.10325551048439E-15,-0.992546151641322,-0.121869343405147));
#9606=DIRECTION('',(1.,-1.64399635294294E-16,-2.01857370322075E-17));
#9607=DIRECTION('',(-1.10325551048439E-15,0.992546151641322,0.121869343405147));
#9608=DIRECTION('',(-1.,-4.65316187957034E-16,-5.71336438193175E-17));
#9609=DIRECTION('',(1.10325551048439E-15,-0.992546151641322,-0.121869343405147));
#9610=DIRECTION('',(1.,-1.42383128179694E-15,-1.74824498735256E-16));
#9611=DIRECTION('',(3.97230352289656E-15,0.992546151641322,0.121869343405147));
#9612=DIRECTION('',(-1.,1.42383128179694E-15,1.74824498735256E-16));
#9613=DIRECTION('',(-3.97230352289656E-15,-0.992546151641322,-0.121869343405147));
#9614=DIRECTION('',(1.,1.25246096702119E-15,1.53782869883724E-16));
#9615=DIRECTION('',(-1.10325551048439E-15,0.992546151641322,0.121869343405147));
#9616=DIRECTION('',(-1.,-1.40988992283402E-15,-1.73112715096605E-16));
#9617=DIRECTION('',(1.10325551048439E-15,-0.992546151641322,-0.121869343405147));
#9618=DIRECTION('',(1.,-1.64258407807355E-16,-2.01683964772362E-17));
#9619=DIRECTION('',(-3.64103502717487E-15,0.992546151641322,0.121869343405147));
#9620=DIRECTION('',(-1.,1.64258407807358E-16,2.01683964772366E-17));
#9621=DIRECTION('',(1.10325551048439E-15,-0.992546151641322,-0.121869343405147));
#9622=DIRECTION('center_axis',(1.6549195978014E-16,0.992546151641322,0.121869343405145));
#9623=DIRECTION('ref_axis',(1.,-1.61863787692693E-16,-3.96710122544681E-17));
#9624=DIRECTION('',(0.,0.121869343405145,-0.992546151641322));
#9625=DIRECTION('',(1.,-1.59694229692256E-16,-5.73406442056069E-17));
#9626=DIRECTION('',(0.,0.121869343405145,-0.992546151641322));
#9627=DIRECTION('center_axis',(-1.,-1.09503201120836E-15,-1.34453024670841E-16));
#9628=DIRECTION('ref_axis',(-1.10325551048439E-15,0.992546151641322,0.121869343405146));
#9629=DIRECTION('',(-1.10325551048439E-15,0.992546151641322,0.121869343405147));
#9630=DIRECTION('',(0.,0.121869343405145,-0.992546151641322));
#9631=DIRECTION('center_axis',(-1.65491959780136E-16,-0.992546151641322,
-0.121869343405145));
#9632=DIRECTION('ref_axis',(-1.,1.61863787692689E-16,3.96710122544679E-17));
#9633=DIRECTION('',(-1.,1.59694229692253E-16,5.73406442056064E-17));
#9634=DIRECTION('',(0.,0.121869343405145,-0.992546151641322));
#9635=DIRECTION('center_axis',(1.,3.61389530421367E-15,4.43730548076937E-16));
#9636=DIRECTION('ref_axis',(3.64103502717487E-15,-0.992546151641322,-0.121869343405146));
#9637=DIRECTION('',(3.64103502717487E-15,-0.992546151641322,-0.121869343405147));
#9638=DIRECTION('center_axis',(-1.4204779500707E-15,0.992546151641322,0.121869343405147));
#9639=DIRECTION('ref_axis',(1.,1.37362376873824E-15,4.6847683766297E-16));
#9640=DIRECTION('',(0.,0.121869343405147,-0.992546151641322));
#9641=DIRECTION('',(1.,1.41445410094913E-15,1.35940467368234E-16));
#9642=DIRECTION('',(0.,0.121869343405147,-0.992546151641322));
#9643=DIRECTION('center_axis',(-1.,-1.09503201120836E-15,-1.34453024670842E-16));
#9644=DIRECTION('ref_axis',(-1.10325551048439E-15,0.992546151641322,0.121869343405147));
#9645=DIRECTION('',(-1.10325551048439E-15,0.992546151641322,0.121869343405147));
#9646=DIRECTION('',(0.,0.121869343405147,-0.992546151641322));
#9647=DIRECTION('center_axis',(1.26186673027754E-15,-0.992546151641322,
-0.121869343405147));
#9648=DIRECTION('ref_axis',(-1.,-1.24518958074473E-15,-2.13003558730841E-16));
#9649=DIRECTION('',(-1.,-1.2570251451363E-15,-1.16610622155353E-16));
#9650=DIRECTION('',(0.,0.121869343405147,-0.992546151641322));
#9651=DIRECTION('center_axis',(1.,1.09503201120836E-15,1.34453024670842E-16));
#9652=DIRECTION('ref_axis',(1.10325551048439E-15,-0.992546151641322,-0.121869343405147));
#9653=DIRECTION('',(1.10325551048439E-15,-0.992546151641322,-0.121869343405147));
#9654=DIRECTION('center_axis',(1.43452400620609E-15,0.992546151641322,0.121869343405145));
#9655=DIRECTION('ref_axis',(1.,-1.29579375158324E-15,-1.21760650057796E-15));
#9656=DIRECTION('',(0.,0.121869343405145,-0.992546151641322));
#9657=DIRECTION('',(1.,-1.41926710368184E-15,-2.11996746463627E-16));
#9658=DIRECTION('',(0.,0.121869343405145,-0.992546151641322));
#9659=DIRECTION('center_axis',(-1.,3.94269457480225E-15,4.8410202214135E-16));
#9660=DIRECTION('ref_axis',(3.97230352289656E-15,0.992546151641322,0.121869343405147));
#9661=DIRECTION('',(3.97230352289656E-15,0.992546151641322,0.121869343405147));
#9662=DIRECTION('',(0.,0.121869343405145,-0.992546151641322));
#9663=DIRECTION('center_axis',(-1.43452400620609E-15,-0.992546151641322,
-0.121869343405145));
#9664=DIRECTION('ref_axis',(-1.,1.32478851940256E-15,9.81463066858713E-16));
#9665=DIRECTION('',(-1.,1.41926710368184E-15,2.11996746463627E-16));
#9666=DIRECTION('',(0.,0.121869343405145,-0.992546151641322));
#9667=DIRECTION('center_axis',(1.,-3.94269457480225E-15,-4.8410202214135E-16));
#9668=DIRECTION('ref_axis',(-3.97230352289656E-15,-0.992546151641322,-0.121869343405147));
#9669=DIRECTION('',(-3.97230352289656E-15,-0.992546151641322,-0.121869343405147));
#9670=DIRECTION('center_axis',(-4.68810631311768E-16,0.992546151641322,
0.121869343405145));
#9671=DIRECTION('ref_axis',(1.,5.25699259925657E-16,-4.34647012678477E-16));
#9672=DIRECTION('',(0.,0.121869343405145,-0.992546151641322));
#9673=DIRECTION('',(1.,4.69880366072136E-16,1.99613960909472E-17));
#9674=DIRECTION('',(0.,0.121869343405145,-0.992546151641322));
#9675=DIRECTION('center_axis',(-1.,-1.09503201120836E-15,-1.34453024670841E-16));
#9676=DIRECTION('ref_axis',(-1.10325551048439E-15,0.992546151641322,0.121869343405146));
#9677=DIRECTION('',(-1.10325551048439E-15,0.992546151641322,0.121869343405147));
#9678=DIRECTION('',(0.,0.121869343405145,-0.992546151641322));
#9679=DIRECTION('center_axis',(-1.65634247860853E-16,-0.992546151641322,
-0.121869343405145));
#9680=DIRECTION('ref_axis',(-1.,1.42676253751434E-16,1.97108481904338E-16));
#9681=DIRECTION('',(-1.,1.59835457179192E-16,5.73579847605777E-17));
#9682=DIRECTION('',(0.,0.121869343405145,-0.992546151641322));
#9683=DIRECTION('center_axis',(1.,1.09503201120836E-15,1.34453024670841E-16));
#9684=DIRECTION('ref_axis',(1.10325551048439E-15,-0.992546151641322,-0.121869343405146));
#9685=DIRECTION('',(1.10325551048439E-15,-0.992546151641322,-0.121869343405147));
#9686=DIRECTION('center_axis',(-1.10325551048439E-15,0.992546151641322,
0.121869343405147));
#9687=DIRECTION('ref_axis',(1.,1.09742603078447E-15,1.14955299887649E-16));
#9688=DIRECTION('',(0.,0.121869343405147,-0.992546151641322));
#9689=DIRECTION('',(1.,1.09959618932346E-15,9.7280776942472E-17));
#9690=DIRECTION('',(0.,0.121869343405147,-0.992546151641322));
#9691=DIRECTION('center_axis',(-1.,-1.09503201120836E-15,-1.34453024670842E-16));
#9692=DIRECTION('ref_axis',(-1.10325551048439E-15,0.992546151641322,0.121869343405146));
#9693=DIRECTION('',(-1.10325551048439E-15,0.992546151641322,0.121869343405147));
#9694=DIRECTION('',(0.,0.121869343405147,-0.992546151641322));
#9695=DIRECTION('center_axis',(1.42046208894872E-15,-0.992546151641322,
-0.121869343405147));
#9696=DIRECTION('ref_axis',(-1.,-1.37361044207331E-15,-4.68455226058972E-16));
#9697=DIRECTION('',(-1.,-1.41443835805355E-15,-1.35938534383713E-16));
#9698=DIRECTION('',(0.,0.121869343405147,-0.992546151641322));
#9699=DIRECTION('center_axis',(1.,1.09503201120836E-15,1.34453024670842E-16));
#9700=DIRECTION('ref_axis',(1.10325551048439E-15,-0.992546151641322,-0.121869343405146));
#9701=DIRECTION('',(1.10325551048439E-15,-0.992546151641322,-0.121869343405147));
#9702=DIRECTION('center_axis',(1.43457839108037E-15,0.992546151641322,0.121869343405145));
#9703=DIRECTION('ref_axis',(1.,-1.35383602399788E-15,-7.45336382144199E-16));
#9704=DIRECTION('',(0.,0.121869343405145,-0.992546151641322));
#9705=DIRECTION('',(1.,-1.41932108317952E-15,-2.12003374312547E-16));
#9706=DIRECTION('',(0.,0.121869343405145,-0.992546151641322));
#9707=DIRECTION('center_axis',(-1.,1.42383128179695E-15,1.74824498735255E-16));
#9708=DIRECTION('ref_axis',(1.43452400620609E-15,0.992546151641322,0.121869343405146));
#9709=DIRECTION('',(1.43452400620609E-15,0.992546151641322,0.121869343405147));
#9710=DIRECTION('',(0.,0.121869343405145,-0.992546151641322));
#9711=DIRECTION('center_axis',(-1.43457839108037E-15,-0.992546151641322,
-0.121869343405145));
#9712=DIRECTION('ref_axis',(-1.,1.39249654290476E-15,4.30471723081327E-16));
#9713=DIRECTION('',(-1.,1.41932108317952E-15,2.12003374312547E-16));
#9714=DIRECTION('',(0.,0.121869343405145,-0.992546151641322));
#9715=DIRECTION('center_axis',(1.,-1.42383128179695E-15,-1.74824498735255E-16));
#9716=DIRECTION('ref_axis',(-1.43452400620609E-15,-0.992546151641322,-0.121869343405146));
#9717=DIRECTION('',(-1.43452400620609E-15,-0.992546151641322,-0.121869343405147));
#9718=DIRECTION('center_axis',(-1.10325551048439E-15,0.992546151641322,
0.121869343405145));
#9719=DIRECTION('ref_axis',(1.,1.08776159142416E-15,1.93665842070169E-16));
#9720=DIRECTION('',(0.,0.121869343405145,-0.992546151641322));
#9721=DIRECTION('',(1.,1.09959618932346E-15,9.7280776942472E-17));
#9722=DIRECTION('',(0.,0.121869343405145,-0.992546151641322));
#9723=DIRECTION('center_axis',(-1.,1.42383128179695E-15,1.74824498735255E-16));
#9724=DIRECTION('ref_axis',(1.43452400620609E-15,0.992546151641322,0.121869343405146));
#9725=DIRECTION('',(1.43452400620609E-15,0.992546151641322,0.121869343405147));
#9726=DIRECTION('',(0.,0.121869343405145,-0.992546151641322));
#9727=DIRECTION('center_axis',(1.10325551048439E-15,-0.992546151641322,
-0.121869343405145));
#9728=DIRECTION('ref_axis',(-1.,-1.16507710630664E-15,4.36018495389995E-16));
#9729=DIRECTION('',(-1.,-1.09959618932346E-15,-9.72807769424721E-17));
#9730=DIRECTION('',(0.,0.121869343405145,-0.992546151641322));
#9731=DIRECTION('center_axis',(1.,-3.94269457480226E-15,-4.84102022141352E-16));
#9732=DIRECTION('ref_axis',(-3.97230352289657E-15,-0.992546151641322,-0.121869343405146));
#9733=DIRECTION('',(-3.97230352289657E-15,-0.992546151641322,-0.121869343405147));
#9734=DIRECTION('center_axis',(-2.37208182434171E-15,0.992546151641322,
0.121869343405145));
#9735=DIRECTION('ref_axis',(1.,2.36645914506511E-15,1.90875787470092E-16));
#9736=DIRECTION('',(0.,0.121869343405145,-0.992546151641322));
#9737=DIRECTION('',(1.,2.35896486424379E-15,2.51911806707436E-16));
#9738=DIRECTION('',(0.,0.121869343405145,-0.992546151641322));
#9739=DIRECTION('center_axis',(-1.,-1.09503201120836E-15,-1.34453024670841E-16));
#9740=DIRECTION('ref_axis',(-1.10325551048439E-15,0.992546151641322,0.121869343405145));
#9741=DIRECTION('',(-1.10325551048439E-15,0.992546151641322,0.121869343405147));
#9742=DIRECTION('',(0.,0.121869343405145,-0.992546151641322));
#9743=DIRECTION('center_axis',(-2.06881027415891E-15,-0.992546151641322,
-0.121869343405145));
#9744=DIRECTION('ref_axis',(-1.,1.87703574803076E-15,1.68841203381013E-15));
#9745=DIRECTION('',(-1.,2.04882549797735E-15,2.89296797469938E-16));
#9746=DIRECTION('',(0.,0.121869343405145,-0.992546151641322));
#9747=DIRECTION('center_axis',(1.,1.09503201120836E-15,1.34453024670841E-16));
#9748=DIRECTION('ref_axis',(1.10325551048439E-15,-0.992546151641322,-0.121869343405146));
#9749=DIRECTION('',(1.10325551048439E-15,-0.992546151641322,-0.121869343405147));
#9750=DIRECTION('center_axis',(-2.37217246126676E-15,0.992546151641322,
0.121869343405145));
#9751=DIRECTION('ref_axis',(1.,2.34721884694283E-15,3.48319162864073E-16));
#9752=DIRECTION('',(0.,0.121869343405145,-0.992546151641322));
#9753=DIRECTION('',(1.,2.35905482557495E-15,2.51922852569981E-16));
#9754=DIRECTION('',(0.,0.121869343405145,-0.992546151641322));
#9755=DIRECTION('center_axis',(-1.,-2.35446365771101E-15,-2.89091786373889E-16));
#9756=DIRECTION('ref_axis',(-2.37214526882962E-15,0.992546151641322,0.121869343405148));
#9757=DIRECTION('',(-2.37214526882962E-15,0.992546151641322,0.121869343405147));
#9758=DIRECTION('',(0.,0.121869343405145,-0.992546151641322));
#9759=DIRECTION('center_axis',(3.64108941204914E-15,-0.992546151641322,
-0.121869343405145));
#9760=DIRECTION('ref_axis',(-1.,-3.548686704834E-15,-9.7525822708589E-16));
#9761=DIRECTION('',(-1.,-3.61851346182644E-15,-4.0656492819749E-16));
#9762=DIRECTION('',(0.,0.121869343405145,-0.992546151641322));
#9763=DIRECTION('center_axis',(1.,2.35446365771101E-15,2.89091786373889E-16));
#9764=DIRECTION('ref_axis',(2.37214526882963E-15,-0.992546151641322,-0.121869343405147));
#9765=DIRECTION('',(2.37214526882963E-15,-0.992546151641322,-0.121869343405147));
#9766=DIRECTION('center_axis',(1.65661440297983E-16,0.992546151641322,0.121869343405145));
#9767=DIRECTION('ref_axis',(1.,-7.50471282929483E-17,-7.48126636048123E-16));
#9768=DIRECTION('',(0.,0.121869343405145,-0.992546151641322));
#9769=DIRECTION('',(1.,-1.5986244692802E-16,-5.73612986850364E-17));
#9770=DIRECTION('',(0.,0.121869343405145,-0.992546151641322));
#9771=DIRECTION('center_axis',(-1.,-2.35446365771102E-15,-2.89091786373889E-16));
#9772=DIRECTION('ref_axis',(-2.37214526882963E-15,0.992546151641322,0.121869343405148));
#9773=DIRECTION('',(-2.37214526882963E-15,0.992546151641322,0.121869343405147));
#9774=DIRECTION('',(0.,0.121869343405145,-0.992546151641322));
#9775=DIRECTION('center_axis',(1.10325551048439E-15,-0.992546151641322,
-0.121869343405145));
#9776=DIRECTION('ref_axis',(-1.,-1.0684299512379E-15,-3.51109416767998E-16));
#9777=DIRECTION('',(-1.,-1.09959618932346E-15,-9.72807769424719E-17));
#9778=DIRECTION('',(0.,0.121869343405145,-0.992546151641322));
#9779=DIRECTION('center_axis',(1.,4.87332695071633E-15,5.98369309779985E-16));
#9780=DIRECTION('ref_axis',(4.90992478552011E-15,-0.992546151641322,-0.121869343405147));
#9781=DIRECTION('',(4.90992478552011E-15,-0.992546151641322,-0.121869343405147));
#9782=DIRECTION('center_axis',(-1.73771398587558E-15,0.992546151641322,
0.121869343405147));
#9783=DIRECTION('ref_axis',(1.,1.75615004772397E-15,-4.38665340125538E-17));
#9784=DIRECTION('',(-1.11022302462516E-15,0.121869343405147,-0.992546151641322));
#9785=DIRECTION('',(1.,1.72932550744921E-15,1.74601814756227E-16));
#9786=DIRECTION('',(-1.11022302462516E-15,0.121869343405147,-0.992546151641322));
#9787=DIRECTION('center_axis',(-1.,-2.85771222920513E-16,1.08347231163551E-15));
#9788=DIRECTION('ref_axis',(-1.51599068342915E-16,0.992546151641322,0.121869343405146));
#9789=DIRECTION('',(-1.51599068342914E-16,0.992546151641322,0.121869343405147));
#9790=DIRECTION('',(-1.11022302462516E-15,0.121869343405147,-0.992546151641322));
#9791=DIRECTION('center_axis',(1.57909936702778E-15,-0.992546151641322,
-0.121869343405147));
#9792=DIRECTION('ref_axis',(-1.,-1.56005719928565E-15,-2.5166786559688E-16));
#9793=DIRECTION('',(-1.,-1.57189317791777E-15,-1.55271555302788E-16));
#9794=DIRECTION('',(-1.11022302462516E-15,0.121869343405147,-0.992546151641322));
#9795=DIRECTION('center_axis',(1.,5.16601307613684E-15,-4.84253958588366E-16));
#9796=DIRECTION('ref_axis',(5.06849068607386E-15,-0.992546151641322,-0.121869343405146));
#9797=DIRECTION('',(5.06849068607386E-15,-0.992546151641322,-0.121869343405147));
#9798=DIRECTION('center_axis',(-4.27554788744033E-15,0.992546151641322,
0.121869343405147));
#9799=DIRECTION('ref_axis',(1.,4.20741141213991E-15,8.1643077060249E-16));
#9800=DIRECTION('',(0.,0.121869343405147,-0.992546151641322));
#9801=DIRECTION('',(1.,4.24824277995218E-15,4.83885966011244E-16));
#9802=DIRECTION('',(0.,0.121869343405147,-0.992546151641322));
#9803=DIRECTION('center_axis',(-1.,2.68321974612041E-15,3.29457958333395E-16));
#9804=DIRECTION('ref_axis',(2.70337025808151E-15,0.992546151641322,0.121869343405146));
#9805=DIRECTION('',(2.70337025808151E-15,0.992546151641322,0.121869343405147));
#9806=DIRECTION('',(0.,0.121869343405147,-0.992546151641322));
#9807=DIRECTION('center_axis',(3.79970403089693E-15,-0.992546151641322,
-0.121869343405147));
#9808=DIRECTION('ref_axis',(-1.,-3.83176572081278E-15,2.87216554150054E-17));
#9809=DIRECTION('',(-1.,-3.77594579135787E-15,-4.25895187650928E-16));
#9810=DIRECTION('',(0.,0.121869343405147,-0.992546151641322));
#9811=DIRECTION('center_axis',(1.,-1.64385241234561E-16,-2.01839696639034E-17));
#9812=DIRECTION('ref_axis',(-1.65619745704243E-16,-0.992546151641322,-0.121869343405147));
#9813=DIRECTION('',(-1.65619745704243E-16,-0.992546151641322,-0.121869343405147));
#9814=DIRECTION('center_axis',(-2.37208182434171E-15,0.992546151641322,
0.121869343405145));
#9815=DIRECTION('ref_axis',(1.,2.38578802378573E-15,3.34547031050513E-17));
#9816=DIRECTION('',(0.,0.121869343405145,-0.992546151641322));
#9817=DIRECTION('',(1.,2.35896486424379E-15,2.51911806707436E-16));
#9818=DIRECTION('',(0.,0.121869343405145,-0.992546151641322));
#9819=DIRECTION('center_axis',(-1.,1.64399635294291E-16,2.01857370322068E-17));
#9820=DIRECTION('ref_axis',(1.65634247860849E-16,0.992546151641322,0.121869343405147));
#9821=DIRECTION('',(1.65634247860849E-16,0.992546151641322,0.121869343405147));
#9822=DIRECTION('',(0.,0.121869343405145,-0.992546151641322));
#9823=DIRECTION('center_axis',(1.10325551048439E-15,-0.992546151641322,
-0.121869343405145));
#9824=DIRECTION('ref_axis',(-1.,-1.07809715206385E-15,-2.7237638425269E-16));
#9825=DIRECTION('',(-1.,-1.09959618932346E-15,-9.72807769424719E-17));
#9826=DIRECTION('',(0.,0.121869343405145,-0.992546151641322));
#9827=DIRECTION('center_axis',(1.,-1.64399635294289E-16,-2.01857370322066E-17));
#9828=DIRECTION('ref_axis',(-1.65634247860848E-16,-0.992546151641322,-0.121869343405147));
#9829=DIRECTION('',(-1.65634247860848E-16,-0.992546151641322,-0.121869343405147));
#9830=DIRECTION('center_axis',(-1.10325551048439E-15,0.992546151641322,
0.121869343405145));
#9831=DIRECTION('ref_axis',(1.,1.04909969178447E-15,5.08541746299435E-16));
#9832=DIRECTION('',(0.,0.121869343405145,-0.992546151641322));
#9833=DIRECTION('',(1.,1.09959618932346E-15,9.72807769424719E-17));
#9834=DIRECTION('',(0.,0.121869343405145,-0.992546151641322));
#9835=DIRECTION('center_axis',(-1.,1.64399635294296E-16,2.01857370322075E-17));
#9836=DIRECTION('ref_axis',(1.65634247860855E-16,0.992546151641322,0.121869343405146));
#9837=DIRECTION('',(1.65634247860855E-16,0.992546151641322,0.121869343405147));
#9838=DIRECTION('',(0.,0.121869343405145,-0.992546151641322));
#9839=DIRECTION('center_axis',(1.10325551048439E-15,-0.992546151641322,
-0.121869343405145));
#9840=DIRECTION('ref_axis',(-1.,-1.12642072959822E-15,1.21187571826307E-16));
#9841=DIRECTION('',(-1.,-1.09959618932346E-15,-9.7280776942472E-17));
#9842=DIRECTION('',(0.,0.121869343405145,-0.992546151641322));
#9843=DIRECTION('center_axis',(1.,-1.64399635294297E-16,-2.01857370322075E-17));
#9844=DIRECTION('ref_axis',(-1.65634247860855E-16,-0.992546151641322,-0.121869343405147));
#9845=DIRECTION('',(-1.65634247860855E-16,-0.992546151641322,-0.121869343405147));
#9846=DIRECTION('center_axis',(-1.10325551048439E-15,0.992546151641322,
0.121869343405145));
#9847=DIRECTION('ref_axis',(1.,1.14574546651485E-15,-2.78574923904839E-16));
#9848=DIRECTION('',(0.,0.121869343405145,-0.992546151641322));
#9849=DIRECTION('',(1.,1.09959618932346E-15,9.7280776942472E-17));
#9850=DIRECTION('',(0.,0.121869343405145,-0.992546151641322));
#9851=DIRECTION('center_axis',(-1.,1.42383128179695E-15,1.74824498735256E-16));
#9852=DIRECTION('ref_axis',(1.43452400620609E-15,0.992546151641322,0.121869343405147));
#9853=DIRECTION('',(1.43452400620609E-15,0.992546151641322,0.121869343405147));
#9854=DIRECTION('',(0.,0.121869343405145,-0.992546151641322));
#9855=DIRECTION('center_axis',(1.10325551048439E-15,-0.992546151641322,
-0.121869343405145));
#9856=DIRECTION('ref_axis',(-1.,-1.14574546651485E-15,2.78574923904839E-16));
#9857=DIRECTION('',(-1.,-1.09959618932346E-15,-9.7280776942472E-17));
#9858=DIRECTION('',(0.,0.121869343405145,-0.992546151641322));
#9859=DIRECTION('center_axis',(1.,-1.42383128179695E-15,-1.74824498735256E-16));
#9860=DIRECTION('ref_axis',(-1.43452400620609E-15,-0.992546151641322,-0.121869343405147));
#9861=DIRECTION('',(-1.43452400620609E-15,-0.992546151641322,-0.121869343405147));
#9862=DIRECTION('center_axis',(1.43452400620609E-15,0.992546151641322,0.121869343405145));
#9863=DIRECTION('ref_axis',(1.,-1.31512359679612E-15,-1.06017754476513E-15));
#9864=DIRECTION('',(0.,0.121869343405145,-0.992546151641322));
#9865=DIRECTION('',(1.,-1.41926710368184E-15,-2.11996746463627E-16));
#9866=DIRECTION('',(0.,0.121869343405145,-0.992546151641322));
#9867=DIRECTION('center_axis',(-1.,-3.61389530421368E-15,-4.43730548076937E-16));
#9868=DIRECTION('ref_axis',(-3.64103502717487E-15,0.992546151641322,0.121869343405147));
#9869=DIRECTION('',(-3.64103502717487E-15,0.992546151641322,0.121869343405147));
#9870=DIRECTION('',(0.,0.121869343405145,-0.992546151641322));
#9871=DIRECTION('center_axis',(-1.65634247860849E-16,-0.992546151641322,
-0.121869343405145));
#9872=DIRECTION('ref_axis',(-1.,7.50217955063464E-17,7.48109827249248E-16));
#9873=DIRECTION('',(-1.,1.59835457179189E-16,5.73579847605773E-17));
#9874=DIRECTION('',(0.,0.121869343405145,-0.992546151641322));
#9875=DIRECTION('center_axis',(1.,3.61389530421368E-15,4.43730548076938E-16));
#9876=DIRECTION('ref_axis',(3.64103502717487E-15,-0.992546151641322,-0.121869343405147));
#9877=DIRECTION('',(3.64103502717487E-15,-0.992546151641322,-0.121869343405147));
#9878=DIRECTION('center_axis',(-3.64103502717486E-15,0.992546151641322,
0.121869343405145));
#9879=DIRECTION('ref_axis',(1.,3.54863438229856E-15,9.75238104362551E-16));
#9880=DIRECTION('',(0.,0.121869343405145,-0.992546151641322));
#9881=DIRECTION('',(1.,3.61845948232876E-15,4.0655830034857E-16));
#9882=DIRECTION('',(0.,0.121869343405145,-0.992546151641322));
#9883=DIRECTION('center_axis',(-1.,-3.61389530421368E-15,-4.43730548076938E-16));
#9884=DIRECTION('ref_axis',(-3.64103502717487E-15,0.992546151641322,0.121869343405147));
#9885=DIRECTION('',(-3.64103502717487E-15,0.992546151641322,0.121869343405147));
#9886=DIRECTION('',(0.,0.121869343405145,-0.992546151641322));
#9887=DIRECTION('center_axis',(2.37214526882963E-15,-0.992546151641322,
-0.121869343405145));
#9888=DIRECTION('ref_axis',(-1.,-2.30853258100879E-15,-6.63170386846672E-16));
#9889=DIRECTION('',(-1.,-2.35902783582612E-15,-2.51919538645521E-16));
#9890=DIRECTION('',(0.,0.121869343405145,-0.992546151641322));
#9891=DIRECTION('center_axis',(1.,1.09503201120836E-15,1.34453024670841E-16));
#9892=DIRECTION('ref_axis',(1.10325551048439E-15,-0.992546151641322,-0.121869343405147));
#9893=DIRECTION('',(1.10325551048439E-15,-0.992546151641322,-0.121869343405147));
#9894=DIRECTION('center_axis',(-1.10325551048439E-15,0.992546151641322,
0.121869343405145));
#9895=DIRECTION('ref_axis',(1.,1.10709047014478E-15,3.62447577051282E-17));
#9896=DIRECTION('',(0.,0.121869343405145,-0.992546151641322));
#9897=DIRECTION('',(1.,1.09959618932346E-15,9.7280776942472E-17));
#9898=DIRECTION('',(0.,0.121869343405145,-0.992546151641322));
#9899=DIRECTION('center_axis',(-1.,-1.09503201120836E-15,-1.34453024670841E-16));
#9900=DIRECTION('ref_axis',(-1.10325551048439E-15,0.992546151641322,0.121869343405148));
#9901=DIRECTION('',(-1.10325551048439E-15,0.992546151641322,0.121869343405147));
#9902=DIRECTION('',(0.,0.121869343405145,-0.992546151641322));
#9903=DIRECTION('center_axis',(1.10325551048439E-15,-0.992546151641322,
-0.121869343405145));
#9904=DIRECTION('ref_axis',(-1.,-9.91122996194756E-16,-9.80724039931264E-16));
#9905=DIRECTION('',(-1.,-1.09959618932346E-15,-9.72807769424718E-17));
#9906=DIRECTION('',(0.,0.121869343405145,-0.992546151641322));
#9907=DIRECTION('center_axis',(1.,1.09503201120836E-15,1.34453024670841E-16));
#9908=DIRECTION('ref_axis',(1.10325551048439E-15,-0.992546151641322,-0.121869343405147));
#9909=DIRECTION('',(1.10325551048439E-15,-0.992546151641322,-0.121869343405147));
#9910=DIRECTION('center_axis',(-2.37217246126676E-15,0.992546151641322,
0.121869343405145));
#9911=DIRECTION('ref_axis',(1.,2.40520962530315E-15,-1.23977825730235E-16));
#9912=DIRECTION('',(0.,0.121869343405145,-0.992546151641322));
#9913=DIRECTION('',(1.,2.35905482557495E-15,2.51922852569981E-16));
#9914=DIRECTION('',(0.,0.121869343405145,-0.992546151641322));
#9915=DIRECTION('center_axis',(-1.,1.42383128179696E-15,1.74824498735256E-16));
#9916=DIRECTION('ref_axis',(1.4345240062061E-15,0.992546151641322,0.121869343405146));
#9917=DIRECTION('',(1.4345240062061E-15,0.992546151641322,0.121869343405147));
#9918=DIRECTION('',(0.,0.121869343405145,-0.992546151641322));
#9919=DIRECTION('center_axis',(1.10325551048439E-15,-0.992546151641322,
-0.121869343405145));
#9920=DIRECTION('ref_axis',(-1.,-1.12642072959822E-15,1.21187571826308E-16));
#9921=DIRECTION('',(-1.,-1.09959618932346E-15,-9.7280776942472E-17));
#9922=DIRECTION('',(0.,0.121869343405145,-0.992546151641322));
#9923=DIRECTION('center_axis',(1.,-2.68326292829961E-15,-3.29463260438304E-16));
#9924=DIRECTION('ref_axis',(-2.70341376455134E-15,-0.992546151641322,-0.121869343405146));
#9925=DIRECTION('',(-2.70341376455134E-15,-0.992546151641322,-0.121869343405147));
#9926=DIRECTION('center_axis',(-1.43457839108036E-15,-0.992546151641322,
-0.121869343405145));
#9927=DIRECTION('ref_axis',(-1.,1.43115706181163E-15,1.15607064018454E-16));
#9928=DIRECTION('',(0.,0.121869343405145,-0.992546151641322));
#9929=DIRECTION('',(-1.,1.41932108317951E-15,2.12003374312546E-16));
#9930=DIRECTION('',(0.,0.121869343405145,-0.992546151641322));
#9931=DIRECTION('center_axis',(1.,1.09503201120836E-15,1.34453024670841E-16));
#9932=DIRECTION('ref_axis',(1.10325551048439E-15,-0.992546151641322,-0.121869343405148));
#9933=DIRECTION('',(1.10325551048439E-15,-0.992546151641322,-0.121869343405147));
#9934=DIRECTION('',(0.,0.121869343405145,-0.992546151641322));
#9935=DIRECTION('center_axis',(1.10325551048439E-15,-0.992546151641322,
-0.121869343405145));
#9936=DIRECTION('ref_axis',(-1.,-1.81640712044282E-15,5.74067576945263E-15));
#9937=DIRECTION('',(-1.,-1.09959618932347E-15,-9.72807769424728E-17));
#9938=DIRECTION('',(0.,0.121869343405145,-0.992546151641322));
#9939=DIRECTION('center_axis',(-1.,-1.09503201120836E-15,-1.34453024670841E-16));
#9940=DIRECTION('ref_axis',(-1.10325551048439E-15,0.992546151641322,0.121869343405144));
#9941=DIRECTION('',(-1.10325551048439E-15,0.992546151641322,0.121869343405147));
#9942=DIRECTION('',(0.,0.121869343405145,-0.992546151641322));
#9943=DIRECTION('center_axis',(1.14009763186018E-14,-0.992546151641322,
-0.121869343405145));
#9944=DIRECTION('ref_axis',(-1.,-1.14849256881003E-14,-1.36008363131999E-17));
#9945=DIRECTION('',(-1.,-1.13205593480972E-14,-1.35225725039726E-15));
#9946=DIRECTION('',(0.,0.121869343405145,-0.992546151641322));
#9947=DIRECTION('center_axis',(-1.,-1.09503201120836E-15,-1.34453024670841E-16));
#9948=DIRECTION('ref_axis',(-1.10325551048439E-15,0.992546151641322,0.121869343405147));
#9949=DIRECTION('',(-1.10325551048439E-15,0.992546151641322,0.121869343405147));
#9950=DIRECTION('',(0.,0.121869343405145,-0.992546151641322));
#9951=DIRECTION('center_axis',(-4.2812756789678E-15,-0.992546151641322,
-0.121869343405145));
#9952=DIRECTION('ref_axis',(-1.,4.48338372056481E-15,-1.38418386853335E-15));
#9953=DIRECTION('',(-1.,4.24479952115998E-15,5.589285036606E-16));
#9954=DIRECTION('',(0.,0.121869343405145,-0.992546151641322));
#9955=DIRECTION('center_axis',(1.,-5.76657126942876E-14,-7.08045921232103E-15));
#9956=DIRECTION('ref_axis',(-5.80987721315817E-14,-0.992546151641322,-0.121869343405147));
#9957=DIRECTION('',(-5.80987721315817E-14,-0.992546151641322,-0.121869343405147));
#9958=DIRECTION('',(0.,0.121869343405145,-0.992546151641322));
#9959=DIRECTION('center_axis',(1.10325551048439E-15,-0.992546151641322,
-0.121869343405145));
#9960=DIRECTION('ref_axis',(-1.,-1.10709047014478E-15,-3.62447577051282E-17));
#9961=DIRECTION('',(-1.,-1.09959618932346E-15,-9.7280776942472E-17));
#9962=DIRECTION('',(0.,0.121869343405145,-0.992546151641322));
#9963=DIRECTION('center_axis',(1.,-3.10984149247513E-16,-3.81840522131186E-17));
#9964=DIRECTION('ref_axis',(-3.1331958592883E-16,-0.992546151641322,-0.121869343405145));
#9965=DIRECTION('',(-3.1331958592883E-16,-0.992546151641322,-0.121869343405147));
#9966=DIRECTION('',(0.,0.121869343405145,-0.992546151641322));
#9967=DIRECTION('center_axis',(1.1032555104844E-15,-0.992546151641322,-0.121869343405145));
#9968=DIRECTION('ref_axis',(-1.,-2.4175229257802E-15,1.06363711314512E-14));
#9969=DIRECTION('',(-1.,-1.09959618932348E-15,-9.72807769424734E-17));
#9970=DIRECTION('',(0.,0.121869343405145,-0.992546151641322));
#9971=DIRECTION('center_axis',(1.,-2.4102240415652E-14,-2.95938300621202E-15));
#9972=DIRECTION('ref_axis',(-2.42832440343407E-14,-0.992546151641322,-0.121869343405149));
#9973=DIRECTION('',(-2.42832440343407E-14,-0.992546151641322,-0.121869343405147));
#9974=DIRECTION('',(0.,0.121869343405145,-0.992546151641322));
#9975=DIRECTION('center_axis',(-1.1032555104844E-15,0.992546151641322,0.121869343405145));
#9976=DIRECTION('ref_axis',(1.,2.41752292578008E-15,-1.06363711314503E-14));
#9977=DIRECTION('',(1.,1.09959618932348E-15,9.72807769424734E-17));
#9978=DIRECTION('',(0.,0.121869343405145,-0.992546151641322));
#9979=DIRECTION('center_axis',(1.,1.09503201120836E-15,1.34453024670841E-16));
#9980=DIRECTION('ref_axis',(1.10325551048439E-15,-0.992546151641322,-0.121869343405147));
#9981=DIRECTION('',(1.10325551048439E-15,-0.992546151641322,-0.121869343405147));
#9982=DIRECTION('',(0.,0.121869343405145,-0.992546151641322));
#9983=DIRECTION('center_axis',(-1.10325551048439E-15,0.992546151641322,
0.121869343405145));
#9984=DIRECTION('ref_axis',(1.,1.0268995375359E-15,6.89347493254261E-16));
#9985=DIRECTION('',(1.,1.09959618932346E-15,9.72807769424719E-17));
#9986=DIRECTION('',(0.,0.121869343405145,-0.992546151641322));
#9987=DIRECTION('center_axis',(-1.,-1.09503201120836E-15,-1.34453024670841E-16));
#9988=DIRECTION('ref_axis',(-1.10325551048439E-15,0.992546151641322,0.121869343405147));
#9989=DIRECTION('',(-1.10325551048439E-15,0.992546151641322,0.121869343405147));
#9990=DIRECTION('',(0.,0.121869343405145,-0.992546151641322));
#9991=DIRECTION('center_axis',(-1.10325551048439E-15,0.992546151641322,
0.121869343405145));
#9992=DIRECTION('ref_axis',(1.,1.10709047014478E-15,3.62447577051282E-17));
#9993=DIRECTION('',(1.,1.09959618932346E-15,9.7280776942472E-17));
#9994=DIRECTION('',(0.,0.121869343405145,-0.992546151641322));
#9995=DIRECTION('center_axis',(1.,1.09503201120836E-15,1.34453024670841E-16));
#9996=DIRECTION('ref_axis',(1.10325551048439E-15,-0.992546151641322,-0.121869343405147));
#9997=DIRECTION('',(1.10325551048439E-15,-0.992546151641322,-0.121869343405147));
#9998=DIRECTION('',(0.,0.121869343405145,-0.992546151641322));
#9999=DIRECTION('center_axis',(1.43457839108036E-15,0.992546151641322,0.121869343405145));
#10000=DIRECTION('ref_axis',(1.,-1.43115706181163E-15,-1.15607064018454E-16));
#10001=DIRECTION('',(1.,-1.41932108317951E-15,-2.12003374312546E-16));
#10002=DIRECTION('',(0.,0.121869343405145,-0.992546151641322));
#10003=DIRECTION('center_axis',(-1.,-1.09503201120836E-15,-1.34453024670841E-16));
#10004=DIRECTION('ref_axis',(-1.10325551048439E-15,0.992546151641322,0.121869343405147));
#10005=DIRECTION('',(-1.10325551048439E-15,0.992546151641322,0.121869343405147));
#10006=DIRECTION('',(0.,0.121869343405145,-0.992546151641322));
#10007=DIRECTION('center_axis',(-1.10325551048439E-15,0.992546151641322,
0.121869343405145));
#10008=DIRECTION('ref_axis',(1.,1.10709047014478E-15,3.62447577051282E-17));
#10009=DIRECTION('',(1.,1.09959618932346E-15,9.7280776942472E-17));
#10010=DIRECTION('',(0.,0.121869343405145,-0.992546151641322));
#10011=DIRECTION('center_axis',(1.,2.29286117132419E-14,2.81527952132355E-15));
#10012=DIRECTION('ref_axis',(2.3100801585222E-14,-0.992546151641322,-0.121869343405149));
#10013=DIRECTION('',(2.3100801585222E-14,-0.992546151641322,-0.121869343405147));
#10014=DIRECTION('',(0.,0.121869343405145,-0.992546151641322));
#10015=DIRECTION('center_axis',(-1.10325551048439E-15,0.992546151641322,
0.121869343405145));
#10016=DIRECTION('ref_axis',(1.,9.86804071231452E-16,1.01589886102884E-15));
#10017=DIRECTION('',(1.,1.09959618932346E-15,9.72807769424718E-17));
#10018=DIRECTION('',(0.,0.121869343405145,-0.992546151641322));
#10019=DIRECTION('center_axis',(-1.,-1.74702167877335E-14,-2.14507289716037E-15));
#10020=DIRECTION('ref_axis',(-1.76014150665376E-14,0.992546151641322,0.121869343405147));
#10021=DIRECTION('',(-1.76014150665376E-14,0.992546151641322,0.121869343405147));
#10022=DIRECTION('',(0.,0.121869343405145,-0.992546151641322));
#10023=DIRECTION('center_axis',(-1.1032555104844E-15,0.992546151641322,
0.121869343405145));
#10024=DIRECTION('ref_axis',(1.,2.41752292578008E-15,-1.06363711314503E-14));
#10025=DIRECTION('',(1.,1.09959618932348E-15,9.72807769424734E-17));
#10026=DIRECTION('',(0.,0.121869343405145,-0.992546151641322));
#10027=DIRECTION('center_axis',(-1.,-1.09503201120836E-15,-1.34453024670841E-16));
#10028=DIRECTION('ref_axis',(-1.10325551048439E-15,0.992546151641321,0.121869343405155));
#10029=DIRECTION('',(-1.10325551048439E-15,0.992546151641322,0.121869343405147));
#10030=DIRECTION('',(0.,0.121869343405145,-0.992546151641322));
#10031=DIRECTION('center_axis',(1.10325551048439E-15,-0.992546151641322,
-0.121869343405145));
#10032=DIRECTION('ref_axis',(-1.,-1.10709047014478E-15,-3.62447577051282E-17));
#10033=DIRECTION('',(-1.,-1.09959618932346E-15,-9.7280776942472E-17));
#10034=DIRECTION('',(0.,0.121869343405145,-0.992546151641322));
#10035=DIRECTION('center_axis',(-1.,-1.09503201120836E-15,-1.34453024670841E-16));
#10036=DIRECTION('ref_axis',(-1.10325551048439E-15,0.992546151641323,0.121869343405143));
#10037=DIRECTION('',(-1.10325551048439E-15,0.992546151641322,0.121869343405147));
#10038=DIRECTION('',(0.,0.121869343405145,-0.992546151641322));
#10039=DIRECTION('center_axis',(1.10325551048439E-15,-0.992546151641322,
-0.121869343405145));
#10040=DIRECTION('ref_axis',(-1.,-1.10709047014478E-15,-3.62447577051282E-17));
#10041=DIRECTION('',(-1.,-1.09959618932346E-15,-9.7280776942472E-17));
#10042=DIRECTION('',(0.,0.121869343405145,-0.992546151641322));
#10043=DIRECTION('center_axis',(-1.,5.76657126942876E-14,7.08045921232103E-15));
#10044=DIRECTION('ref_axis',(5.80987721315817E-14,0.992546151641323,0.121869343405143));
#10045=DIRECTION('',(5.80987721315817E-14,0.992546151641322,0.121869343405147));
#10046=DIRECTION('',(0.,0.121869343405145,-0.992546151641322));
#10047=DIRECTION('center_axis',(-9.65928214113756E-15,-0.992546151641322,
-0.121869343405145));
#10048=DIRECTION('ref_axis',(-1.,9.24731900862334E-15,3.94595747127426E-15));
#10049=DIRECTION('',(-1.,9.58271913868873E-15,1.21434262003386E-15));
#10050=DIRECTION('',(0.,0.121869343405145,-0.992546151641322));
#10051=DIRECTION('center_axis',(1.,1.09503201120836E-15,1.34453024670841E-16));
#10052=DIRECTION('ref_axis',(1.10325551048439E-15,-0.992546151641323,-0.121869343405143));
#10053=DIRECTION('',(1.10325551048439E-15,-0.992546151641322,-0.121869343405147));
#10054=DIRECTION('',(0.,0.121869343405145,-0.992546151641322));
#10055=DIRECTION('center_axis',(2.16986971267192E-14,-0.992546151641322,
-0.121869343405145));
#10056=DIRECTION('ref_axis',(-1.,-2.17058888468741E-14,-1.26857730976799E-15));
#10057=DIRECTION('',(-1.,-2.15415225068709E-14,-2.60723372385205E-15));
#10058=DIRECTION('',(0.,0.121869343405145,-0.992546151641322));
#10059=DIRECTION('center_axis',(1.,1.68758880853947E-14,2.07209850841171E-15));
#10060=DIRECTION('ref_axis',(1.7002623059379E-14,-0.992546151641322,-0.121869343405147));
#10061=DIRECTION('',(1.7002623059379E-14,-0.992546151641322,-0.121869343405147));
#10062=DIRECTION('',(0.,0.121869343405145,-0.992546151641322));
#10063=DIRECTION('center_axis',(1.27438638944965E-14,-0.992546151641322,
-0.121869343405145));
#10064=DIRECTION('ref_axis',(-1.,-1.19516148741618E-14,-7.23179858545862E-15));
#10065=DIRECTION('',(-1.,-1.26534372436384E-14,-1.51591407753848E-15));
#10066=DIRECTION('',(0.,0.121869343405145,-0.992546151641322));
#10067=DIRECTION('center_axis',(-1.,-1.61034690819762E-14,-1.97725738024391E-15));
#10068=DIRECTION('ref_axis',(-1.62244033240638E-14,0.992546151641322,0.121869343405149));
#10069=DIRECTION('',(-1.62244033240638E-14,0.992546151641322,0.121869343405147));
#10070=DIRECTION('center_axis',(-4.2753212951277E-15,0.992546151641322,
0.121869343405147));
#10071=DIRECTION('ref_axis',(1.,4.22651883936468E-15,6.58953958665101E-16));
#10072=DIRECTION('',(0.,0.121869343405147,-0.992546151641322));
#10073=DIRECTION('',(1.,4.24801787662429E-15,4.83858351354883E-16));
#10074=DIRECTION('',(0.,0.121869343405147,-0.992546151641322));
#10075=DIRECTION('center_axis',(-1.,2.68323593932194E-15,3.29459946608534E-16));
#10076=DIRECTION('ref_axis',(2.70338657289115E-15,0.992546151641322,0.121869343405147));
#10077=DIRECTION('',(2.70338657289115E-15,0.992546151641322,0.121869343405147));
#10078=DIRECTION('',(0.,0.121869343405147,-0.992546151641322));
#10079=DIRECTION('center_axis',(3.64090813819903E-15,-0.992546151641322,
-0.121869343405147));
#10080=DIRECTION('ref_axis',(-1.,-3.57750562318388E-15,-7.39059528147658E-16));
#10081=DIRECTION('',(-1.,-3.61833353916412E-15,-4.065428364724E-16));
#10082=DIRECTION('',(0.,0.121869343405147,-0.992546151641322));
#10083=DIRECTION('center_axis',(1.,-1.64390638968403E-16,-2.01846324222832E-17));
#10084=DIRECTION('ref_axis',(-1.65625183974125E-16,-0.992546151641322,-0.121869343405147));
#10085=DIRECTION('',(-1.65625183974125E-16,-0.992546151641322,-0.121869343405147));
#10086=DIRECTION('center_axis',(1.65661440297987E-16,0.992546151641322,
0.121869343405147));
#10087=DIRECTION('ref_axis',(1.,-1.62033295833425E-16,-3.96811531566627E-17));
#10088=DIRECTION('',(0.,0.121869343405147,-0.992546151641322));
#10089=DIRECTION('',(1.,-1.59862446928024E-16,-5.73612986850369E-17));
#10090=DIRECTION('',(0.,0.121869343405147,-0.992546151641322));
#10091=DIRECTION('center_axis',(-1.,4.57236991458709E-15,5.61416432248222E-16));
#10092=DIRECTION('ref_axis',(4.60670761457892E-15,0.992546151641322,0.121869343405147));
#10093=DIRECTION('',(4.60670761457892E-15,0.992546151641322,0.121869343405147));
#10094=DIRECTION('',(0.,0.121869343405147,-0.992546151641322));
#10095=DIRECTION('center_axis',(-1.75180762877596E-15,-0.992546151641322,
-0.121869343405147));
#10096=DIRECTION('ref_axis',(-1.,1.75568685060122E-15,7.55514181596128E-17));
#10097=DIRECTION('',(-1.,1.73418574224238E-15,2.50663893219423E-16));
#10098=DIRECTION('',(0.,0.121869343405147,-0.992546151641322));
#10099=DIRECTION('center_axis',(1.,-5.20208123967546E-15,-6.38735260794784E-16));
#10100=DIRECTION('ref_axis',(-5.24114796180817E-15,-0.992546151641322,-0.121869343405146));
#10101=DIRECTION('',(-5.24114796180817E-15,-0.992546151641322,-0.121869343405147));
#10102=DIRECTION('center_axis',(1.43439711723025E-15,0.992546151641322,
0.121869343405145));
#10103=DIRECTION('ref_axis',(1.,-1.45996907649742E-15,1.20535409087802E-16));
#10104=DIRECTION('',(0.,0.121869343405145,-0.992546151641322));
#10105=DIRECTION('',(1.,-1.41914116051719E-15,-2.11981282587456E-16));
#10106=DIRECTION('',(0.,0.121869343405145,-0.992546151641322));
#10107=DIRECTION('center_axis',(-1.,-6.13275859721899E-15,-7.53008071483034E-16));
#10108=DIRECTION('ref_axis',(-6.17881454386536E-15,0.992546151641322,0.121869343405146));
#10109=DIRECTION('',(-6.17881454386535E-15,0.992546151641322,0.121869343405147));
#10110=DIRECTION('',(0.,0.121869343405145,-0.992546151641322));
#10111=DIRECTION('center_axis',(-1.43439711723025E-15,-0.992546151641322,
-0.121869343405145));
#10112=DIRECTION('ref_axis',(-1.,1.37298912225463E-15,5.87859470554882E-16));
#10113=DIRECTION('',(-1.,1.41914116051719E-15,2.11981282587456E-16));
#10114=DIRECTION('',(0.,0.121869343405145,-0.992546151641322));
#10115=DIRECTION('center_axis',(1.,6.13275859721899E-15,7.53008071483034E-16));
#10116=DIRECTION('ref_axis',(6.17881454386536E-15,-0.992546151641322,-0.121869343405146));
#10117=DIRECTION('',(6.17881454386535E-15,-0.992546151641322,-0.121869343405147));
#10118=DIRECTION('center_axis',(-1.10325551048439E-15,0.992546151641322,
0.121869343405145));
#10119=DIRECTION('ref_axis',(1.,1.10709047014478E-15,3.62447577051282E-17));
#10120=DIRECTION('',(0.,0.121869343405145,-0.992546151641322));
#10121=DIRECTION('',(1.,1.09959618932346E-15,9.7280776942472E-17));
#10122=DIRECTION('',(0.,0.121869343405145,-0.992546151641322));
#10123=DIRECTION('center_axis',(-1.,1.64399635294292E-16,2.0185737032207E-17));
#10124=DIRECTION('ref_axis',(1.65634247860851E-16,0.992546151641322,0.121869343405147));
#10125=DIRECTION('',(1.65634247860851E-16,0.992546151641322,0.121869343405147));
#10126=DIRECTION('',(0.,0.121869343405145,-0.992546151641322));
#10127=DIRECTION('center_axis',(1.10325551048439E-15,-0.992546151641322,
-0.121869343405145));
#10128=DIRECTION('ref_axis',(-1.,-1.07809508096462E-15,-2.72393252002282E-16));
#10129=DIRECTION('',(-1.,-1.09959618932346E-15,-9.7280776942472E-17));
#10130=DIRECTION('',(0.,0.121869343405145,-0.992546151641322));
#10131=DIRECTION('center_axis',(1.,-1.64399635294292E-16,-2.0185737032207E-17));
#10132=DIRECTION('ref_axis',(-1.65634247860851E-16,-0.992546151641322,-0.121869343405147));
#10133=DIRECTION('',(-1.65634247860851E-16,-0.992546151641322,-0.121869343405147));
#10134=DIRECTION('center_axis',(8.0011991568917E-16,0.992546151641322,0.121869343405147));
#10135=DIRECTION('ref_axis',(1.,-7.72432354505726E-16,-2.74434520501852E-16));
#10136=DIRECTION('',(0.,0.121869343405147,-0.992546151641322));
#10137=DIRECTION('',(1.,-7.89591765053763E-16,-1.34682336498791E-16));
#10138=DIRECTION('',(0.,0.121869343405147,-0.992546151641322));
#10139=DIRECTION('center_axis',(-1.,1.64385241234561E-16,2.01839696639035E-17));
#10140=DIRECTION('ref_axis',(1.65619745704244E-16,0.992546151641322,0.121869343405146));
#10141=DIRECTION('',(1.65619745704244E-16,0.992546151641322,0.121869343405147));
#10142=DIRECTION('',(0.,0.121869343405147,-0.992546151641322));
#10143=DIRECTION('center_axis',(-1.11734915338476E-15,-0.992546151641322,
-0.121869343405147));
#10144=DIRECTION('ref_axis',(-1.,1.00997597575484E-15,9.42824357534472E-16));
#10145=DIRECTION('',(-1.,1.10445642411663E-15,1.73342855405668E-16));
#10146=DIRECTION('',(0.,0.121869343405147,-0.992546151641322));
#10147=DIRECTION('center_axis',(1.,-1.64385241234561E-16,-2.01839696639035E-17));
#10148=DIRECTION('ref_axis',(-1.65619745704243E-16,-0.992546151641322,-0.121869343405147));
#10149=DIRECTION('',(-1.65619745704243E-16,-0.992546151641322,-0.121869343405147));
#10150=DIRECTION('center_axis',(-1.10325551048439E-15,0.992546151641322,
0.121869343405145));
#10151=DIRECTION('ref_axis',(1.,1.18441150795854E-15,-5.93484560420617E-16));
#10152=DIRECTION('',(0.,0.121869343405145,-0.992546151641322));
#10153=DIRECTION('',(1.,1.09959618932346E-15,9.72807769424721E-17));
#10154=DIRECTION('',(0.,0.121869343405145,-0.992546151641322));
#10155=DIRECTION('center_axis',(-1.,1.42383128179694E-15,1.74824498735254E-16));
#10156=DIRECTION('ref_axis',(1.43452400620608E-15,0.992546151641322,0.121869343405146));
#10157=DIRECTION('',(1.43452400620608E-15,0.992546151641322,0.121869343405147));
#10158=DIRECTION('',(0.,0.121869343405145,-0.992546151641322));
#10159=DIRECTION('center_axis',(1.10325551048439E-15,-0.992546151641322,
-0.121869343405145));
#10160=DIRECTION('ref_axis',(-1.,-1.15541611877838E-15,3.57336066123463E-16));
#10161=DIRECTION('',(-1.,-1.09959618932346E-15,-9.7280776942472E-17));
#10162=DIRECTION('',(0.,0.121869343405145,-0.992546151641322));
#10163=DIRECTION('center_axis',(1.,-1.42383128179694E-15,-1.74824498735254E-16));
#10164=DIRECTION('ref_axis',(-1.43452400620608E-15,-0.992546151641322,-0.121869343405146));
#10165=DIRECTION('',(-1.43452400620608E-15,-0.992546151641322,-0.121869343405147));
#10166=DIRECTION('center_axis',(-1.73766866741305E-15,0.992546151641322,
0.121869343405145));
#10167=DIRECTION('ref_axis',(1.,1.6884526108034E-15,5.07112983500214E-16));
#10168=DIRECTION('',(0.,0.121869343405145,-0.992546151641322));
#10169=DIRECTION('',(1.,1.72928052678363E-15,1.74596291824954E-16));
#10170=DIRECTION('',(0.,0.121869343405145,-0.992546151641322));
#10171=DIRECTION('center_axis',(-1.,-1.09503201120836E-15,-1.34453024670841E-16));
#10172=DIRECTION('ref_axis',(-1.10325551048439E-15,0.992546151641322,0.121869343405146));
#10173=DIRECTION('',(-1.10325551048439E-15,0.992546151641322,0.121869343405147));
#10174=DIRECTION('',(0.,0.121869343405145,-0.992546151641322));
#10175=DIRECTION('center_axis',(1.73766866741305E-15,-0.992546151641322,
-0.121869343405145));
#10176=DIRECTION('ref_axis',(-1.,-1.70778148952401E-15,-3.49691899135172E-16));
#10177=DIRECTION('',(-1.,-1.72928052678363E-15,-1.74596291824954E-16));
#10178=DIRECTION('',(0.,0.121869343405145,-0.992546151641322));
#10179=DIRECTION('center_axis',(1.,3.61389530421367E-15,4.43730548076937E-16));
#10180=DIRECTION('ref_axis',(3.64103502717487E-15,-0.992546151641322,-0.121869343405146));
#10181=DIRECTION('',(3.64103502717487E-15,-0.992546151641322,-0.121869343405147));
#10182=DIRECTION('center_axis',(2.0688102741589E-15,0.992546151641322,0.121869343405147));
#10183=DIRECTION('ref_axis',(1.,-2.03166677779571E-15,-4.290433588898E-16));
#10184=DIRECTION('',(0.,0.121869343405147,-0.992546151641322));
#10185=DIRECTION('',(1.,-2.04882549797734E-15,-2.89296797469936E-16));
#10186=DIRECTION('',(0.,0.121869343405147,-0.992546151641322));
#10187=DIRECTION('center_axis',(-1.,-1.09503201120836E-15,-1.34453024670842E-16));
#10188=DIRECTION('ref_axis',(-1.10325551048439E-15,0.992546151641322,0.121869343405146));
#10189=DIRECTION('',(-1.10325551048439E-15,0.992546151641322,0.121869343405147));
#10190=DIRECTION('',(0.,0.121869343405147,-0.992546151641322));
#10191=DIRECTION('center_axis',(-7.99983960301587E-16,-0.992546151641322,
-0.121869343405147));
#10192=DIRECTION('ref_axis',(-1.,7.72298102875394E-16,2.74412329124838E-16));
#10193=DIRECTION('',(-1.,7.89456823057022E-16,1.34665767704974E-16));
#10194=DIRECTION('',(0.,0.121869343405147,-0.992546151641322));
#10195=DIRECTION('center_axis',(1.,-1.42381328914517E-15,-1.74822289515408E-16));
#10196=DIRECTION('ref_axis',(-1.43450587843264E-15,-0.992546151641322,-0.121869343405146));
#10197=DIRECTION('',(-1.43450587843263E-15,-0.992546151641322,-0.121869343405147));
#10198=DIRECTION('center_axis',(1.4345240062061E-15,0.992546151641322,0.121869343405145));
#10199=DIRECTION('ref_axis',(1.,-1.4504325132863E-15,4.18251459246929E-17));
#10200=DIRECTION('',(0.,0.121869343405145,-0.992546151641322));
#10201=DIRECTION('',(1.,-1.41926710368186E-15,-2.11996746463628E-16));
#10202=DIRECTION('',(0.,0.121869343405145,-0.992546151641322));
#10203=DIRECTION('center_axis',(-1.,3.94269457480226E-15,4.84102022141352E-16));
#10204=DIRECTION('ref_axis',(3.97230352289657E-15,0.992546151641322,0.121869343405146));
#10205=DIRECTION('',(3.97230352289657E-15,0.992546151641322,0.121869343405147));
#10206=DIRECTION('',(0.,0.121869343405145,-0.992546151641322));
#10207=DIRECTION('center_axis',(-1.43452400620609E-15,-0.992546151641322,
-0.121869343405145));
#10208=DIRECTION('ref_axis',(-1.,1.32478851940256E-15,9.81463066858715E-16));
#10209=DIRECTION('',(-1.,1.41926710368185E-15,2.11996746463627E-16));
#10210=DIRECTION('',(0.,0.121869343405145,-0.992546151641322));
#10211=DIRECTION('center_axis',(1.,-1.42383128179695E-15,-1.74824498735255E-16));
#10212=DIRECTION('ref_axis',(-1.43452400620609E-15,-0.992546151641322,-0.121869343405147));
#10213=DIRECTION('',(-1.43452400620609E-15,-0.992546151641322,-0.121869343405147));
#10214=DIRECTION('center_axis',(-3.00659014800224E-15,0.992546151641322,
0.121869343405145));
#10215=DIRECTION('ref_axis',(1.,3.0059028625052E-15,1.89488422353286E-16));
#10216=DIRECTION('',(0.,0.121869343405145,-0.992546151641322));
#10217=DIRECTION('',(1.,2.98874365907744E-15,3.29238919497045E-16));
#10218=DIRECTION('',(0.,0.121869343405145,-0.992546151641322));
#10219=DIRECTION('center_axis',(-1.,-3.61389530421368E-15,-4.43730548076937E-16));
#10220=DIRECTION('ref_axis',(-3.64103502717487E-15,0.992546151641322,0.121869343405146));
#10221=DIRECTION('',(-3.64103502717487E-15,0.992546151641322,0.121869343405147));
#10222=DIRECTION('',(0.,0.121869343405145,-0.992546151641322));
#10223=DIRECTION('center_axis',(2.37214526882963E-15,-0.992546151641322,
-0.121869343405145));
#10224=DIRECTION('ref_axis',(-1.,-2.31819750361523E-15,-5.84455908940256E-16));
#10225=DIRECTION('',(-1.,-2.35902783582612E-15,-2.51919538645521E-16));
#10226=DIRECTION('',(0.,0.121869343405145,-0.992546151641322));
#10227=DIRECTION('center_axis',(1.,1.09503201120836E-15,1.34453024670841E-16));
#10228=DIRECTION('ref_axis',(1.10325551048439E-15,-0.992546151641322,-0.121869343405146));
#10229=DIRECTION('',(1.10325551048439E-15,-0.992546151641322,-0.121869343405147));
#10230=DIRECTION('center_axis',(-1.10325551048439E-15,0.992546151641322,
0.121869343405147));
#10231=DIRECTION('ref_axis',(1.,1.1360852379641E-15,-1.9989867601412E-16));
#10232=DIRECTION('',(0.,0.121869343405147,-0.992546151641322));
#10233=DIRECTION('',(1.,1.09959618932346E-15,9.7280776942472E-17));
#10234=DIRECTION('',(0.,0.121869343405147,-0.992546151641322));
#10235=DIRECTION('center_axis',(-1.,1.42381328914517E-15,1.74822289515408E-16));
#10236=DIRECTION('ref_axis',(1.43450587843264E-15,0.992546151641322,0.121869343405146));
#10237=DIRECTION('',(1.43450587843264E-15,0.992546151641322,0.121869343405147));
#10238=DIRECTION('',(0.,0.121869343405147,-0.992546151641322));
#10239=DIRECTION('center_axis',(1.73770038965701E-15,-0.992546151641322,
-0.121869343405147));
#10240=DIRECTION('ref_axis',(-1.,-1.65948691254458E-15,-7.43279961807979E-16));
#10241=DIRECTION('',(-1.,-1.72931201257479E-15,-1.74600157793997E-16));
#10242=DIRECTION('',(0.,0.121869343405147,-0.992546151641322));
#10243=DIRECTION('center_axis',(1.,1.09503201120836E-15,1.34453024670842E-16));
#10244=DIRECTION('ref_axis',(1.10325551048439E-15,-0.992546151641322,-0.121869343405146));
#10245=DIRECTION('',(1.10325551048439E-15,-0.992546151641322,-0.121869343405147));
#10246=DIRECTION('center_axis',(3.64099877188694E-15,-0.992546151641322,
-0.121869343405145));
#10247=DIRECTION('ref_axis',(-1.,-3.59692342451003E-15,-5.81657922824231E-16));
#10248=DIRECTION('',(0.,0.121869343405145,-0.992546151641322));
#10249=DIRECTION('',(-1.,-3.61842349728227E-15,-4.06553881940437E-16));
#10250=DIRECTION('',(0.,0.121869343405145,-0.992546151641322));
#10251=DIRECTION('center_axis',(1.,8.59909085178837E-15,1.055835594401E-15));
#10252=DIRECTION('ref_axis',(8.66366852319008E-15,-0.992546151641322,-0.121869343405146));
#10253=DIRECTION('',(8.66366852319008E-15,-0.992546151641322,-0.121869343405147));
#10254=DIRECTION('',(0.,0.121869343405145,-0.992546151641322));
#10255=DIRECTION('center_axis',(1.10325551048439E-15,-0.992546151641322,
-0.121869343405145));
#10256=DIRECTION('ref_axis',(-1.,-1.10709047014478E-15,-3.62447577051282E-17));
#10257=DIRECTION('',(-1.,-1.09959618932346E-15,-9.7280776942472E-17));
#10258=DIRECTION('',(0.,0.121869343405145,-0.992546151641322));
#10259=DIRECTION('center_axis',(-1.,-1.09503201120836E-15,-1.34453024670841E-16));
#10260=DIRECTION('ref_axis',(-1.10325551048439E-15,0.992546151641323,0.121869343405144));
#10261=DIRECTION('',(-1.10325551048439E-15,0.992546151641322,0.121869343405147));
#10262=DIRECTION('',(0.,0.121869343405145,-0.992546151641322));
#10263=DIRECTION('center_axis',(-1.17771090654792E-14,-0.992546151641322,
-0.121869343405145));
#10264=DIRECTION('ref_axis',(-1.,1.07354328772501E-14,9.20409059095236E-15));
#10265=DIRECTION('',(-1.,1.16847601022864E-14,1.47244079674912E-15));
#10266=DIRECTION('',(0.,0.121869343405145,-0.992546151641322));
#10267=DIRECTION('center_axis',(-1.,-3.04729566115331E-14,-3.74160859696029E-15));
#10268=DIRECTION('ref_axis',(-3.07018031969008E-14,0.992546151641323,0.121869343405141));
#10269=DIRECTION('',(-3.07018031969008E-14,0.992546151641322,0.121869343405147));
#10270=DIRECTION('',(0.,0.121869343405145,-0.992546151641322));
#10271=DIRECTION('center_axis',(-2.4230626945158E-16,-0.992546151641322,
-0.121869343405145));
#10272=DIRECTION('ref_axis',(-1.,2.28441696326311E-16,1.27737972926729E-16));
#10273=DIRECTION('',(-1.,2.35935977147629E-16,6.67019536893849E-17));
#10274=DIRECTION('',(0.,0.121869343405145,-0.992546151641322));
#10275=DIRECTION('center_axis',(1.,1.09503201120836E-15,1.34453024670841E-16));
#10276=DIRECTION('ref_axis',(1.10325551048439E-15,-0.992546151641322,-0.121869343405145));
#10277=DIRECTION('',(1.10325551048439E-15,-0.992546151641322,-0.121869343405147));
#10278=DIRECTION('',(0.,0.121869343405145,-0.992546151641322));
#10279=DIRECTION('center_axis',(-1.47087624148672E-15,-0.992546151641322,
-0.121869343405145));
#10280=DIRECTION('ref_axis',(-1.,1.13414634764082E-15,2.8324075529826E-15));
#10281=DIRECTION('',(-1.,1.4553483749132E-15,2.16426969508587E-16));
#10282=DIRECTION('',(0.,0.121869343405145,-0.992546151641322));
#10283=DIRECTION('center_axis',(1.,1.09503201120836E-15,1.34453024670841E-16));
#10284=DIRECTION('ref_axis',(1.10325551048439E-15,-0.992546151641322,-0.121869343405148));
#10285=DIRECTION('',(1.10325551048439E-15,-0.992546151641322,-0.121869343405147));
#10286=DIRECTION('',(0.,0.121869343405145,-0.992546151641322));
#10287=DIRECTION('center_axis',(5.48996467703337E-14,-0.992546151641322,
-0.121869343405145));
#10288=DIRECTION('ref_axis',(-1.,-5.45024915872991E-14,-6.59237563810933E-15));
#10289=DIRECTION('',(-1.,-5.44949973064777E-14,-6.65341165734668E-15));
#10290=DIRECTION('',(0.,0.121869343405145,-0.992546151641322));
#10291=DIRECTION('center_axis',(1.,1.09503201120836E-15,1.34453024670841E-16));
#10292=DIRECTION('ref_axis',(1.10325551048439E-15,-0.992546151641323,-0.121869343405142));
#10293=DIRECTION('',(1.10325551048439E-15,-0.992546151641322,-0.121869343405147));
#10294=DIRECTION('',(0.,0.121869343405145,-0.992546151641322));
#10295=DIRECTION('center_axis',(-1.10325551048439E-15,0.992546151641322,
0.121869343405145));
#10296=DIRECTION('ref_axis',(1.,1.76270355818523E-15,-5.30329535401053E-15));
#10297=DIRECTION('',(1.,1.09959618932347E-15,9.72807769424727E-17));
#10298=DIRECTION('',(0.,0.121869343405145,-0.992546151641322));
#10299=DIRECTION('center_axis',(1.,1.20114839020416E-14,1.47482477670446E-15));
#10300=DIRECTION('ref_axis',(1.21016880496477E-14,-0.992546151641322,-0.121869343405146));
#10301=DIRECTION('',(1.21016880496477E-14,-0.992546151641322,-0.121869343405147));
#10302=DIRECTION('',(0.,0.121869343405145,-0.992546151641322));
#10303=DIRECTION('center_axis',(5.47633127150043E-15,0.992546151641322,
0.121869343405145));
#10304=DIRECTION('ref_axis',(1.,-5.38336057365448E-15,-1.092132340285E-15));
#10305=DIRECTION('',(1.,-5.43094735052568E-15,-7.045691440552E-16));
#10306=DIRECTION('',(0.,0.121869343405145,-0.992546151641322));
#10307=DIRECTION('center_axis',(-1.,9.82141987962473E-15,1.20591872736276E-15));
#10308=DIRECTION('ref_axis',(9.89517702867878E-15,0.992546151641322,0.121869343405148));
#10309=DIRECTION('',(9.89517702867878E-15,0.992546151641322,0.121869343405147));
#10310=DIRECTION('',(0.,0.121869343405145,-0.992546151641322));
#10311=DIRECTION('center_axis',(-1.10325551048439E-15,0.992546151641322,
0.121869343405145));
#10312=DIRECTION('ref_axis',(1.,1.4618650385993E-15,-2.85316223162369E-15));
#10313=DIRECTION('',(1.,1.09959618932347E-15,9.72807769424724E-17));
#10314=DIRECTION('',(0.,0.121869343405145,-0.992546151641322));
#10315=DIRECTION('center_axis',(1.,1.09503201120836E-15,1.34453024670841E-16));
#10316=DIRECTION('ref_axis',(1.10325551048439E-15,-0.992546151641322,-0.121869343405146));
#10317=DIRECTION('',(1.10325551048439E-15,-0.992546151641322,-0.121869343405147));
#10318=DIRECTION('',(0.,0.121869343405145,-0.992546151641322));
#10319=DIRECTION('center_axis',(-3.64099877188694E-15,0.992546151641322,
0.121869343405145));
#10320=DIRECTION('ref_axis',(1.,3.60658820904121E-15,5.02944569450518E-16));
#10321=DIRECTION('',(1.,3.61842349728227E-15,4.06553881940437E-16));
#10322=DIRECTION('',(0.,0.121869343405145,-0.992546151641322));
#10323=DIRECTION('center_axis',(-1.,-1.09503201120836E-15,-1.34453024670841E-16));
#10324=DIRECTION('ref_axis',(-1.10325551048439E-15,0.992546151641322,0.121869343405146));
#10325=DIRECTION('',(-1.10325551048439E-15,0.992546151641322,0.121869343405147));
#10326=DIRECTION('',(0.,0.121869343405145,-0.992546151641322));
#10327=DIRECTION('center_axis',(2.21855919415011E-14,0.992546151641322,
0.121869343405145));
#10328=DIRECTION('ref_axis',(1.,-2.13873099496898E-14,-7.85841402125627E-15));
#10329=DIRECTION('',(1.,-2.20156597253065E-14,-2.74091577069362E-15));
#10330=DIRECTION('',(0.,0.121869343405145,-0.992546151641322));
#10331=DIRECTION('center_axis',(1.,1.09503201120836E-15,1.34453024670841E-16));
#10332=DIRECTION('ref_axis',(1.10325551048439E-15,-0.992546151641322,-0.121869343405145));
#10333=DIRECTION('',(1.10325551048439E-15,-0.992546151641322,-0.121869343405147));
#10334=DIRECTION('',(0.,0.121869343405145,-0.992546151641322));
#10335=DIRECTION('center_axis',(-2.41915337065407E-15,0.992546151641322,
0.121869343405145));
#10336=DIRECTION('ref_axis',(1.,2.41317982720925E-15,1.96612365912244E-16));
#10337=DIRECTION('',(1.,2.40568554638793E-15,2.57648385149588E-16));
#10338=DIRECTION('',(0.,0.121869343405145,-0.992546151641322));
#10339=DIRECTION('center_axis',(-1.,-1.09503201120836E-15,-1.34453024670841E-16));
#10340=DIRECTION('ref_axis',(-1.10325551048439E-15,0.992546151641322,0.121869343405146));
#10341=DIRECTION('',(-1.10325551048439E-15,0.992546151641322,0.121869343405147));
#10342=DIRECTION('',(0.,0.121869343405145,-0.992546151641322));
#10343=DIRECTION('center_axis',(-1.10325551048439E-15,0.992546151641322,
0.121869343405145));
#10344=DIRECTION('ref_axis',(1.,1.10709047014478E-15,3.62447577051282E-17));
#10345=DIRECTION('',(1.,1.09959618932346E-15,9.7280776942472E-17));
#10346=DIRECTION('',(0.,0.121869343405145,-0.992546151641322));
#10347=DIRECTION('center_axis',(-1.,-1.09503201120836E-15,-1.34453024670841E-16));
#10348=DIRECTION('ref_axis',(-1.10325551048439E-15,0.992546151641322,0.121869343405145));
#10349=DIRECTION('',(-1.10325551048439E-15,0.992546151641322,0.121869343405147));
#10350=DIRECTION('',(0.,0.121869343405145,-0.992546151641322));
#10351=DIRECTION('center_axis',(1.10325551048439E-15,-0.992546151641322,
-0.121869343405145));
#10352=DIRECTION('ref_axis',(-1.,-1.10709047014478E-15,-3.62447577051282E-17));
#10353=DIRECTION('',(-1.,-1.09959618932346E-15,-9.7280776942472E-17));
#10354=DIRECTION('',(0.,0.121869343405145,-0.992546151641322));
#10355=DIRECTION('center_axis',(-1.,-1.09503201120836E-15,-1.34453024670841E-16));
#10356=DIRECTION('ref_axis',(-1.10325551048439E-15,0.992546151641322,0.121869343405147));
#10357=DIRECTION('',(-1.10325551048439E-15,0.992546151641322,0.121869343405147));
#10358=DIRECTION('',(0.,0.121869343405145,-0.992546151641322));
#10359=DIRECTION('center_axis',(6.25125045452359E-15,-0.992546151641322,
-0.121869343405145));
#10360=DIRECTION('ref_axis',(-1.,-6.13829019505949E-15,-1.30233034268509E-15));
#10361=DIRECTION('',(-1.,-6.20921875969856E-15,-7.24663540625544E-16));
#10362=DIRECTION('',(0.,0.121869343405145,-0.992546151641322));
#10363=DIRECTION('center_axis',(-1.,-1.09503201120836E-15,-1.34453024670841E-16));
#10364=DIRECTION('ref_axis',(-1.10325551048439E-15,0.992546151641323,0.121869343405142));
#10365=DIRECTION('',(-1.10325551048439E-15,0.992546151641322,0.121869343405147));
#10366=DIRECTION('',(0.,0.121869343405145,-0.992546151641322));
#10367=DIRECTION('center_axis',(2.44938422743297E-15,-0.992546151641322,
-0.121869343405145));
#10368=DIRECTION('ref_axis',(-1.,-2.3611594363293E-15,-8.68344019389056E-16));
#10369=DIRECTION('',(-1.,-2.43569106694465E-15,-2.61332599815808E-16));
#10370=DIRECTION('',(0.,0.121869343405145,-0.992546151641322));
#10371=DIRECTION('center_axis',(1.,5.98508812118576E-14,7.34876416924972E-15));
#10372=DIRECTION('ref_axis',(6.03003508833169E-14,-0.992546151641323,-0.121869343405141));
#10373=DIRECTION('',(6.03003508833169E-14,-0.992546151641322,-0.121869343405147));
#10374=DIRECTION('',(0.,0.121869343405145,-0.992546151641322));
#10375=DIRECTION('center_axis',(-6.61869214818468E-15,-0.992546151641322,
-0.121869343405145));
#10376=DIRECTION('ref_axis',(-1.,6.7141437434714E-15,-3.72574305365503E-16));
#10377=DIRECTION('',(-1.,6.56479324246423E-15,8.43787914028436E-16));
#10378=DIRECTION('',(0.,0.121869343405145,-0.992546151641322));
#10379=DIRECTION('center_axis',(1.,1.09503201120836E-15,1.34453024670841E-16));
#10380=DIRECTION('ref_axis',(1.10325551048439E-15,-0.992546151641322,-0.121869343405145));
#10381=DIRECTION('',(1.10325551048439E-15,-0.992546151641322,-0.121869343405147));
#10382=DIRECTION('',(0.,0.121869343405145,-0.992546151641322));
#10383=DIRECTION('center_axis',(-2.21855919415011E-14,-0.992546151641322,
-0.121869343405145));
#10384=DIRECTION('ref_axis',(-1.,2.16533908760307E-14,5.69135877925971E-15));
#10385=DIRECTION('',(-1.,2.20156597253065E-14,2.74091577069362E-15));
#10386=DIRECTION('',(0.,0.121869343405145,-0.992546151641322));
#10387=DIRECTION('center_axis',(-1.,-1.09503201120836E-15,-1.34453024670841E-16));
#10388=DIRECTION('ref_axis',(-1.10325551048439E-15,0.992546151641322,0.121869343405146));
#10389=DIRECTION('',(-1.10325551048439E-15,0.992546151641322,0.121869343405147));
#10390=DIRECTION('center_axis',(-3.64099152095365E-15,0.992546151641322,
0.121869343405145));
#10391=DIRECTION('ref_axis',(1.,3.68389912271731E-15,-1.2676179178955E-16));
#10392=DIRECTION('',(0.,0.121869343405145,-0.992546151641322));
#10393=DIRECTION('',(1.,3.61841630039633E-15,4.06552998273958E-16));
#10394=DIRECTION('',(0.,0.121869343405145,-0.992546151641322));
#10395=DIRECTION('center_axis',(-1.,-1.09503201120836E-15,-1.34453024670841E-16));
#10396=DIRECTION('ref_axis',(-1.10325551048439E-15,0.992546151641322,0.121869343405147));
#10397=DIRECTION('',(-1.10325551048439E-15,0.992546151641322,0.121869343405147));
#10398=DIRECTION('',(0.,0.121869343405145,-0.992546151641322));
#10399=DIRECTION('center_axis',(1.10325551048439E-15,-0.992546151641322,
-0.121869343405145));
#10400=DIRECTION('ref_axis',(-1.,-1.07809619939496E-15,-2.7238414311821E-16));
#10401=DIRECTION('',(-1.,-1.09959618932346E-15,-9.7280776942472E-17));
#10402=DIRECTION('',(0.,0.121869343405145,-0.992546151641322));
#10403=DIRECTION('center_axis',(1.,-1.42383128179694E-15,-1.74824498735254E-16));
#10404=DIRECTION('ref_axis',(-1.43452400620608E-15,-0.992546151641322,-0.121869343405146));
#10405=DIRECTION('',(-1.43452400620608E-15,-0.992546151641322,-0.121869343405147));
#10406=DIRECTION('center_axis',(1.11706366338456E-15,0.992546151641322,
0.121869343405147));
#10407=DIRECTION('ref_axis',(1.,-1.12567044270885E-15,1.77405191861877E-18));
#10408=DIRECTION('',(0.,0.121869343405147,-0.992546151641322));
#10409=DIRECTION('',(1.,-1.1041730621156E-15,-1.73308062926795E-16));
#10410=DIRECTION('',(0.,0.121869343405147,-0.992546151641322));
#10411=DIRECTION('center_axis',(-1.,-1.09503201120836E-15,-1.34453024670842E-16));
#10412=DIRECTION('ref_axis',(-1.10325551048439E-15,0.992546151641322,0.121869343405146));
#10413=DIRECTION('',(-1.10325551048439E-15,0.992546151641322,0.121869343405147));
#10414=DIRECTION('',(0.,0.121869343405147,-0.992546151641322));
#10415=DIRECTION('center_axis',(-9.58469436679632E-16,-0.992546151641322,
-0.121869343405147));
#10416=DIRECTION('ref_axis',(-1.,9.29602804767586E-16,2.93722352582014E-16));
#10417=DIRECTION('',(-1.,9.46760972727093E-16,1.53980288650418E-16));
#10418=DIRECTION('',(0.,0.121869343405147,-0.992546151641322));
#10419=DIRECTION('center_axis',(1.,3.61386651609421E-15,4.43727013340333E-16));
#10420=DIRECTION('ref_axis',(3.64100602286165E-15,-0.992546151641322,-0.121869343405147));
#10421=DIRECTION('',(3.64100602286165E-15,-0.992546151641322,-0.121869343405147));
#10422=DIRECTION('center_axis',(-1.10325551048439E-15,0.992546151641322,
0.121869343405145));
#10423=DIRECTION('ref_axis',(1.,1.06843077971902E-15,3.51102669330792E-16));
#10424=DIRECTION('',(0.,0.121869343405145,-0.992546151641322));
#10425=DIRECTION('',(1.,1.09959618932346E-15,9.72807769424719E-17));
#10426=DIRECTION('',(0.,0.121869343405145,-0.992546151641322));
#10427=DIRECTION('center_axis',(-1.,1.42383128179694E-15,1.74824498735254E-16));
#10428=DIRECTION('ref_axis',(1.43452400620608E-15,0.992546151641322,0.121869343405147));
#10429=DIRECTION('',(1.43452400620608E-15,0.992546151641322,0.121869343405147));
#10430=DIRECTION('',(0.,0.121869343405145,-0.992546151641322));
#10431=DIRECTION('center_axis',(1.10325551048439E-15,-0.992546151641322,
-0.121869343405145));
#10432=DIRECTION('ref_axis',(-1.,-1.06843077971902E-15,-3.51102669330792E-16));
#10433=DIRECTION('',(-1.,-1.09959618932346E-15,-9.72807769424719E-17));
#10434=DIRECTION('',(0.,0.121869343405145,-0.992546151641322));
#10435=DIRECTION('center_axis',(1.,-1.42383128179694E-15,-1.74824498735254E-16));
#10436=DIRECTION('ref_axis',(-1.43452400620608E-15,-0.992546151641322,-0.121869343405147));
#10437=DIRECTION('',(-1.43452400620608E-15,-0.992546151641322,-0.121869343405147));
#10438=DIRECTION('center_axis',(-1.73770038965701E-15,0.992546151641322,
0.121869343405147));
#10439=DIRECTION('ref_axis',(1.,1.75613613860899E-15,-4.38648172561788E-17));
#10440=DIRECTION('',(0.,0.121869343405147,-0.992546151641322));
#10441=DIRECTION('',(1.,1.72931201257479E-15,1.74600157793997E-16));
#10442=DIRECTION('',(0.,0.121869343405147,-0.992546151641322));
#10443=DIRECTION('center_axis',(-1.,1.42381328914517E-15,1.74822289515408E-16));
#10444=DIRECTION('ref_axis',(1.43450587843264E-15,0.992546151641322,0.121869343405146));
#10445=DIRECTION('',(1.43450587843264E-15,0.992546151641322,0.121869343405147));
#10446=DIRECTION('',(0.,0.121869343405147,-0.992546151641322));
#10447=DIRECTION('center_axis',(1.4204779500707E-15,-0.992546151641322,
-0.121869343405147));
#10448=DIRECTION('ref_axis',(-1.,-1.47993791740909E-15,3.97382419307603E-16));
#10449=DIRECTION('',(-1.,-1.41445410094913E-15,-1.35940467368234E-16));
#10450=DIRECTION('',(0.,0.121869343405147,-0.992546151641322));
#10451=DIRECTION('center_axis',(1.,1.09503201120836E-15,1.34453024670842E-16));
#10452=DIRECTION('ref_axis',(1.10325551048439E-15,-0.992546151641322,-0.121869343405147));
#10453=DIRECTION('',(1.10325551048439E-15,-0.992546151641322,-0.121869343405147));
#10454=DIRECTION('center_axis',(8.0001114982531E-16,0.992546151641322,0.121869343405145));
#10455=DIRECTION('ref_axis',(1.,-8.59306148498456E-16,4.33988232567486E-16));
#10456=DIRECTION('',(0.,0.121869343405145,-0.992546151641322));
#10457=DIRECTION('',(1.,-7.89483809914158E-16,-1.34669081274377E-16));
#10458=DIRECTION('',(0.,0.121869343405145,-0.992546151641322));
#10459=DIRECTION('center_axis',(-1.,-6.13275859721898E-15,-7.53008071483033E-16));
#10460=DIRECTION('ref_axis',(-6.17881454386535E-15,0.992546151641322,0.121869343405146));
#10461=DIRECTION('',(-6.17881454386535E-15,0.992546151641322,0.121869343405147));
#10462=DIRECTION('',(0.,0.121869343405145,-0.992546151641322));
#10463=DIRECTION('center_axis',(-1.43443336992855E-15,-0.992546151641322,
-0.121869343405145));
#10464=DIRECTION('ref_axis',(-1.,1.41168286217205E-15,2.73021719917338E-16));
#10465=DIRECTION('',(-1.,1.41917714299337E-15,2.11985700679994E-16));
#10466=DIRECTION('',(0.,0.121869343405145,-0.992546151641322));
#10467=DIRECTION('center_axis',(1.,3.61389530421367E-15,4.43730548076937E-16));
#10468=DIRECTION('ref_axis',(3.64103502717487E-15,-0.992546151641322,-0.121869343405146));
#10469=DIRECTION('',(3.64103502717487E-15,-0.992546151641322,-0.121869343405147));
#10470=DIRECTION('center_axis',(-1.10325551048439E-15,0.992546151641322,
0.121869343405145));
#10471=DIRECTION('ref_axis',(1.,1.12642072959822E-15,-1.21187571826308E-16));
#10472=DIRECTION('',(0.,0.121869343405145,-0.992546151641322));
#10473=DIRECTION('',(1.,1.09959618932346E-15,9.7280776942472E-17));
#10474=DIRECTION('',(0.,0.121869343405145,-0.992546151641322));
#10475=DIRECTION('center_axis',(-1.,3.94269457480225E-15,4.8410202214135E-16));
#10476=DIRECTION('ref_axis',(3.97230352289656E-15,0.992546151641322,0.121869343405146));
#10477=DIRECTION('',(3.97230352289656E-15,0.992546151641322,0.121869343405147));
#10478=DIRECTION('',(0.,0.121869343405145,-0.992546151641322));
#10479=DIRECTION('center_axis',(1.73771398587558E-15,-0.992546151641322,
-0.121869343405145));
#10480=DIRECTION('ref_axis',(-1.,-1.78514543690412E-15,2.80015028309708E-16));
#10481=DIRECTION('',(-1.,-1.72932550744921E-15,-1.74601814756227E-16));
#10482=DIRECTION('',(0.,0.121869343405145,-0.992546151641322));
#10483=DIRECTION('center_axis',(1.,-3.94269457480225E-15,-4.8410202214135E-16));
#10484=DIRECTION('ref_axis',(-3.97230352289656E-15,-0.992546151641322,-0.121869343405147));
#10485=DIRECTION('',(-3.97230352289656E-15,-0.992546151641322,-0.121869343405147));
#10486=DIRECTION('center_axis',(1.43439711723025E-15,0.992546151641322,
0.121869343405147));
#10487=DIRECTION('ref_axis',(1.,-1.45030463713711E-15,4.18248669052819E-17));
#10488=DIRECTION('',(0.,0.121869343405147,-0.992546151641322));
#10489=DIRECTION('',(1.,-1.41914116051719E-15,-2.11981282587456E-16));
#10490=DIRECTION('',(0.,0.121869343405147,-0.992546151641322));
#10491=DIRECTION('center_axis',(-1.,-1.09503201120836E-15,-1.34453024670842E-16));
#10492=DIRECTION('ref_axis',(-1.10325551048439E-15,0.992546151641322,0.121869343405147));
#10493=DIRECTION('',(-1.10325551048439E-15,0.992546151641322,0.121869343405147));
#10494=DIRECTION('',(0.,0.121869343405147,-0.992546151641322));
#10495=DIRECTION('center_axis',(-1.11719053876592E-15,-0.992546151641322,
-0.121869343405147));
#10496=DIRECTION('ref_axis',(-1.,1.14512690776734E-15,-1.59193166529043E-16));
#10497=DIRECTION('',(-1.,1.10429899178711E-15,1.73323525146215E-16));
#10498=DIRECTION('',(0.,0.121869343405147,-0.992546151641322));
#10499=DIRECTION('center_axis',(1.,1.09503201120836E-15,1.34453024670842E-16));
#10500=DIRECTION('ref_axis',(1.10325551048439E-15,-0.992546151641322,-0.121869343405147));
#10501=DIRECTION('',(1.10325551048439E-15,-0.992546151641322,-0.121869343405147));
#10502=DIRECTION('center_axis',(-1.10325551048439E-15,0.992546151641322,
0.121869343405147));
#10503=DIRECTION('ref_axis',(1.,1.15541266694633E-15,-3.57307953207473E-16));
#10504=DIRECTION('',(0.,0.121869343405147,-0.992546151641322));
#10505=DIRECTION('',(1.,1.09959618932346E-15,9.7280776942472E-17));
#10506=DIRECTION('',(0.,0.121869343405147,-0.992546151641322));
#10507=DIRECTION('center_axis',(-1.,-2.35445466138513E-15,-2.89090681763967E-16));
#10508=DIRECTION('ref_axis',(-2.3721362049429E-15,0.992546151641322,0.121869343405147));
#10509=DIRECTION('',(-2.3721362049429E-15,0.992546151641322,0.121869343405147));
#10510=DIRECTION('',(0.,0.121869343405147,-0.992546151641322));
#10511=DIRECTION('center_axis',(1.42046208894872E-15,-0.992546151641322,
-0.121869343405147));
#10512=DIRECTION('ref_axis',(-1.,-1.38327488143362E-15,-3.89744683876451E-16));
#10513=DIRECTION('',(-1.,-1.41443835805355E-15,-1.35938534383713E-16));
#10514=DIRECTION('',(0.,0.121869343405147,-0.992546151641322));
#10515=DIRECTION('center_axis',(1.,-1.64390638968402E-16,-2.01846324222831E-17));
#10516=DIRECTION('ref_axis',(-1.65625183974124E-16,-0.992546151641322,-0.121869343405146));
#10517=DIRECTION('',(-1.65625183974124E-16,-0.992546151641322,-0.121869343405147));
#10518=DIRECTION('center_axis',(7.99983960301592E-16,0.992546151641322,
0.121869343405145));
#10519=DIRECTION('ref_axis',(1.,-8.01291420956329E-16,-3.8280702577277E-17));
#10520=DIRECTION('',(0.,0.121869343405145,-0.992546151641322));
#10521=DIRECTION('',(1.,-7.89456823057027E-16,-1.34665767704974E-16));
#10522=DIRECTION('',(0.,0.121869343405145,-0.992546151641322));
#10523=DIRECTION('center_axis',(-1.,-3.61389530421368E-15,-4.43730548076938E-16));
#10524=DIRECTION('ref_axis',(-3.64103502717487E-15,0.992546151641322,0.121869343405146));
#10525=DIRECTION('',(-3.64103502717487E-15,0.992546151641322,0.121869343405147));
#10526=DIRECTION('',(0.,0.121869343405145,-0.992546151641322));
#10527=DIRECTION('center_axis',(-7.99983960301591E-16,-0.992546151641322,
-0.121869343405145));
#10528=DIRECTION('ref_axis',(-1.,7.33640345434158E-16,5.8925449785492E-16));
#10529=DIRECTION('',(-1.,7.89456823057027E-16,1.34665767704974E-16));
#10530=DIRECTION('',(0.,0.121869343405145,-0.992546151641322));
#10531=DIRECTION('center_axis',(1.,3.61389530421368E-15,4.43730548076938E-16));
#10532=DIRECTION('ref_axis',(3.64103502717487E-15,-0.992546151641322,-0.121869343405146));
#10533=DIRECTION('',(3.64103502717487E-15,-0.992546151641322,-0.121869343405147));
#10534=DIRECTION('center_axis',(1.43457839108037E-15,0.992546151641322,
0.121869343405145));
#10535=DIRECTION('ref_axis',(1.,-1.31517550509101E-15,-1.06020104120707E-15));
#10536=DIRECTION('',(0.,0.121869343405145,-0.992546151641322));
#10537=DIRECTION('',(1.,-1.41932108317952E-15,-2.12003374312547E-16));
#10538=DIRECTION('',(0.,0.121869343405145,-0.992546151641322));
#10539=DIRECTION('center_axis',(-1.,1.6439963529429E-16,2.01857370322067E-17));
#10540=DIRECTION('ref_axis',(1.65634247860848E-16,0.992546151641322,0.121869343405147));
#10541=DIRECTION('',(1.65634247860848E-16,0.992546151641322,0.121869343405147));
#10542=DIRECTION('',(0.,0.121869343405145,-0.992546151641322));
#10543=DIRECTION('center_axis',(-8.0011991568918E-16,-0.992546151641322,
-0.121869343405145));
#10544=DIRECTION('ref_axis',(-1.,8.30423132866051E-16,-1.97862468092455E-16));
#10545=DIRECTION('',(-1.,7.89591765053773E-16,1.34682336498792E-16));
#10546=DIRECTION('',(0.,0.121869343405145,-0.992546151641322));
#10547=DIRECTION('center_axis',(1.,-1.64399635294291E-16,-2.01857370322068E-17));
#10548=DIRECTION('ref_axis',(-1.65634247860849E-16,-0.992546151641322,-0.121869343405146));
#10549=DIRECTION('',(-1.65634247860849E-16,-0.992546151641322,-0.121869343405147));
#10550=DIRECTION('center_axis',(3.33731940409378E-15,0.992546151641322,
0.121869343405147));
#10551=DIRECTION('ref_axis',(1.,-3.24240257783967E-15,-9.77154713890831E-16));
#10552=DIRECTION('',(0.,0.121869343405147,-0.992546151641322));
#10553=DIRECTION('',(1.,-3.30787935321609E-15,-4.43889172238535E-16));
#10554=DIRECTION('',(0.,0.121869343405147,-0.992546151641322));
#10555=DIRECTION('center_axis',(-1.,1.64385241234562E-16,2.01839696639036E-17));
#10556=DIRECTION('ref_axis',(1.65619745704244E-16,0.992546151641322,0.121869343405147));
#10557=DIRECTION('',(1.65619745704244E-16,0.992546151641322,0.121869343405147));
#10558=DIRECTION('',(0.,0.121869343405147,-0.992546151641322));
#10559=DIRECTION('center_axis',(-4.13027921026846E-15,-0.992546151641322,
-0.121869343405147));
#10560=DIRECTION('ref_axis',(-1.,3.97146928730948E-15,1.54602172723096E-15));
#10561=DIRECTION('',(-1.,4.09492855724102E-15,5.40526663163715E-16));
#10562=DIRECTION('',(0.,0.121869343405147,-0.992546151641322));
#10563=DIRECTION('center_axis',(1.,-1.64385241234561E-16,-2.01839696639035E-17));
#10564=DIRECTION('ref_axis',(-1.65619745704243E-16,-0.992546151641322,-0.121869343405148));
#10565=DIRECTION('',(-1.65619745704243E-16,-0.992546151641322,-0.121869343405147));
#10566=DIRECTION('center_axis',(-7.86026272788794E-16,0.992546151641322,
0.121869343405147));
#10567=DIRECTION('ref_axis',(1.,8.30886329988787E-16,-3.17280420264621E-16));
#10568=DIRECTION('',(0.,0.121869343405147,-0.992546151641322));
#10569=DIRECTION('',(1.,7.84731530260591E-16,5.86202580355947E-17));
#10570=DIRECTION('',(0.,0.121869343405147,-0.992546151641322));
#10571=DIRECTION('center_axis',(-1.,1.64385241234561E-16,2.01839696639034E-17));
#10572=DIRECTION('ref_axis',(1.65619745704243E-16,0.992546151641322,0.121869343405147));
#10573=DIRECTION('',(1.65619745704243E-16,0.992546151641322,0.121869343405147));
#10574=DIRECTION('',(0.,0.121869343405147,-0.992546151641322));
#10575=DIRECTION('center_axis',(1.26187012933218E-15,-0.992546151641322,
-0.121869343405147));
#10576=DIRECTION('ref_axis',(-1.,-1.26452279967622E-15,-5.55750171585668E-17));
#10577=DIRECTION('',(-1.,-1.2570285188549E-15,-1.16611036395911E-16));
#10578=DIRECTION('',(0.,0.121869343405147,-0.992546151641322));
#10579=DIRECTION('center_axis',(1.,-1.64385241234561E-16,-2.01839696639035E-17));
#10580=DIRECTION('ref_axis',(-1.65619745704243E-16,-0.992546151641322,-0.121869343405146));
#10581=DIRECTION('',(-1.65619745704243E-16,-0.992546151641322,-0.121869343405147));
#10582=DIRECTION('center_axis',(1.10325551048439E-15,-0.992546151641322,
-0.121869343405145));
#10583=DIRECTION('ref_axis',(-1.,-1.07809922286723E-15,-2.72359518912604E-16));
#10584=DIRECTION('',(0.,0.121869343405145,-0.992546151641322));
#10585=DIRECTION('',(-1.,-1.09959618932346E-15,-9.72807769424719E-17));
#10586=DIRECTION('',(0.,0.121869343405145,-0.992546151641322));
#10587=DIRECTION('center_axis',(1.,-7.81022622637649E-16,-9.58975197757971E-17));
#10588=DIRECTION('ref_axis',(-7.86887966213069E-16,-0.992546151641323,-0.121869343405143));
#10589=DIRECTION('',(-7.86887966213069E-16,-0.992546151641322,-0.121869343405147));
#10590=DIRECTION('',(0.,0.121869343405145,-0.992546151641322));
#10591=DIRECTION('center_axis',(1.10325551048439E-15,-0.992546151641322,
-0.121869343405145));
#10592=DIRECTION('ref_axis',(-1.,-1.10709047014478E-15,-3.62447577051282E-17));
#10593=DIRECTION('',(-1.,-1.09959618932346E-15,-9.7280776942472E-17));
#10594=DIRECTION('',(0.,0.121869343405145,-0.992546151641322));
#10595=DIRECTION('center_axis',(-1.,8.77574998064936E-16,1.07752660796769E-16));
#10596=DIRECTION('ref_axis',(8.84165433127453E-16,0.992546151641322,0.121869343405146));
#10597=DIRECTION('',(8.84165433127453E-16,0.992546151641322,0.121869343405147));
#10598=DIRECTION('',(0.,0.121869343405145,-0.992546151641322));
#10599=DIRECTION('center_axis',(1.10325551048439E-15,-0.992546151641322,
-0.121869343405145));
#10600=DIRECTION('ref_axis',(-1.,-1.10709047014478E-15,-3.62447577051282E-17));
#10601=DIRECTION('',(-1.,-1.09959618932346E-15,-9.7280776942472E-17));
#10602=DIRECTION('',(0.,0.121869343405145,-0.992546151641322));
#10603=DIRECTION('center_axis',(-1.,5.76657126942884E-14,7.08045921232114E-15));
#10604=DIRECTION('ref_axis',(5.80987721315826E-14,0.992546151641323,0.121869343405141));
#10605=DIRECTION('',(5.80987721315826E-14,0.992546151641322,0.121869343405147));
#10606=DIRECTION('',(0.,0.121869343405145,-0.992546151641322));
#10607=DIRECTION('center_axis',(-1.58737890242122E-15,-0.992546151641322,
-0.121869343405145));
#10608=DIRECTION('ref_axis',(-1.,1.44052366839185E-15,1.29312815354016E-15));
#10609=DIRECTION('',(-1.,1.5709826426797E-15,2.30625072301626E-16));
#10610=DIRECTION('',(0.,0.121869343405145,-0.992546151641322));
#10611=DIRECTION('center_axis',(1.,-5.76657126942884E-14,-7.08045921232114E-15));
#10612=DIRECTION('ref_axis',(-5.80987721315826E-14,-0.992546151641322,-0.121869343405147));
#10613=DIRECTION('',(-5.80987721315826E-14,-0.992546151641322,-0.121869343405147));
#10614=DIRECTION('',(0.,0.121869343405145,-0.992546151641322));
#10615=DIRECTION('center_axis',(1.14009763186018E-14,-0.992546151641322,
-0.121869343405145));
#10616=DIRECTION('ref_axis',(-1.,-1.14849256881003E-14,-1.36008363131999E-17));
#10617=DIRECTION('',(-1.,-1.13205593480972E-14,-1.35225725039726E-15));
#10618=DIRECTION('',(0.,0.121869343405145,-0.992546151641322));
#10619=DIRECTION('center_axis',(1.,-3.10984149247521E-16,-3.81840522131196E-17));
#10620=DIRECTION('ref_axis',(-3.13319585928838E-16,-0.992546151641322,-0.121869343405147));
#10621=DIRECTION('',(-3.13319585928838E-16,-0.992546151641322,-0.121869343405147));
#10622=DIRECTION('',(0.,0.121869343405145,-0.992546151641322));
#10623=DIRECTION('center_axis',(1.10325551048439E-15,-0.992546151641322,
-0.121869343405145));
#10624=DIRECTION('ref_axis',(-1.,-1.76389702861247E-15,5.31301539062153E-15));
#10625=DIRECTION('',(-1.,-1.09959618932347E-15,-9.72807769424727E-17));
#10626=DIRECTION('',(0.,0.121869343405145,-0.992546151641322));
#10627=DIRECTION('center_axis',(1.,-2.41022404156512E-14,-2.95938300621193E-15));
#10628=DIRECTION('ref_axis',(-2.428324403434E-14,-0.992546151641322,-0.121869343405147));
#10629=DIRECTION('',(-2.428324403434E-14,-0.992546151641322,-0.121869343405147));
#10630=DIRECTION('',(0.,0.121869343405145,-0.992546151641322));
#10631=DIRECTION('center_axis',(-1.10325551048439E-15,0.992546151641322,
0.121869343405145));
#10632=DIRECTION('ref_axis',(1.,1.10709047014478E-15,3.62447577051282E-17));
#10633=DIRECTION('',(1.,1.09959618932346E-15,9.7280776942472E-17));
#10634=DIRECTION('',(0.,0.121869343405145,-0.992546151641322));
#10635=DIRECTION('center_axis',(1.,2.01994142504878E-14,2.48017620924198E-15));
#10636=DIRECTION('ref_axis',(2.035110832588E-14,-0.992546151641322,-0.121869343405148));
#10637=DIRECTION('',(2.035110832588E-14,-0.992546151641322,-0.121869343405147));
#10638=DIRECTION('',(0.,0.121869343405145,-0.992546151641322));
#10639=DIRECTION('center_axis',(2.12369463149348E-16,0.992546151641322,
0.121869343405145));
#10640=DIRECTION('ref_axis',(1.,-4.19187768031812E-16,1.67141084980312E-15));
#10641=DIRECTION('',(1.,-2.06222315259917E-16,-6.30535747616848E-17));
#10642=DIRECTION('',(0.,0.121869343405145,-0.992546151641322));
#10643=DIRECTION('center_axis',(-1.,1.63416545154583E-15,2.00650287410749E-16));
#10644=DIRECTION('ref_axis',(1.64643774885782E-15,0.992546151641323,0.121869343405141));
#10645=DIRECTION('',(1.64643774885782E-15,0.992546151641322,0.121869343405147));
#10646=DIRECTION('',(0.,0.121869343405145,-0.992546151641322));
#10647=DIRECTION('center_axis',(-1.10325551048438E-15,0.992546151641322,
0.121869343405145));
#10648=DIRECTION('ref_axis',(1.,3.96842958101016E-16,5.82074654539665E-15));
#10649=DIRECTION('',(1.,1.09959618932346E-15,9.72807769424712E-17));
#10650=DIRECTION('',(0.,0.121869343405145,-0.992546151641322));
#10651=DIRECTION('center_axis',(1.,-7.80423945486102E-16,-9.58240114646218E-17));
#10652=DIRECTION('ref_axis',(-7.86284793100608E-16,-0.992546151641322,-0.121869343405145));
#10653=DIRECTION('',(-7.86284793100608E-16,-0.992546151641322,-0.121869343405147));
#10654=DIRECTION('',(0.,0.121869343405145,-0.992546151641322));
#10655=DIRECTION('center_axis',(-1.10325551048439E-15,0.992546151641322,
0.121869343405145));
#10656=DIRECTION('ref_axis',(1.,1.15540921560737E-15,-3.57279844307334E-16));
#10657=DIRECTION('',(1.,1.09959618932346E-15,9.7280776942472E-17));
#10658=DIRECTION('',(0.,0.121869343405145,-0.992546151641322));
#10659=DIRECTION('center_axis',(-1.,7.80423945486095E-16,9.58240114646209E-17));
#10660=DIRECTION('ref_axis',(7.86284793100601E-16,0.992546151641322,0.121869343405145));
#10661=DIRECTION('',(7.86284793100601E-16,0.992546151641322,0.121869343405147));
#10662=DIRECTION('',(0.,0.121869343405145,-0.992546151641322));
#10663=DIRECTION('center_axis',(3.38643988084165E-14,0.992546151641322,
0.121869343405145));
#10664=DIRECTION('ref_axis',(1.,-3.42213868290427E-14,8.36198749672622E-16));
#10665=DIRECTION('',(1.,-3.36074145368257E-14,-4.16420429532012E-15));
#10666=DIRECTION('',(0.,0.121869343405145,-0.992546151641322));
#10667=DIRECTION('center_axis',(1.,1.09503201120836E-15,1.34453024670841E-16));
#10668=DIRECTION('ref_axis',(1.10325551048439E-15,-0.992546151641322,-0.121869343405148));
#10669=DIRECTION('',(1.10325551048439E-15,-0.992546151641322,-0.121869343405147));
#10670=DIRECTION('',(0.,0.121869343405145,-0.992546151641322));
#10671=DIRECTION('center_axis',(-5.05013043138555E-15,0.992546151641322,
0.121869343405145));
#10672=DIRECTION('ref_axis',(1.,4.88425342615374E-15,1.65983900432804E-15));
#10673=DIRECTION('',(1.,5.01705170307356E-15,5.78283832054936E-16));
#10674=DIRECTION('',(0.,0.121869343405145,-0.992546151641322));
#10675=DIRECTION('center_axis',(-1.,-1.09503201120836E-15,-1.34453024670841E-16));
#10676=DIRECTION('ref_axis',(-1.10325551048439E-15,0.992546151641322,0.121869343405146));
#10677=DIRECTION('',(-1.10325551048439E-15,0.992546151641322,0.121869343405147));
#10678=DIRECTION('',(0.,0.121869343405145,-0.992546151641322));
#10679=DIRECTION('center_axis',(-1.10325551048439E-15,0.992546151641322,
0.121869343405145));
#10680=DIRECTION('ref_axis',(1.,1.10709047014478E-15,3.62447577051282E-17));
#10681=DIRECTION('',(1.,1.09959618932346E-15,9.7280776942472E-17));
#10682=DIRECTION('',(0.,0.121869343405145,-0.992546151641322));
#10683=DIRECTION('center_axis',(-1.,2.41022404156512E-14,2.95938300621193E-15));
#10684=DIRECTION('ref_axis',(2.428324403434E-14,0.992546151641322,0.121869343405145));
#10685=DIRECTION('',(2.428324403434E-14,0.992546151641322,0.121869343405147));
#10686=DIRECTION('',(0.,0.121869343405145,-0.992546151641322));
#10687=DIRECTION('center_axis',(1.10325551048439E-15,-0.992546151641322,
-0.121869343405145));
#10688=DIRECTION('ref_axis',(-1.,-1.76389702861247E-15,5.31301539062153E-15));
#10689=DIRECTION('',(-1.,-1.09959618932347E-15,-9.72807769424727E-17));
#10690=DIRECTION('',(0.,0.121869343405145,-0.992546151641322));
#10691=DIRECTION('center_axis',(-1.,-1.23431612948554E-14,-1.51554963974253E-15));
#10692=DIRECTION('ref_axis',(-1.24358562817902E-14,0.992546151641322,0.121869343405145));
#10693=DIRECTION('',(-1.24358562817902E-14,0.992546151641322,0.121869343405147));
#10694=DIRECTION('',(0.,0.121869343405145,-0.992546151641322));
#10695=DIRECTION('center_axis',(1.10325551048439E-15,-0.992546151641322,
-0.121869343405145));
#10696=DIRECTION('ref_axis',(-1.,-1.42083458850848E-15,2.5189960319883E-15));
#10697=DIRECTION('',(-1.,-1.09959618932347E-15,-9.72807769424723E-17));
#10698=DIRECTION('',(0.,0.121869343405145,-0.992546151641322));
#10699=DIRECTION('center_axis',(-1.,1.35951541651658E-14,1.66927503457715E-15));
#10700=DIRECTION('ref_axis',(1.36972514000324E-14,0.992546151641323,0.121869343405143));
#10701=DIRECTION('',(1.36972514000324E-14,0.992546151641322,0.121869343405147));
#10702=DIRECTION('',(0.,0.121869343405145,-0.992546151641322));
#10703=DIRECTION('center_axis',(-1.58901008424171E-15,-0.992546151641322,
-0.121869343405145));
#10704=DIRECTION('ref_axis',(-1.,1.52409430505925E-15,6.25884614501623E-16));
#10705=DIRECTION('',(-1.,1.57260166591826E-15,2.30823863359064E-16));
#10706=DIRECTION('',(0.,0.121869343405145,-0.992546151641322));
#10707=DIRECTION('center_axis',(1.,-1.35951541651658E-14,-1.66927503457715E-15));
#10708=DIRECTION('ref_axis',(-1.36972514000324E-14,-0.992546151641322,-0.121869343405148));
#10709=DIRECTION('',(-1.36972514000324E-14,-0.992546151641322,-0.121869343405147));
#10710=DIRECTION('',(0.,0.121869343405145,-0.992546151641322));
#10711=DIRECTION('center_axis',(6.24615313468896E-15,-0.992546151641322,
-0.121869343405145));
#10712=DIRECTION('ref_axis',(-1.,-5.74158254783806E-15,-4.49142874825899E-15));
#10713=DIRECTION('',(-1.,-6.20415943451301E-15,-7.24042333604172E-16));
#10714=DIRECTION('',(0.,0.121869343405145,-0.992546151641322));
#10715=DIRECTION('center_axis',(1.,1.09503201120836E-15,1.34453024670841E-16));
#10716=DIRECTION('ref_axis',(1.10325551048439E-15,-0.992546151641322,-0.121869343405146));
#10717=DIRECTION('',(1.10325551048439E-15,-0.992546151641322,-0.121869343405147));
#10718=DIRECTION('',(0.,0.121869343405145,-0.992546151641322));
#10719=DIRECTION('center_axis',(-2.22085140354495E-14,-0.992546151641322,
-0.121869343405145));
#10720=DIRECTION('ref_axis',(-1.,2.13206691685776E-14,8.58924707816146E-15));
#10721=DIRECTION('',(-1.,2.20384109614426E-14,2.74370927123259E-15));
#10722=DIRECTION('',(0.,0.121869343405145,-0.992546151641322));
#10723=DIRECTION('center_axis',(-1.,7.81022622637649E-16,9.58975197757971E-17));
#10724=DIRECTION('ref_axis',(7.8688796621307E-16,0.992546151641322,0.121869343405144));
#10725=DIRECTION('',(7.86887966213069E-16,0.992546151641322,0.121869343405147));
#10726=DIRECTION('center_axis',(-1.10325551048439E-15,0.992546151641322,
0.121869343405145));
#10727=DIRECTION('ref_axis',(1.,1.10709047014478E-15,3.62447577051282E-17));
#10728=DIRECTION('',(0.,0.121869343405145,-0.992546151641322));
#10729=DIRECTION('',(1.,1.09959618932346E-15,9.7280776942472E-17));
#10730=DIRECTION('',(0.,0.121869343405145,-0.992546151641322));
#10731=DIRECTION('center_axis',(-1.,-2.35446365771102E-15,-2.89091786373889E-16));
#10732=DIRECTION('ref_axis',(-2.37214526882963E-15,0.992546151641322,0.121869343405147));
#10733=DIRECTION('',(-2.37214526882963E-15,0.992546151641322,0.121869343405147));
#10734=DIRECTION('',(0.,0.121869343405145,-0.992546151641322));
#10735=DIRECTION('center_axis',(1.10325551048439E-15,-0.992546151641322,
-0.121869343405145));
#10736=DIRECTION('ref_axis',(-1.,-1.10709047014478E-15,-3.62447577051282E-17));
#10737=DIRECTION('',(-1.,-1.09959618932346E-15,-9.7280776942472E-17));
#10738=DIRECTION('',(0.,0.121869343405145,-0.992546151641322));
#10739=DIRECTION('center_axis',(1.,2.35446365771102E-15,2.89091786373889E-16));
#10740=DIRECTION('ref_axis',(2.37214526882963E-15,-0.992546151641322,-0.121869343405147));
#10741=DIRECTION('',(2.37214526882963E-15,-0.992546151641322,-0.121869343405147));
#10742=DIRECTION('center_axis',(-6.1789233136139E-15,0.992546151641322,
0.121869343405145));
#10743=DIRECTION('ref_axis',(1.,6.12559475569731E-15,8.12245389746601E-16));
#10744=DIRECTION('',(0.,0.121869343405145,-0.992546151641322));
#10745=DIRECTION('',(1.,6.13743073432942E-15,7.15849079452509E-16));
#10746=DIRECTION('',(0.,0.121869343405145,-0.992546151641322));
#10747=DIRECTION('center_axis',(-1.,-1.09503201120836E-15,-1.34453024670841E-16));
#10748=DIRECTION('ref_axis',(-1.10325551048439E-15,0.992546151641322,0.121869343405146));
#10749=DIRECTION('',(-1.10325551048439E-15,0.992546151641322,0.121869343405147));
#10750=DIRECTION('',(0.,0.121869343405145,-0.992546151641322));
#10751=DIRECTION('center_axis',(4.91000636283152E-15,-0.992546151641322,
-0.121869343405145));
#10752=DIRECTION('ref_axis',(-1.,-4.84680585999238E-15,-8.15035643650529E-16));
#10753=DIRECTION('',(-1.,-4.87797209807794E-15,-5.61207003825E-16));
#10754=DIRECTION('',(0.,0.121869343405145,-0.992546151641322));
#10755=DIRECTION('center_axis',(1.,1.09503201120836E-15,1.34453024670841E-16));
#10756=DIRECTION('ref_axis',(1.10325551048439E-15,-0.992546151641322,-0.121869343405146));
#10757=DIRECTION('',(1.10325551048439E-15,-0.992546151641322,-0.121869343405147));
#10758=DIRECTION('center_axis',(1.43452400620609E-15,0.992546151641322,
0.121869343405145));
#10759=DIRECTION('ref_axis',(1.,-1.31512359679612E-15,-1.06017754476513E-15));
#10760=DIRECTION('',(0.,0.121869343405145,-0.992546151641322));
#10761=DIRECTION('',(1.,-1.41926710368184E-15,-2.11996746463627E-16));
#10762=DIRECTION('',(0.,0.121869343405145,-0.992546151641322));
#10763=DIRECTION('center_axis',(-1.,-3.61389530421368E-15,-4.43730548076938E-16));
#10764=DIRECTION('ref_axis',(-3.64103502717487E-15,0.992546151641322,0.121869343405146));
#10765=DIRECTION('',(-3.64103502717487E-15,0.992546151641322,0.121869343405147));
#10766=DIRECTION('',(0.,0.121869343405145,-0.992546151641322));
#10767=DIRECTION('center_axis',(-1.43452400620609E-15,-0.992546151641322,
-0.121869343405145));
#10768=DIRECTION('ref_axis',(-1.,1.27646390637036E-15,1.3750354563908E-15));
#10769=DIRECTION('',(-1.,1.41926710368185E-15,2.11996746463627E-16));
#10770=DIRECTION('',(0.,0.121869343405145,-0.992546151641322));
#10771=DIRECTION('center_axis',(1.,1.09503201120836E-15,1.34453024670841E-16));
#10772=DIRECTION('ref_axis',(1.10325551048439E-15,-0.992546151641322,-0.121869343405147));
#10773=DIRECTION('',(1.10325551048439E-15,-0.992546151641322,-0.121869343405147));
#10774=DIRECTION('center_axis',(1.43447868725805E-15,0.992546151641322,
0.121869343405145));
#10775=DIRECTION('ref_axis',(1.,-1.41172784171305E-15,-2.73027242710529E-16));
#10776=DIRECTION('',(0.,0.121869343405145,-0.992546151641322));
#10777=DIRECTION('',(1.,-1.41922212253437E-15,-2.11991223473185E-16));
#10778=DIRECTION('',(0.,0.121869343405145,-0.992546151641322));
#10779=DIRECTION('center_axis',(-1.,3.94269457480227E-15,4.84102022141352E-16));
#10780=DIRECTION('ref_axis',(3.97230352289658E-15,0.992546151641322,0.121869343405146));
#10781=DIRECTION('',(3.97230352289658E-15,0.992546151641322,0.121869343405147));
#10782=DIRECTION('',(0.,0.121869343405145,-0.992546151641322));
#10783=DIRECTION('center_axis',(-1.65611588386824E-16,-0.992546151641322,
-0.121869343405145));
#10784=DIRECTION('ref_axis',(-1.,1.71648185810107E-16,-3.90349019884141E-17));
#10785=DIRECTION('',(-1.,1.59812966605447E-16,5.7355223265356E-17));
#10786=DIRECTION('',(0.,0.121869343405145,-0.992546151641322));
#10787=DIRECTION('center_axis',(1.,1.09503201120836E-15,1.34453024670841E-16));
#10788=DIRECTION('ref_axis',(1.10325551048439E-15,-0.992546151641322,-0.121869343405146));
#10789=DIRECTION('',(1.10325551048439E-15,-0.992546151641322,-0.121869343405147));
#10790=DIRECTION('center_axis',(-3.64103502717486E-15,0.992546151641322,
0.121869343405145));
#10791=DIRECTION('ref_axis',(1.,3.64528360836297E-15,1.88093325298395E-16));
#10792=DIRECTION('',(0.,0.121869343405145,-0.992546151641322));
#10793=DIRECTION('',(1.,3.61845948232877E-15,4.06558300348571E-16));
#10794=DIRECTION('',(0.,0.121869343405145,-0.992546151641322));
#10795=DIRECTION('center_axis',(-1.,-3.61389530421368E-15,-4.43730548076938E-16));
#10796=DIRECTION('ref_axis',(-3.64103502717487E-15,0.992546151641322,0.121869343405147));
#10797=DIRECTION('',(-3.64103502717487E-15,0.992546151641322,0.121869343405147));
#10798=DIRECTION('',(0.,0.121869343405145,-0.992546151641322));
#10799=DIRECTION('center_axis',(2.37214526882963E-15,-0.992546151641322,
-0.121869343405145));
#10800=DIRECTION('ref_axis',(-1.,-2.32786242622168E-15,-5.05741431033842E-16));
#10801=DIRECTION('',(-1.,-2.35902783582612E-15,-2.51919538645522E-16));
#10802=DIRECTION('',(0.,0.121869343405145,-0.992546151641322));
#10803=DIRECTION('center_axis',(1.,1.09503201120836E-15,1.34453024670841E-16));
#10804=DIRECTION('ref_axis',(1.10325551048439E-15,-0.992546151641322,-0.121869343405147));
#10805=DIRECTION('',(1.10325551048439E-15,-0.992546151641322,-0.121869343405147));
#10806=DIRECTION('center_axis',(1.43457839108036E-15,0.992546151641322,
0.121869343405145));
#10807=DIRECTION('ref_axis',(1.,-1.41182680235819E-15,-2.7303939354989E-16));
#10808=DIRECTION('',(0.,0.121869343405145,-0.992546151641322));
#10809=DIRECTION('',(1.,-1.41932108317951E-15,-2.12003374312546E-16));
#10810=DIRECTION('',(0.,0.121869343405145,-0.992546151641322));
#10811=DIRECTION('center_axis',(-1.,-1.09503201120836E-15,-1.34453024670841E-16));
#10812=DIRECTION('ref_axis',(-1.10325551048439E-15,0.992546151641322,0.121869343405146));
#10813=DIRECTION('',(-1.10325551048439E-15,0.992546151641322,0.121869343405147));
#10814=DIRECTION('',(0.,0.121869343405145,-0.992546151641322));
#10815=DIRECTION('center_axis',(1.10325551048439E-15,-0.992546151641322,
-0.121869343405145));
#10816=DIRECTION('ref_axis',(-1.,-1.18441150795854E-15,5.93484560420617E-16));
#10817=DIRECTION('',(-1.,-1.09959618932346E-15,-9.72807769424721E-17));
#10818=DIRECTION('',(0.,0.121869343405145,-0.992546151641322));
#10819=DIRECTION('center_axis',(1.,-1.42383128179696E-15,-1.74824498735257E-16));
#10820=DIRECTION('ref_axis',(-1.43452400620611E-15,-0.992546151641322,-0.121869343405147));
#10821=DIRECTION('',(-1.43452400620611E-15,-0.992546151641322,-0.121869343405147));
#10822=DIRECTION('center_axis',(1.43457839108036E-15,0.992546151641322,
0.121869343405145));
#10823=DIRECTION('ref_axis',(1.,-1.29584524563756E-15,-1.21763337073851E-15));
#10824=DIRECTION('',(0.,0.121869343405145,-0.992546151641322));
#10825=DIRECTION('',(1.,-1.41932108317951E-15,-2.12003374312546E-16));
#10826=DIRECTION('',(0.,0.121869343405145,-0.992546151641322));
#10827=DIRECTION('center_axis',(-1.,2.68326292829961E-15,3.29463260438304E-16));
#10828=DIRECTION('ref_axis',(2.70341376455134E-15,0.992546151641322,0.121869343405147));
#10829=DIRECTION('',(2.70341376455134E-15,0.992546151641322,0.121869343405147));
#10830=DIRECTION('',(0.,0.121869343405145,-0.992546151641322));
#10831=DIRECTION('center_axis',(-1.65661440297977E-16,-0.992546151641322,
-0.121869343405145));
#10832=DIRECTION('ref_axis',(-1.,9.43773877463809E-17,5.90694306516684E-16));
#10833=DIRECTION('',(-1.,1.59862446928014E-16,5.73612986850357E-17));
#10834=DIRECTION('',(0.,0.121869343405145,-0.992546151641322));
#10835=DIRECTION('center_axis',(1.,4.87332695071634E-15,5.98369309779987E-16));
#10836=DIRECTION('ref_axis',(4.90992478552012E-15,-0.992546151641322,-0.121869343405147));
#10837=DIRECTION('',(4.90992478552012E-15,-0.992546151641322,-0.121869343405147));
#10838=DIRECTION('center_axis',(3.33763658801624E-15,0.992546151641322,
0.121869343405147));
#10839=DIRECTION('ref_axis',(1.,-3.2330488165542E-15,-1.05593764174989E-15));
#10840=DIRECTION('',(0.,0.121869343405147,-0.992546151641322));
#10841=DIRECTION('',(1.,-3.30819417289769E-15,-4.43927827234904E-16));
#10842=DIRECTION('',(0.,0.121869343405147,-0.992546151641322));
#10843=DIRECTION('center_axis',(-1.,1.64390638968402E-16,2.0184632422283E-17));
#10844=DIRECTION('ref_axis',(1.65625183974123E-16,0.992546151641322,0.121869343405147));
#10845=DIRECTION('',(1.65625183974123E-16,0.992546151641322,0.121869343405147));
#10846=DIRECTION('',(0.,0.121869343405147,-0.992546151641322));
#10847=DIRECTION('center_axis',(-7.99983960301595E-16,-0.992546151641322,
-0.121869343405147));
#10848=DIRECTION('ref_axis',(-1.,7.1431146671354E-16,7.46675582219962E-16));
#10849=DIRECTION('',(-1.,7.89456823057031E-16,1.34665767704975E-16));
#10850=DIRECTION('',(0.,0.121869343405147,-0.992546151641322));
#10851=DIRECTION('center_axis',(1.,4.65320686119978E-16,5.71341961242794E-17));
#10852=DIRECTION('ref_axis',(4.68815163255131E-16,-0.992546151641322,-0.121869343405147));
#10853=DIRECTION('',(4.68815163255131E-16,-0.992546151641322,-0.121869343405147));
#10854=DIRECTION('center_axis',(1.11734915338477E-15,0.992546151641322,
0.121869343405147));
#10855=DIRECTION('ref_axis',(1.,-1.12595753247548E-15,1.76961965414168E-18));
#10856=DIRECTION('',(0.,0.121869343405147,-0.992546151641322));
#10857=DIRECTION('',(1.,-1.10445642411664E-15,-1.73342855405669E-16));
#10858=DIRECTION('',(0.,0.121869343405147,-0.992546151641322));
#10859=DIRECTION('center_axis',(-1.,5.20205425100625E-15,6.38731947002886E-16));
#10860=DIRECTION('ref_axis',(5.24112077045877E-15,0.992546151641322,0.121869343405146));
#10861=DIRECTION('',(5.24112077045877E-15,0.992546151641322,0.121869343405147));
#10862=DIRECTION('',(0.,0.121869343405147,-0.992546151641322));
#10863=DIRECTION('center_axis',(-1.27596377223257E-15,-0.992546151641322,
-0.121869343405147));
#10864=DIRECTION('ref_axis',(-1.,1.25439447282676E-15,2.53709134096451E-16));
#10865=DIRECTION('',(-1.,1.26188875364808E-15,1.92673114859107E-16));
#10866=DIRECTION('',(0.,0.121869343405147,-0.992546151641322));
#10867=DIRECTION('center_axis',(1.,-4.88719993789552E-15,-6.000726984192E-16));
#10868=DIRECTION('ref_axis',(-4.92390195641161E-15,-0.992546151641322,-0.121869343405146));
#10869=DIRECTION('',(-4.92390195641161E-15,-0.992546151641322,-0.121869343405147));
#10870=DIRECTION('center_axis',(-1.10325551048439E-15,0.992546151641322,
0.121869343405147));
#10871=DIRECTION('ref_axis',(1.,1.1264193488654E-15,-1.21176326659913E-16));
#10872=DIRECTION('',(0.,0.121869343405147,-0.992546151641322));
#10873=DIRECTION('',(1.,1.09959618932346E-15,9.7280776942472E-17));
#10874=DIRECTION('',(0.,0.121869343405147,-0.992546151641322));
#10875=DIRECTION('center_axis',(-1.,-2.35445466138513E-15,-2.89090681763968E-16));
#10876=DIRECTION('ref_axis',(-2.3721362049429E-15,0.992546151641322,0.121869343405147));
#10877=DIRECTION('',(-2.3721362049429E-15,0.992546151641322,0.121869343405147));
#10878=DIRECTION('',(0.,0.121869343405147,-0.992546151641322));
#10879=DIRECTION('center_axis',(7.86048932020057E-16,-0.992546151641322,
-0.121869343405147));
#10880=DIRECTION('ref_axis',(-1.,-6.95603907811597E-16,-7.84692422089093E-16));
#10881=DIRECTION('',(-1.,-7.84754020593381E-16,-5.86230195012308E-17));
#10882=DIRECTION('',(0.,0.121869343405147,-0.992546151641322));
#10883=DIRECTION('center_axis',(1.,2.35445466138513E-15,2.89090681763968E-16));
#10884=DIRECTION('ref_axis',(2.3721362049429E-15,-0.992546151641322,-0.121869343405146));
#10885=DIRECTION('',(2.3721362049429E-15,-0.992546151641322,-0.121869343405147));
#10886=DIRECTION('center_axis',(-2.37208182434171E-15,0.992546151641322,
0.121869343405145));
#10887=DIRECTION('ref_axis',(1.,2.40511690250635E-15,-1.2396638125999E-16));
#10888=DIRECTION('',(0.,0.121869343405145,-0.992546151641322));
#10889=DIRECTION('',(1.,2.35896486424379E-15,2.51911806707436E-16));
#10890=DIRECTION('',(0.,0.121869343405145,-0.992546151641322));
#10891=DIRECTION('center_axis',(-1.,-6.132758597219E-15,-7.53008071483035E-16));
#10892=DIRECTION('ref_axis',(-6.17881454386536E-15,0.992546151641322,0.121869343405146));
#10893=DIRECTION('',(-6.17881454386536E-15,0.992546151641322,0.121869343405147));
#10894=DIRECTION('',(0.,0.121869343405145,-0.992546151641322));
#10895=DIRECTION('center_axis',(1.10325551048439E-15,-0.992546151641322,
-0.121869343405145));
#10896=DIRECTION('ref_axis',(-1.,-1.1264193488654E-15,1.21176326659913E-16));
#10897=DIRECTION('',(-1.,-1.09959618932346E-15,-9.7280776942472E-17));
#10898=DIRECTION('',(0.,0.121869343405145,-0.992546151641322));
#10899=DIRECTION('center_axis',(1.,6.13275859721899E-15,7.53008071483034E-16));
#10900=DIRECTION('ref_axis',(6.17881454386536E-15,-0.992546151641322,-0.121869343405146));
#10901=DIRECTION('',(6.17881454386535E-15,-0.992546151641322,-0.121869343405147));
#10902=DIRECTION('center_axis',(3.33763658801623E-15,0.992546151641322,
0.121869343405147));
#10903=DIRECTION('ref_axis',(1.,-3.31036433143667E-15,-4.26253304289725E-16));
#10904=DIRECTION('',(0.,0.121869343405147,-0.992546151641322));
#10905=DIRECTION('',(1.,-3.30819417289768E-15,-4.43927827234902E-16));
#10906=DIRECTION('',(0.,0.121869343405147,-0.992546151641322));
#10907=DIRECTION('center_axis',(-1.,-2.35445466138512E-15,-2.89090681763967E-16));
#10908=DIRECTION('ref_axis',(-2.3721362049429E-15,0.992546151641322,0.121869343405147));
#10909=DIRECTION('',(-2.3721362049429E-15,0.992546151641322,0.121869343405147));
#10910=DIRECTION('',(0.,0.121869343405147,-0.992546151641322));
#10911=DIRECTION('center_axis',(-1.11719053876592E-15,-0.992546151641322,
-0.121869343405147));
#10912=DIRECTION('ref_axis',(-1.,1.2031135439292E-15,-6.31456419624166E-16));
#10913=DIRECTION('',(-1.,1.10429899178711E-15,1.73323525146215E-16));
#10914=DIRECTION('',(0.,0.121869343405147,-0.992546151641322));
#10915=DIRECTION('center_axis',(1.,2.35445466138513E-15,2.89090681763968E-16));
#10916=DIRECTION('ref_axis',(2.3721362049429E-15,-0.992546151641322,-0.121869343405146));
#10917=DIRECTION('',(2.3721362049429E-15,-0.992546151641322,-0.121869343405147));
#10918=DIRECTION('center_axis',(1.43457839108036E-15,0.992546151641322,
0.121869343405145));
#10919=DIRECTION('ref_axis',(1.,-1.37316628345132E-15,-5.87904052612761E-16));
#10920=DIRECTION('',(0.,0.121869343405145,-0.992546151641322));
#10921=DIRECTION('',(1.,-1.41932108317951E-15,-2.12003374312546E-16));
#10922=DIRECTION('',(0.,0.121869343405145,-0.992546151641322));
#10923=DIRECTION('center_axis',(-1.,3.94269457480225E-15,4.8410202214135E-16));
#10924=DIRECTION('ref_axis',(3.97230352289656E-15,0.992546151641322,0.121869343405146));
#10925=DIRECTION('',(3.97230352289656E-15,0.992546151641322,0.121869343405147));
#10926=DIRECTION('',(0.,0.121869343405145,-0.992546151641322));
#10927=DIRECTION('center_axis',(-8.00119915689173E-16,-0.992546151641322,
-0.121869343405145));
#10928=DIRECTION('ref_axis',(-1.,8.49753392319482E-16,-3.5529479762389E-16));
#10929=DIRECTION('',(-1.,7.89591765053766E-16,1.34682336498791E-16));
#10930=DIRECTION('',(0.,0.121869343405145,-0.992546151641322));
#10931=DIRECTION('center_axis',(1.,-2.6832629282996E-15,-3.29463260438303E-16));
#10932=DIRECTION('ref_axis',(-2.70341376455133E-15,-0.992546151641322,-0.121869343405145));
#10933=DIRECTION('',(-2.70341376455133E-15,-0.992546151641322,-0.121869343405147));
#10934=DIRECTION('center_axis',(-5.54414760898501E-15,0.992546151641322,
0.121869343405147));
#10935=DIRECTION('ref_axis',(1.,5.56320302916748E-15,1.839006509699E-16));
#10936=DIRECTION('',(0.,0.121869343405147,-0.992546151641322));
#10937=DIRECTION('',(1.,5.50738655154461E-15,6.38489381119846E-16));
#10938=DIRECTION('',(0.,0.121869343405147,-0.992546151641322));
#10939=DIRECTION('center_axis',(-1.,-1.09503201120836E-15,-1.34453024670842E-16));
#10940=DIRECTION('ref_axis',(-1.10325551048439E-15,0.992546151641322,0.121869343405147));
#10941=DIRECTION('',(-1.10325551048439E-15,0.992546151641322,0.121869343405147));
#10942=DIRECTION('',(0.,0.121869343405147,-0.992546151641322));
#10943=DIRECTION('center_axis',(3.3237015597347E-15,-0.992546151641322,
-0.121869343405147));
#10944=DIRECTION('ref_axis',(-1.,-3.23367013637287E-15,-9.36533397253979E-16));
#10945=DIRECTION('',(-1.,-3.30349137043404E-15,-3.67885079031159E-16));
#10946=DIRECTION('',(0.,0.121869343405147,-0.992546151641322));
#10947=DIRECTION('center_axis',(1.,1.09503201120836E-15,1.34453024670842E-16));
#10948=DIRECTION('ref_axis',(1.10325551048439E-15,-0.992546151641322,-0.121869343405146));
#10949=DIRECTION('',(1.10325551048439E-15,-0.992546151641322,-0.121869343405147));
#10950=DIRECTION('center_axis',(-1.10325551048439E-15,0.992546151641322,
0.121869343405145));
#10951=DIRECTION('ref_axis',(1.,1.17474154566695E-15,-5.14729037572515E-16));
#10952=DIRECTION('',(0.,0.121869343405145,-0.992546151641322));
#10953=DIRECTION('',(1.,1.09959618932346E-15,9.72807769424721E-17));
#10954=DIRECTION('',(0.,0.121869343405145,-0.992546151641322));
#10955=DIRECTION('center_axis',(-1.,-3.61389530421367E-15,-4.43730548076937E-16));
#10956=DIRECTION('ref_axis',(-3.64103502717487E-15,0.992546151641322,0.121869343405146));
#10957=DIRECTION('',(-3.64103502717487E-15,0.992546151641322,0.121869343405147));
#10958=DIRECTION('',(0.,0.121869343405145,-0.992546151641322));
#10959=DIRECTION('center_axis',(1.10325551048439E-15,-0.992546151641322,
-0.121869343405145));
#10960=DIRECTION('ref_axis',(-1.,-1.13608378822571E-15,1.99886868842433E-16));
#10961=DIRECTION('',(-1.,-1.09959618932346E-15,-9.7280776942472E-17));
#10962=DIRECTION('',(0.,0.121869343405145,-0.992546151641322));
#10963=DIRECTION('center_axis',(1.,3.61389530421367E-15,4.43730548076937E-16));
#10964=DIRECTION('ref_axis',(3.64103502717487E-15,-0.992546151641322,-0.121869343405146));
#10965=DIRECTION('',(3.64103502717487E-15,-0.992546151641322,-0.121869343405147));
#10966=DIRECTION('center_axis',(-4.9099247855201E-15,0.992546151641322,
0.121869343405145));
#10967=DIRECTION('ref_axis',(1.,4.80806602880122E-15,1.1298768660656E-15));
#10968=DIRECTION('',(0.,0.121869343405145,-0.992546151641322));
#10969=DIRECTION('',(1.,4.87789112883142E-15,5.6119706205162E-16));
#10970=DIRECTION('',(0.,0.121869343405145,-0.992546151641322));
#10971=DIRECTION('center_axis',(-1.,1.42383128179694E-15,1.74824498735255E-16));
#10972=DIRECTION('ref_axis',(1.43452400620609E-15,0.992546151641322,0.121869343405146));
#10973=DIRECTION('',(1.43452400620609E-15,0.992546151641322,0.121869343405147));
#10974=DIRECTION('',(0.,0.121869343405145,-0.992546151641322));
#10975=DIRECTION('center_axis',(3.64103502717486E-15,-0.992546151641322,
-0.121869343405145));
#10976=DIRECTION('ref_axis',(-1.,-3.72260298921449E-15,4.41622497952931E-16));
#10977=DIRECTION('',(-1.,-3.61845948232877E-15,-4.06558300348571E-16));
#10978=DIRECTION('',(0.,0.121869343405145,-0.992546151641322));
#10979=DIRECTION('center_axis',(1.,-1.42383128179694E-15,-1.74824498735254E-16));
#10980=DIRECTION('ref_axis',(-1.43452400620608E-15,-0.992546151641322,-0.121869343405147));
#10981=DIRECTION('',(-1.43452400620608E-15,-0.992546151641322,-0.121869343405147));
#10982=DIRECTION('center_axis',(1.43452400620609E-15,0.992546151641322,
0.121869343405147));
#10983=DIRECTION('ref_axis',(1.,-1.3827780550412E-15,-5.09176199420218E-16));
#10984=DIRECTION('',(0.,0.121869343405147,-0.992546151641322));
#10985=DIRECTION('',(1.,-1.41926710368184E-15,-2.11996746463627E-16));
#10986=DIRECTION('',(0.,0.121869343405147,-0.992546151641322));
#10987=DIRECTION('center_axis',(-1.,1.42381328914517E-15,1.74822289515408E-16));
#10988=DIRECTION('ref_axis',(1.43450587843264E-15,0.992546151641322,0.121869343405146));
#10989=DIRECTION('',(1.43450587843264E-15,0.992546151641322,0.121869343405147));
#10990=DIRECTION('',(0.,0.121869343405147,-0.992546151641322));
#10991=DIRECTION('center_axis',(-1.75174644579239E-15,-0.992546151641322,
-0.121869343405147));
#10992=DIRECTION('ref_axis',(-1.,1.72663073448618E-15,3.11692456126732E-16));
#10993=DIRECTION('',(-1.,1.7341250153075E-15,2.50656436889388E-16));
#10994=DIRECTION('',(0.,0.121869343405147,-0.992546151641322));
#10995=DIRECTION('center_axis',(1.,1.09503201120836E-15,1.34453024670842E-16));
#10996=DIRECTION('ref_axis',(1.10325551048439E-15,-0.992546151641322,-0.121869343405146));
#10997=DIRECTION('',(1.10325551048439E-15,-0.992546151641322,-0.121869343405147));
#10998=DIRECTION('center_axis',(-1.73770038965701E-15,0.992546151641322,
0.121869343405145));
#10999=DIRECTION('ref_axis',(1.,1.86245028727984E-15,-9.09724074226753E-16));
#11000=DIRECTION('',(0.,0.121869343405145,-0.992546151641322));
#11001=DIRECTION('',(1.,1.72931201257479E-15,1.74600157793997E-16));
#11002=DIRECTION('',(0.,0.121869343405145,-0.992546151641322));
#11003=DIRECTION('center_axis',(-1.,-1.09503201120836E-15,-1.34453024670841E-16));
#11004=DIRECTION('ref_axis',(-1.10325551048439E-15,0.992546151641322,0.121869343405146));
#11005=DIRECTION('',(-1.10325551048439E-15,0.992546151641322,0.121869343405147));
#11006=DIRECTION('',(0.,0.121869343405145,-0.992546151641322));
#11007=DIRECTION('center_axis',(4.68810631311771E-16,-0.992546151641322,
-0.121869343405145));
#11008=DIRECTION('ref_axis',(-1.,-4.87039569499898E-16,1.19789101052812E-16));
#11009=DIRECTION('',(-1.,-4.69880366072139E-16,-1.99613960909475E-17));
#11010=DIRECTION('',(0.,0.121869343405145,-0.992546151641322));
#11011=DIRECTION('center_axis',(1.,3.61389530421367E-15,4.43730548076937E-16));
#11012=DIRECTION('ref_axis',(3.64103502717487E-15,-0.992546151641322,-0.121869343405146));
#11013=DIRECTION('',(3.64103502717487E-15,-0.992546151641322,-0.121869343405147));
#11014=DIRECTION('center_axis',(-1.73769177901997E-15,0.992546151641322,
0.121869343405147));
#11015=DIRECTION('ref_axis',(1.,1.67880899833232E-15,5.85843546781478E-16));
#11016=DIRECTION('',(0.,0.121869343405147,-0.992546151641322));
#11017=DIRECTION('',(1.,1.72930346612014E-15,1.74599108421315E-16));
#11018=DIRECTION('',(0.,0.121869343405147,-0.992546151641322));
#11019=DIRECTION('center_axis',(-1.,3.94263699856333E-15,4.8409495266814E-16));
#11020=DIRECTION('ref_axis',(3.97224551427014E-15,0.992546151641322,0.121869343405147));
#11021=DIRECTION('',(3.97224551427014E-15,0.992546151641322,0.121869343405147));
#11022=DIRECTION('',(0.,0.121869343405147,-0.992546151641322));
#11023=DIRECTION('center_axis',(1.26186457761828E-15,-0.992546151641322,
-0.121869343405147));
#11024=DIRECTION('ref_axis',(-1.,-1.24518770647424E-15,-2.13001159774007E-16));
#11025=DIRECTION('',(-1.,-1.25702300852263E-15,-1.16610359812183E-16));
#11026=DIRECTION('',(0.,0.121869343405147,-0.992546151641322));
#11027=DIRECTION('center_axis',(1.,1.09503201120836E-15,1.34453024670842E-16));
#11028=DIRECTION('ref_axis',(1.10325551048439E-15,-0.992546151641322,-0.121869343405147));
#11029=DIRECTION('',(1.10325551048439E-15,-0.992546151641322,-0.121869343405147));
#11030=DIRECTION('center_axis',(1.43421586927455E-15,0.992546151641322,
0.121869343405147));
#11031=DIRECTION('ref_axis',(1.,-1.44045823001251E-15,-3.68804520479705E-17));
#11032=DIRECTION('',(0.,0.121869343405147,-0.992546151641322));
#11033=DIRECTION('',(1.,-1.41896126355627E-15,-2.11959194018102E-16));
#11034=DIRECTION('',(0.,0.121869343405147,-0.992546151641322));
#11035=DIRECTION('center_axis',(-1.,-1.09503201120836E-15,-1.34453024670842E-16));
#11036=DIRECTION('ref_axis',(-1.10325551048439E-15,0.992546151641322,0.121869343405146));
#11037=DIRECTION('',(-1.10325551048439E-15,0.992546151641322,0.121869343405147));
#11038=DIRECTION('',(0.,0.121869343405147,-0.992546151641322));
#11039=DIRECTION('center_axis',(-1.55155990237924E-15,0.992546151641322,
0.121869343405147));
#11040=DIRECTION('ref_axis',(1.,1.53156530837672E-15,2.57740369193175E-16));
#11041=DIRECTION('',(1.,1.5445589882626E-15,1.51915338828341E-16));
#11042=DIRECTION('',(0.,0.121869343405147,-0.992546151641322));
#11043=DIRECTION('center_axis',(1.,1.09503201120836E-15,1.34453024670842E-16));
#11044=DIRECTION('ref_axis',(1.10325551048439E-15,-0.992546151641322,-0.121869343405148));
#11045=DIRECTION('',(1.10325551048439E-15,-0.992546151641322,-0.121869343405147));
#11046=DIRECTION('',(0.,0.121869343405147,-0.992546151641322));
#11047=DIRECTION('center_axis',(-2.41886099655351E-15,0.992546151641322,
0.121869343405147));
#11048=DIRECTION('ref_axis',(1.,2.51309711790056E-15,-6.19547741949993E-16));
#11049=DIRECTION('',(1.,2.40539535159958E-15,2.57612753709925E-16));
#11050=DIRECTION('',(0.,0.121869343405147,-0.992546151641322));
#11051=DIRECTION('center_axis',(-1.,-1.09503201120836E-15,-1.34453024670842E-16));
#11052=DIRECTION('ref_axis',(-1.10325551048439E-15,0.992546151641322,0.121869343405149));
#11053=DIRECTION('',(-1.10325551048439E-15,0.992546151641322,0.121869343405147));
#11054=DIRECTION('',(0.,0.121869343405147,-0.992546151641322));
#11055=DIRECTION('center_axis',(4.73957481134762E-14,0.992546151641322,
0.121869343405147));
#11056=DIRECTION('ref_axis',(1.,-4.67020455059527E-14,-8.54860249227303E-15));
#11057=DIRECTION('',(1.,-4.70379032160771E-14,-5.81326095051343E-15));
#11058=DIRECTION('',(0.,0.121869343405147,-0.992546151641322));
#11059=DIRECTION('center_axis',(-1.,-1.09503201120836E-15,-1.34453024670842E-16));
#11060=DIRECTION('ref_axis',(-1.10325551048439E-15,0.992546151641322,0.121869343405146));
#11061=DIRECTION('',(-1.10325551048439E-15,0.992546151641322,0.121869343405147));
#11062=DIRECTION('',(0.,0.121869343405147,-0.992546151641322));
#11063=DIRECTION('center_axis',(-4.20069699330361E-14,-0.992546151641322,
-0.121869343405147));
#11064=DIRECTION('ref_axis',(-1.,4.13534344609082E-14,7.89187563366682E-15));
#11065=DIRECTION('',(-1.,4.16892921710326E-14,5.15653409190722E-15));
#11066=DIRECTION('',(0.,0.121869343405147,-0.992546151641322));
#11067=DIRECTION('center_axis',(-1.,-6.71894416813309E-15,-8.24982609415347E-16));
#11068=DIRECTION('ref_axis',(-6.76940226610352E-15,0.992546151641322,0.121869343405147));
#11069=DIRECTION('',(-6.76940226610352E-15,0.992546151641322,0.121869343405147));
#11070=DIRECTION('',(0.,0.121869343405147,-0.992546151641322));
#11071=DIRECTION('center_axis',(2.16986971267192E-14,-0.992546151641322,
-0.121869343405147));
#11072=DIRECTION('ref_axis',(-1.,-2.10784006101467E-14,-6.37905888915485E-15));
#11073=DIRECTION('',(-1.,-2.15415225068709E-14,-2.60723372385205E-15));
#11074=DIRECTION('',(0.,0.121869343405147,-0.992546151641322));
#11075=DIRECTION('center_axis',(-1.,-1.09503201120836E-15,-1.34453024670842E-16));
#11076=DIRECTION('ref_axis',(-1.10325551048439E-15,0.992546151641322,0.121869343405145));
#11077=DIRECTION('',(-1.10325551048439E-15,0.992546151641322,0.121869343405147));
#11078=DIRECTION('',(0.,0.121869343405147,-0.992546151641322));
#11079=DIRECTION('center_axis',(4.30515387703578E-16,-0.992546151641322,
-0.121869343405147));
#11080=DIRECTION('ref_axis',(-1.,-3.16385254655587E-16,-9.55846790540737E-16));
#11081=DIRECTION('',(-1.,-4.31870569402661E-16,-1.5294379896877E-17));
#11082=DIRECTION('',(0.,0.121869343405147,-0.992546151641322));
#11083=DIRECTION('center_axis',(1.,1.09503201120836E-15,1.34453024670842E-16));
#11084=DIRECTION('ref_axis',(1.10325551048439E-15,-0.992546151641323,-0.121869343405142));
#11085=DIRECTION('',(1.10325551048439E-15,-0.992546151641322,-0.121869343405147));
#11086=DIRECTION('',(0.,0.121869343405147,-0.992546151641322));
#11087=DIRECTION('center_axis',(-1.43388497291584E-14,-0.992546151641322,
-0.121869343405147));
#11088=DIRECTION('ref_axis',(-1.,1.40630850565072E-14,3.12292464604729E-15));
#11089=DIRECTION('',(-1.,1.42274059395243E-14,1.78463844940597E-15));
#11090=DIRECTION('',(0.,0.121869343405147,-0.992546151641322));
#11091=DIRECTION('center_axis',(1.,1.09503201120836E-15,1.34453024670842E-16));
#11092=DIRECTION('ref_axis',(1.10325551048439E-15,-0.992546151641322,-0.121869343405148));
#11093=DIRECTION('',(1.10325551048439E-15,-0.992546151641322,-0.121869343405147));
#11094=DIRECTION('',(0.,0.121869343405147,-0.992546151641322));
#11095=DIRECTION('center_axis',(1.43948380440553E-15,-0.992546151641322,
-0.121869343405147));
#11096=DIRECTION('ref_axis',(-1.,-1.44081256934914E-15,-7.72206791195302E-17));
#11097=DIRECTION('',(-1.,-1.43331828852782E-15,-1.38256698356874E-16));
#11098=DIRECTION('',(0.,0.121869343405147,-0.992546151641322));
#11099=DIRECTION('center_axis',(-1.,6.4068396947634E-15,7.86660998696817E-16));
#11100=DIRECTION('ref_axis',(6.45495394261389E-15,0.992546151641322,0.121869343405148));
#11101=DIRECTION('',(6.45495394261389E-15,0.992546151641322,0.121869343405147));
#11102=DIRECTION('',(0.,0.121869343405147,-0.992546151641322));
#11103=DIRECTION('center_axis',(-1.43421586927455E-15,-0.992546151641322,
-0.121869343405147));
#11104=DIRECTION('ref_axis',(-1.,1.38247573545739E-15,5.09109974462919E-16));
#11105=DIRECTION('',(-1.,1.41896126355626E-15,2.11959194018101E-16));
#11106=DIRECTION('',(0.,0.121869343405147,-0.992546151641322));
#11107=DIRECTION('center_axis',(1.,1.09503201120836E-15,1.34453024670842E-16));
#11108=DIRECTION('ref_axis',(1.10325551048439E-15,-0.992546151641322,-0.121869343405147));
#11109=DIRECTION('',(1.10325551048439E-15,-0.992546151641322,-0.121869343405147));
#11110=DIRECTION('',(0.,0.121869343405147,-0.992546151641322));
#11111=DIRECTION('center_axis',(1.21533132560908E-15,-0.992546151641322,
-0.121869343405147));
#11112=DIRECTION('ref_axis',(-1.,-1.22516019213928E-15,5.71684579106609E-18));
#11113=DIRECTION('',(-1.,-1.21083660831754E-15,-1.10939382943314E-16));
#11114=DIRECTION('',(0.,0.121869343405147,-0.992546151641322));
#11115=DIRECTION('center_axis',(-1.,-1.09503201120836E-15,-1.34453024670842E-16));
#11116=DIRECTION('ref_axis',(-1.10325551048439E-15,0.992546151641322,0.121869343405145));
#11117=DIRECTION('',(-1.10325551048439E-15,0.992546151641322,0.121869343405147));
#11118=DIRECTION('',(0.,0.121869343405147,-0.992546151641322));
#11119=DIRECTION('center_axis',(1.10325551048439E-15,-0.992546151641322,
-0.121869343405147));
#11120=DIRECTION('ref_axis',(-1.,-9.50218410962934E-16,-1.31386515255184E-15));
#11121=DIRECTION('',(-1.,-1.09959618932346E-15,-9.7280776942472E-17));
#11122=DIRECTION('',(0.,0.121869343405147,-0.992546151641322));
#11123=DIRECTION('center_axis',(-1.,-1.09503201120836E-15,-1.34453024670842E-16));
#11124=DIRECTION('ref_axis',(-1.10325551048439E-15,0.992546151641321,0.121869343405154));
#11125=DIRECTION('',(-1.10325551048439E-15,0.992546151641322,0.121869343405147));
#11126=DIRECTION('',(0.,0.121869343405147,-0.992546151641322));
#11127=DIRECTION('center_axis',(-2.420616959684E-16,-0.992546151641322,
-0.121869343405147));
#11128=DIRECTION('ref_axis',(-1.,4.74128332789857E-16,-1.87522595708543E-15));
#11129=DIRECTION('',(-1.,2.35693226678105E-16,6.66721476795754E-17));
#11130=DIRECTION('',(0.,0.121869343405147,-0.992546151641322));
#11131=DIRECTION('center_axis',(1.,3.0473690894434E-14,3.74169875556389E-15));
#11132=DIRECTION('ref_axis',(3.0702542994138E-14,-0.992546151641322,-0.121869343405148));
#11133=DIRECTION('',(3.0702542994138E-14,-0.992546151641322,-0.121869343405147));
#11134=DIRECTION('',(0.,0.121869343405147,-0.992546151641322));
#11135=DIRECTION('center_axis',(3.67768571251374E-15,-0.992546151641322,
-0.121869343405147));
#11136=DIRECTION('ref_axis',(-1.,-3.50545920065636E-15,-1.62760927091554E-15));
#11137=DIRECTION('',(-1.,-3.65483697901689E-15,-4.11024895306169E-16));
#11138=DIRECTION('',(0.,0.121869343405147,-0.992546151641322));
#11139=DIRECTION('center_axis',(1.,-7.34083622417873E-15,-9.01341352445914E-16));
#11140=DIRECTION('ref_axis',(-7.3959646229443E-15,-0.992546151641322,-0.121869343405145));
#11141=DIRECTION('',(-7.3959646229443E-15,-0.992546151641322,-0.121869343405147));
#11142=DIRECTION('',(0.,0.121869343405147,-0.992546151641322));
#11143=DIRECTION('center_axis',(1.10325551048439E-15,-0.992546151641322,
-0.121869343405147));
#11144=DIRECTION('ref_axis',(-1.,-7.78687190910937E-16,-2.71087483186845E-15));
#11145=DIRECTION('',(-1.,-1.09959618932346E-15,-9.7280776942472E-17));
#11146=DIRECTION('',(0.,0.121869343405147,-0.992546151641322));
#11147=DIRECTION('center_axis',(1.,1.09503201120836E-15,1.34453024670842E-16));
#11148=DIRECTION('ref_axis',(1.10325551048439E-15,-0.992546151641322,-0.121869343405145));
#11149=DIRECTION('',(1.10325551048439E-15,-0.992546151641322,-0.121869343405147));
#11150=DIRECTION('',(0.,0.121869343405147,-0.992546151641322));
#11151=DIRECTION('center_axis',(-1.10325551048439E-15,0.992546151641322,
0.121869343405147));
#11152=DIRECTION('ref_axis',(1.,1.10709047014478E-15,3.62447577051282E-17));
#11153=DIRECTION('',(1.,1.09959618932346E-15,9.7280776942472E-17));
#11154=DIRECTION('',(0.,0.121869343405147,-0.992546151641322));
#11155=DIRECTION('center_axis',(1.,1.09503201120836E-15,1.34453024670842E-16));
#11156=DIRECTION('ref_axis',(1.10325551048439E-15,-0.992546151641322,-0.121869343405147));
#11157=DIRECTION('',(1.10325551048439E-15,-0.992546151641322,-0.121869343405147));
#11158=DIRECTION('',(0.,0.121869343405147,-0.992546151641322));
#11159=DIRECTION('center_axis',(-2.41888048411812E-15,0.992546151641322,
0.121869343405147));
#11160=DIRECTION('ref_axis',(1.,2.43295076869117E-15,3.33517963363623E-17));
#11161=DIRECTION('',(1.,2.40541469390684E-15,2.57615128646628E-16));
#11162=DIRECTION('',(0.,0.121869343405147,-0.992546151641322));
#11163=DIRECTION('center_axis',(-1.,-1.09503201120836E-15,-1.34453024670842E-16));
#11164=DIRECTION('ref_axis',(-1.10325551048439E-15,0.992546151641322,0.121869343405145));
#11165=DIRECTION('',(-1.10325551048439E-15,0.992546151641322,0.121869343405147));
#11166=DIRECTION('',(0.,0.121869343405147,-0.992546151641322));
#11167=DIRECTION('center_axis',(-1.21533132560908E-15,0.992546151641322,
0.121869343405147));
#11168=DIRECTION('ref_axis',(1.,1.21833088913886E-15,4.99033637059704E-17));
#11169=DIRECTION('',(1.,1.21083660831754E-15,1.10939382943314E-16));
#11170=DIRECTION('',(0.,0.121869343405147,-0.992546151641322));
#11171=DIRECTION('center_axis',(1.,1.09503201120836E-15,1.34453024670842E-16));
#11172=DIRECTION('ref_axis',(1.10325551048439E-15,-0.992546151641322,-0.121869343405146));
#11173=DIRECTION('',(1.10325551048439E-15,-0.992546151641322,-0.121869343405147));
#11174=DIRECTION('center_axis',(-1.,-1.09503201120836E-15,-1.34453024670842E-16));
#11175=DIRECTION('ref_axis',(-1.10325551048439E-15,0.992546151641322,0.121869343405147));
#11176=DIRECTION('',(1.10325551048439E-15,-0.992546151641322,-0.121869343405147));
#11177=DIRECTION('',(0.,0.121869343405147,-0.992546151641322));
#11178=DIRECTION('center_axis',(1.16641191008881E-15,-0.992546151641322,
-0.121869343405147));
#11179=DIRECTION('ref_axis',(-1.,-1.16228183070236E-15,-1.04977605894096E-16));
#11180=DIRECTION('',(1.,1.16228183070236E-15,1.04977605894096E-16));
#11181=DIRECTION('',(0.,0.121869343405147,-0.992546151641322));
#11182=DIRECTION('center_axis',(1.,1.15302925281653E-15,1.41574190515281E-16));
#11183=DIRECTION('ref_axis',(1.16168830125413E-15,-0.992546151641322,-0.121869343405147));
#11184=DIRECTION('',(-1.16168830125413E-15,0.992546151641322,0.121869343405147));
#11185=DIRECTION('center_axis',(-3.74514048207234E-17,0.121869343405147,
-0.992546151641322));
#11186=DIRECTION('ref_axis',(1.10325551048439E-15,-0.992546151641322,-0.121869343405147));
#11187=CARTESIAN_POINT('',(0.,0.,0.));
#11188=CARTESIAN_POINT('Origin',(-12.8073322494816,6.31904002046484,10.2065104724879));
#11189=CARTESIAN_POINT('',(-14.3073322494816,6.31904002046484,10.2065104724879));
#11190=CARTESIAN_POINT('Origin',(-12.8073322494816,6.31904002046484,10.2065104724879));
#11191=CARTESIAN_POINT('',(-14.3073322494816,6.68464805068028,7.22887201756392));
#11192=CARTESIAN_POINT('',(-14.3073322494816,6.31904002046484,10.2065104724879));
#11193=CARTESIAN_POINT('Origin',(-12.8073322494816,6.68464805068028,7.22887201756389));
#11194=CARTESIAN_POINT('Origin',(-341.807332249481,6.31904002046484,10.2065104724879));
#11195=CARTESIAN_POINT('',(-343.307332249481,6.31904002046484,10.2065104724879));
#11196=CARTESIAN_POINT('Origin',(-341.807332249481,6.31904002046484,10.2065104724879));
#11197=CARTESIAN_POINT('',(-343.307332249481,6.68464805068028,7.22887201756392));
#11198=CARTESIAN_POINT('',(-343.307332249481,6.31904002046484,10.2065104724879));
#11199=CARTESIAN_POINT('Origin',(-341.807332249481,6.68464805068028,7.22887201756389));
#11200=CARTESIAN_POINT('Origin',(-12.8073322494816,116.491662852652,23.7340075904592));
#11201=CARTESIAN_POINT('',(-14.3073322494816,116.491662852652,23.7340075904592));
#11202=CARTESIAN_POINT('Origin',(-12.8073322494816,116.491662852652,23.7340075904592));
#11203=CARTESIAN_POINT('',(-14.3073322494816,116.857270882867,20.7563691355352));
#11204=CARTESIAN_POINT('',(-14.3073322494816,116.491662852652,23.7340075904592));
#11205=CARTESIAN_POINT('Origin',(-12.8073322494816,116.857270882867,20.7563691355352));
#11206=CARTESIAN_POINT('Origin',(-341.807332249481,116.491662852652,23.7340075904592));
#11207=CARTESIAN_POINT('',(-343.307332249481,116.491662852652,23.7340075904592));
#11208=CARTESIAN_POINT('Origin',(-341.807332249481,116.491662852652,23.7340075904592));
#11209=CARTESIAN_POINT('',(-343.307332249481,116.857270882867,20.7563691355352));
#11210=CARTESIAN_POINT('',(-343.307332249481,116.491662852652,23.7340075904592));
#11211=CARTESIAN_POINT('Origin',(-341.807332249481,116.857270882867,20.7563691355352));
#11212=CARTESIAN_POINT('Origin',(-344.307332249482,118.973026590054,24.0386807473965));
#11213=CARTESIAN_POINT('',(-25.4401951851756,119.33863462027,21.0610422924727));
#11214=CARTESIAN_POINT('',(-25.4401951851756,118.973026590055,24.0386807473966));
#11215=CARTESIAN_POINT('',(-25.4401951851756,118.973026590055,24.0386807473966));
#11216=CARTESIAN_POINT('',(-10.3073322494817,118.973026590055,24.0386807473966));
#11217=CARTESIAN_POINT('',(-10.3073322494817,118.973026590055,24.0386807473966));
#11218=CARTESIAN_POINT('',(-10.3073322494817,119.33863462027,21.0610422924726));
#11219=CARTESIAN_POINT('',(-10.3073322494817,118.973026590055,24.0386807473966));
#11220=CARTESIAN_POINT('',(-10.3073322494817,119.33863462027,21.0610422924727));
#11221=CARTESIAN_POINT('Origin',(-344.307332249482,118.973026590055,24.0386807473966));
#11222=CARTESIAN_POINT('',(-47.4103244851116,118.973026590055,24.0386807473966));
#11223=CARTESIAN_POINT('',(-47.4103244851116,119.33863462027,21.0610422924726));
#11224=CARTESIAN_POINT('',(-47.4103244851116,118.973026590055,24.0386807473966));
#11225=CARTESIAN_POINT('',(-344.307332249482,119.33863462027,21.0610422924726));
#11226=CARTESIAN_POINT('',(-10.3073322494817,119.33863462027,21.0610422924726));
#11227=CARTESIAN_POINT('',(-344.307332249482,118.973026590055,24.0386807473966));
#11228=CARTESIAN_POINT('',(-344.307332249482,118.973026590055,24.0386807473966));
#11229=CARTESIAN_POINT('',(-10.3073322494817,118.973026590055,24.0386807473966));
#11230=CARTESIAN_POINT('Origin',(-27.4401951851756,78.6718708071969,19.0903210307189));
#11231=CARTESIAN_POINT('',(-27.4401951851756,76.6867785039142,18.8465823439086));
#11232=CARTESIAN_POINT('',(-25.4401951851756,78.6718708071969,19.0903210307189));
#11233=CARTESIAN_POINT('Origin',(-27.4401951851756,78.6718708071969,19.0903210307188));
#11234=CARTESIAN_POINT('',(-25.4401951851756,79.0374788374123,16.1126825757949));
#11235=CARTESIAN_POINT('',(-25.4401951851756,78.6718708071969,19.0903210307189));
#11236=CARTESIAN_POINT('',(-27.4401951851756,77.0523865341297,15.8689438889846));
#11237=CARTESIAN_POINT('Origin',(-27.4401951851756,79.0374788374123,16.1126825757949));
#11238=CARTESIAN_POINT('',(-27.4401951851756,76.6867785039142,18.8465823439086));
#11239=CARTESIAN_POINT('Origin',(-25.4401951851756,116.987934286772,23.7949420605863));
#11240=CARTESIAN_POINT('',(-25.4401951851756,116.987934286772,23.7949420605863));
#11241=CARTESIAN_POINT('',(-25.4401951851756,117.353542316988,20.8173036056624));
#11242=CARTESIAN_POINT('Origin',(-45.4103244851116,78.6718708071969,19.0903210307189));
#11243=CARTESIAN_POINT('',(-47.4103244851116,78.6718708071969,19.0903210307189));
#11244=CARTESIAN_POINT('',(-45.4103244851116,76.6867785039142,18.8465823439086));
#11245=CARTESIAN_POINT('Origin',(-45.4103244851116,78.6718708071969,19.0903210307188));
#11246=CARTESIAN_POINT('',(-45.4103244851116,77.0523865341297,15.8689438889846));
#11247=CARTESIAN_POINT('',(-45.4103244851116,76.6867785039142,18.8465823439086));
#11248=CARTESIAN_POINT('',(-47.4103244851116,79.0374788374123,16.1126825757949));
#11249=CARTESIAN_POINT('Origin',(-45.4103244851116,79.0374788374123,16.1126825757949));
#11250=CARTESIAN_POINT('',(-47.4103244851116,78.6718708071969,19.0903210307189));
#11251=CARTESIAN_POINT('Origin',(-25.4401951851756,76.6867785039142,18.8465823439086));
#11252=CARTESIAN_POINT('',(-101.373763717329,77.0523865341297,15.8689438889846));
#11253=CARTESIAN_POINT('',(-101.373763717329,76.6867785039142,18.8465823439086));
#11254=CARTESIAN_POINT('Origin',(-47.4103244851116,76.6867785039143,18.8465823439086));
#11255=CARTESIAN_POINT('',(-47.4103244851116,117.353542316988,20.8173036056623));
#11256=CARTESIAN_POINT('',(-47.4103244851116,116.987934286772,23.7949420605863));
#11257=CARTESIAN_POINT('Origin',(-177.307332249482,60.7784116734323,13.870751031569));
#11258=CARTESIAN_POINT('',(-10.3073322494815,4.20328102987712,6.92419845747564));
#11259=CARTESIAN_POINT('',(-10.3073322494817,117.353542316988,20.8173036056624));
#11260=CARTESIAN_POINT('',(-344.307332249481,4.20328102987673,6.9241984574756));
#11261=CARTESIAN_POINT('',(-344.307332249481,4.20328102987673,6.9241984574756));
#11262=CARTESIAN_POINT('',(-344.307332249482,117.353542316987,20.8173036056623));
#11263=CARTESIAN_POINT('',(-212.338582249482,18.9425913817506,8.73395820704205));
#11264=CARTESIAN_POINT('',(-198.337582249482,18.9425913817506,8.73395820704205));
#11265=CARTESIAN_POINT('',(-187.822457249482,18.9425913817506,8.73395820704204));
#11266=CARTESIAN_POINT('',(-198.337582249482,23.6080247911561,9.30680139963764));
#11267=CARTESIAN_POINT('',(-198.337582249482,42.1932182322942,11.5887762156033));
#11268=CARTESIAN_POINT('',(-158.713582249482,23.6080247911561,9.30680139963764));
#11269=CARTESIAN_POINT('',(-168.010457249482,23.6080247911561,9.30680139963764));
#11270=CARTESIAN_POINT('',(-158.713582249482,19.1710060276278,8.76200399903988));
#11271=CARTESIAN_POINT('',(-158.713582249482,39.9747088505301,11.3163775153044));
#11272=CARTESIAN_POINT('',(-156.988582249482,19.1710060276279,8.76200399903988));
#11273=CARTESIAN_POINT('',(-167.147957249482,19.1710060276278,8.76200399903987));
#11274=CARTESIAN_POINT('',(-156.988582249482,17.9796826581973,8.61572788223098));
#11275=CARTESIAN_POINT('',(-156.988582249482,39.3790471658148,11.2432394569));
#11276=CARTESIAN_POINT('',(-153.687582249482,17.9796826581973,8.61572788223098));
#11277=CARTESIAN_POINT('',(-165.497457249482,17.9796826581973,8.61572788223098));
#11278=CARTESIAN_POINT('',(-153.687582249482,19.1710060276278,8.76200399903988));
#11279=CARTESIAN_POINT('',(-153.687582249482,39.9747088505304,11.3163775153045));
#11280=CARTESIAN_POINT('',(-151.962582249482,19.1710060276279,8.76200399903988));
#11281=CARTESIAN_POINT('',(-164.634957249482,19.1710060276278,8.76200399903987));
#11282=CARTESIAN_POINT('',(-151.962582249482,25.3943398766496,9.52613331304419));
#11283=CARTESIAN_POINT('',(-151.962582249481,43.0863757750409,11.6984421723066));
#11284=CARTESIAN_POINT('',(-151.138582249482,25.3943398766496,9.52613331304419));
#11285=CARTESIAN_POINT('',(-164.222957249482,25.3943398766496,9.52613331304419));
#11286=CARTESIAN_POINT('',(-151.138582249482,28.1722383440173,9.86721635659278));
#11287=CARTESIAN_POINT('',(-151.138582249482,44.4753250087248,11.8689836940809));
#11288=CARTESIAN_POINT('',(-151.962582249482,28.1722383440173,9.86721635659278));
#11289=CARTESIAN_POINT('',(-164.634957249482,28.1722383440173,9.86721635659278));
#11290=CARTESIAN_POINT('',(-151.962582249482,31.3783609230491,10.2608787096601));
#11291=CARTESIAN_POINT('',(-151.962582249482,46.0783862982407,12.0658148706145));
#11292=CARTESIAN_POINT('',(-158.713582249482,31.378360923049,10.2608787096601));
#11293=CARTESIAN_POINT('',(-168.010457249482,31.378360923049,10.2608787096601));
#11294=CARTESIAN_POINT('',(-158.713582249482,28.1722383440172,9.86721635659278));
#11295=CARTESIAN_POINT('',(-158.713582249482,44.4753250087248,11.8689836940809));
#11296=CARTESIAN_POINT('',(-198.337582249482,28.1722383440172,9.86721635659277));
#11297=CARTESIAN_POINT('',(-187.822457249482,28.1722383440172,9.86721635659277));
#11298=CARTESIAN_POINT('',(-198.337582249482,32.8377015298072,10.4400632052687));
#11299=CARTESIAN_POINT('',(-198.337582249482,46.8080566016197,12.1554071184188));
#11300=CARTESIAN_POINT('',(-212.338582249482,32.8377015298072,10.4400632052687));
#11301=CARTESIAN_POINT('',(-194.822957249482,32.8377015298072,10.4400632052687));
#11302=CARTESIAN_POINT('',(-212.338582249482,28.1722383440172,9.86721635659277));
#11303=CARTESIAN_POINT('',(-212.338582249482,44.4753250087247,11.8689836940809));
#11304=CARTESIAN_POINT('',(-251.962482249482,28.1722383440172,9.86721635659277));
#11305=CARTESIAN_POINT('',(-214.634907249482,28.1722383440172,9.86721635659277));
#11306=CARTESIAN_POINT('',(-251.962482249482,31.3783609230489,10.2608787096601));
#11307=CARTESIAN_POINT('',(-251.962482249482,46.0783862982406,12.0658148706145));
#11308=CARTESIAN_POINT('',(-258.713582249482,31.3783609230489,10.2608787096601));
#11309=CARTESIAN_POINT('',(-218.010457249482,31.378360923049,10.2608787096601));
#11310=CARTESIAN_POINT('',(-258.713582249482,28.1722383440172,9.86721635659277));
#11311=CARTESIAN_POINT('',(-258.713582249482,44.4753250087247,11.8689836940809));
#11312=CARTESIAN_POINT('',(-259.537682249482,28.1722383440172,9.86721635659277));
#11313=CARTESIAN_POINT('',(-218.422507249482,28.1722383440153,9.86721635659253));
#11314=CARTESIAN_POINT('',(-259.537682249482,25.3943398766495,9.52613331304418));
#11315=CARTESIAN_POINT('',(-259.537682249482,43.0863757750409,11.6984421723066));
#11316=CARTESIAN_POINT('',(-258.713582249482,25.3943398766495,9.52613331304418));
#11317=CARTESIAN_POINT('',(-218.010457249482,25.3943398766478,9.52613331304397));
#11318=CARTESIAN_POINT('',(-258.713582249482,19.1710060276278,8.76200399903986));
#11319=CARTESIAN_POINT('',(-258.713582249482,39.9747088505297,11.3163775153044));
#11320=CARTESIAN_POINT('',(-256.988582249482,19.1710060276278,8.76200399903987));
#11321=CARTESIAN_POINT('',(-217.147957249481,19.1710060276286,8.76200399903997));
#11322=CARTESIAN_POINT('',(-256.988582249482,17.9796826581973,8.61572788223097));
#11323=CARTESIAN_POINT('',(-256.988582249482,39.3790471658147,11.2432394569));
#11324=CARTESIAN_POINT('',(-253.687982249482,17.9796826581973,8.61572788223097));
#11325=CARTESIAN_POINT('',(-215.497657249482,17.9796826581973,8.61572788223098));
#11326=CARTESIAN_POINT('',(-253.687982249482,19.1710060276278,8.76200399903987));
#11327=CARTESIAN_POINT('',(-253.687982249482,39.97470885053,11.3163775153044));
#11328=CARTESIAN_POINT('',(-251.962482249482,19.1710060276278,8.76200399903987));
#11329=CARTESIAN_POINT('',(-214.634907249482,19.1710060276272,8.7620039990398));
#11330=CARTESIAN_POINT('',(-251.962482249482,23.6080247911561,9.30680139963763));
#11331=CARTESIAN_POINT('',(-251.962482249482,42.1932182322941,11.5887762156033));
#11332=CARTESIAN_POINT('',(-212.338582249482,23.6080247911561,9.30680139963764));
#11333=CARTESIAN_POINT('',(-194.822957249482,23.6080247911561,9.30680139963764));
#11334=CARTESIAN_POINT('',(-212.338582249482,39.8605015275916,11.3023546193055));
#11335=CARTESIAN_POINT('',(-331.399672249482,18.9425913817505,8.73395820704204));
#11336=CARTESIAN_POINT('',(-317.400182249482,18.9425913817505,8.73395820704204));
#11337=CARTESIAN_POINT('',(-247.353757249482,18.9425913817506,8.73395820704205));
#11338=CARTESIAN_POINT('',(-317.400182249482,32.8377015298072,10.4400632052687));
#11339=CARTESIAN_POINT('',(-317.400182249482,46.8080566016196,12.1554071184188));
#11340=CARTESIAN_POINT('',(-331.399672249482,32.8377015298071,10.4400632052687));
#11341=CARTESIAN_POINT('',(-254.353502249482,32.8377015298073,10.4400632052687));
#11342=CARTESIAN_POINT('',(-331.399672249482,39.8605015275917,11.3023546193055));
#11343=CARTESIAN_POINT('',(-300.443382249482,56.7587585666692,13.3771996898731));
#11344=CARTESIAN_POINT('',(-286.444082249482,56.7587585666692,13.3771996898731));
#11345=CARTESIAN_POINT('',(-231.875707249482,56.7587585666693,13.3771996898731));
#11346=CARTESIAN_POINT('',(-286.444082249482,70.6537099073416,15.0832851890048));
#11347=CARTESIAN_POINT('',(-286.444082249482,65.7160607903867,14.4770181102868));
#11348=CARTESIAN_POINT('',(-300.443382249482,70.6537099073416,15.0832851890047));
#11349=CARTESIAN_POINT('',(-238.875357249482,70.6537099073417,15.0832851890048));
#11350=CARTESIAN_POINT('',(-300.443382249482,58.7685851200507,13.623975360721));
#11351=CARTESIAN_POINT('',(-271.868382249482,37.8505558686717,11.0555643241364));
#11352=CARTESIAN_POINT('',(-257.869082249482,37.8505558686717,11.0555643241364));
#11353=CARTESIAN_POINT('',(-217.588207249482,37.8505558686716,11.0555643241363));
#11354=CARTESIAN_POINT('',(-257.869082249482,51.7456064639593,12.7616620102024));
#11355=CARTESIAN_POINT('',(-257.869082249482,56.2620090686957,13.3162065208857));
#11356=CARTESIAN_POINT('',(-271.868382249482,51.7456064639593,12.7616620102024));
#11357=CARTESIAN_POINT('',(-224.587857249482,51.7456064639592,12.7616620102024));
#11358=CARTESIAN_POINT('',(-271.868382249482,49.3144837710521,12.4631576778527));
#11359=CARTESIAN_POINT('',(-248.055882249482,75.6667627554364,15.6988106817411));
#11360=CARTESIAN_POINT('',(-234.056582249482,75.6667627554364,15.6988106817411));
#11361=CARTESIAN_POINT('',(-205.681957249482,75.6667627554365,15.6988106817411));
#11362=CARTESIAN_POINT('',(-234.056582249482,89.5617140961088,17.4048961808728));
#11363=CARTESIAN_POINT('',(-234.056582249482,75.1700628847706,15.6378236062209));
#11364=CARTESIAN_POINT('',(-248.055882249482,89.5617140961088,17.4048961808728));
#11365=CARTESIAN_POINT('',(-212.681607249482,89.5617140961089,17.4048961808728));
#11366=CARTESIAN_POINT('',(-248.055882249482,68.2225872144344,14.7847808566551));
#11367=CARTESIAN_POINT('',(-224.243582249482,56.7587585666693,13.3771996898731));
#11368=CARTESIAN_POINT('',(-210.243582249482,56.7587585666693,13.3771996898731));
#11369=CARTESIAN_POINT('',(-193.775457249482,56.7587585666693,13.3771996898731));
#11370=CARTESIAN_POINT('',(-210.243582249482,70.6537099073416,15.0832851890048));
#11371=CARTESIAN_POINT('',(-210.243582249482,65.7160607903869,14.4770181102869));
#11372=CARTESIAN_POINT('',(-224.243582249482,70.6537099073416,15.0832851890048));
#11373=CARTESIAN_POINT('',(-200.775457249482,70.6537099073416,15.0832851890048));
#11374=CARTESIAN_POINT('',(-224.243582249482,58.7685851200507,13.623975360721));
#11375=CARTESIAN_POINT('',(-195.668582249482,37.8505558686717,11.0555643241364));
#11376=CARTESIAN_POINT('',(-181.668582249482,37.8505558686718,11.0555643241364));
#11377=CARTESIAN_POINT('',(-179.487957249482,37.8505558686718,11.0555643241364));
#11378=CARTESIAN_POINT('',(-181.668582249482,51.7456064639593,12.7616620102024));
#11379=CARTESIAN_POINT('',(-181.668582249482,56.2620090686958,13.3162065208857));
#11380=CARTESIAN_POINT('',(-195.668582249482,51.7456064639593,12.7616620102024));
#11381=CARTESIAN_POINT('',(-186.487957249482,51.7456064639593,12.7616620102024));
#11382=CARTESIAN_POINT('',(-195.668582249482,49.314483771052,12.4631576778527));
#11383=CARTESIAN_POINT('',(-171.855582249482,75.6667627554365,15.6988106817411));
#11384=CARTESIAN_POINT('',(-157.856582249482,75.6667627554365,15.6988106817411));
#11385=CARTESIAN_POINT('',(-167.581957249482,75.6667627554365,15.6988106817411));
#11386=CARTESIAN_POINT('',(-157.856582249482,89.5617140961089,17.4048961808728));
#11387=CARTESIAN_POINT('',(-157.856582249482,75.1700628847705,15.6378236062209));
#11388=CARTESIAN_POINT('',(-171.855582249482,89.5617140961089,17.4048961808728));
#11389=CARTESIAN_POINT('',(-174.581457249482,89.5617140961089,17.4048961808728));
#11390=CARTESIAN_POINT('',(-171.855582249482,68.2225872144344,14.7847808566551));
#11391=CARTESIAN_POINT('',(-138.518582249482,37.8505558686718,11.0555643241364));
#11392=CARTESIAN_POINT('',(-124.518582249482,37.8505558686718,11.0555643241364));
#11393=CARTESIAN_POINT('',(-150.912957249482,37.8505558686718,11.0555643241364));
#11394=CARTESIAN_POINT('',(-124.518582249482,51.7456064639593,12.7616620102024));
#11395=CARTESIAN_POINT('',(-124.518582249482,56.2620090686959,13.3162065208857));
#11396=CARTESIAN_POINT('',(-138.518582249482,51.7456064639594,12.7616620102024));
#11397=CARTESIAN_POINT('',(-157.912957249482,51.7456064639594,12.7616620102024));
#11398=CARTESIAN_POINT('',(-138.518582249482,49.3144837710521,12.4631576778527));
#11399=CARTESIAN_POINT('',(-128.993582249482,56.7587585666693,13.3771996898731));
#11400=CARTESIAN_POINT('',(-114.993582249482,56.7587585666693,13.3771996898731));
#11401=CARTESIAN_POINT('',(-146.150457249482,56.7587585666693,13.3771996898731));
#11402=CARTESIAN_POINT('',(-114.993582249482,70.6537099073417,15.0832851890048));
#11403=CARTESIAN_POINT('',(-114.993582249482,65.7160607903872,14.4770181102869));
#11404=CARTESIAN_POINT('',(-128.993582249482,70.6537099073416,15.0832851890048));
#11405=CARTESIAN_POINT('',(-153.150457249482,70.6537099073416,15.0832851890048));
#11406=CARTESIAN_POINT('',(-128.993582249482,58.768585120051,13.6239753607211));
#11407=CARTESIAN_POINT('',(-119.468582249481,37.8505558686718,11.0555643241364));
#11408=CARTESIAN_POINT('',(-105.468582249481,37.8505558686718,11.0555643241364));
#11409=CARTESIAN_POINT('',(-141.387957249482,37.8505558686718,11.0555643241364));
#11410=CARTESIAN_POINT('',(-105.468582249482,51.7456064639593,12.7616620102024));
#11411=CARTESIAN_POINT('',(-105.468582249482,56.2620090686959,13.3162065208857));
#11412=CARTESIAN_POINT('',(-119.468582249482,51.7456064639593,12.7616620102024));
#11413=CARTESIAN_POINT('',(-148.387957249482,51.7456064639593,12.7616620102024));
#11414=CARTESIAN_POINT('',(-119.468582249482,49.3144837710521,12.4631576778527));
#11415=CARTESIAN_POINT('',(-52.7798322494815,18.8234858435538,8.71933388583345));
#11416=CARTESIAN_POINT('',(-38.7808322494815,18.8234858435538,8.71933388583344));
#11417=CARTESIAN_POINT('',(-108.044082249482,18.8234858435539,8.71933388583346));
#11418=CARTESIAN_POINT('',(-38.7808322494814,32.7185959916104,10.4254388840601));
#11419=CARTESIAN_POINT('',(-38.7808322494814,46.748503832521,12.1480949578145));
#11420=CARTESIAN_POINT('',(-52.7798322494815,32.7185959916104,10.4254388840601));
#11421=CARTESIAN_POINT('',(-115.043582249482,32.7185959916105,10.4254388840601));
#11422=CARTESIAN_POINT('',(-52.7798322494814,39.8009487584927,11.2950424587012));
#11423=CARTESIAN_POINT('',(-81.3685822494816,37.8505558686719,11.0555643241364));
#11424=CARTESIAN_POINT('',(-67.3685822494816,37.8505558686718,11.0555643241364));
#11425=CARTESIAN_POINT('',(-122.337957249482,37.8505558686719,11.0555643241364));
#11426=CARTESIAN_POINT('',(-67.3685822494816,51.7456064639594,12.7616620102024));
#11427=CARTESIAN_POINT('',(-67.3685822494816,56.2620090686958,13.3162065208857));
#11428=CARTESIAN_POINT('',(-81.3685822494816,51.7456064639594,12.7616620102024));
#11429=CARTESIAN_POINT('',(-129.337957249482,51.7456064639596,12.7616620102024));
#11430=CARTESIAN_POINT('',(-81.3685822494816,49.3144837710521,12.4631576778527));
#11431=CARTESIAN_POINT('',(-105.180582249482,94.5747669442037,18.0204216736092));
#11432=CARTESIAN_POINT('',(-91.1815822494815,94.5747669442037,18.0204216736092));
#11433=CARTESIAN_POINT('',(-134.244457249482,94.5747669442037,18.0204216736092));
#11434=CARTESIAN_POINT('',(-91.1815822494816,108.469718284876,19.7265071727408));
#11435=CARTESIAN_POINT('',(-91.1815822494815,84.6240649791544,16.7986291021549));
#11436=CARTESIAN_POINT('',(-105.180582249482,108.469718284876,19.7265071727409));
#11437=CARTESIAN_POINT('',(-141.243957249482,108.469718284876,19.7265071727409));
#11438=CARTESIAN_POINT('',(-105.180582249482,77.6765893088179,15.9455863525891));
#11439=CARTESIAN_POINT('',(-181.380582249482,94.5747669442037,18.0204216736092));
#11440=CARTESIAN_POINT('',(-167.381582249482,94.5747669442037,18.0204216736092));
#11441=CARTESIAN_POINT('',(-172.344457249482,94.5747669442037,18.0204216736092));
#11442=CARTESIAN_POINT('',(-167.381582249482,108.469718284876,19.7265071727408));
#11443=CARTESIAN_POINT('',(-167.381582249482,84.6240649791541,16.7986291021549));
#11444=CARTESIAN_POINT('',(-181.380582249482,108.469718284876,19.7265071727408));
#11445=CARTESIAN_POINT('',(-179.343957249482,108.469718284876,19.7265071727408));
#11446=CARTESIAN_POINT('',(-181.380582249482,77.676589308818,15.9455863525891));
#11447=CARTESIAN_POINT('',(-257.580882249482,94.5747669442036,18.0204216736092));
#11448=CARTESIAN_POINT('',(-243.581582249482,94.5747669442036,18.0204216736092));
#11449=CARTESIAN_POINT('',(-210.444457249482,94.5747669442037,18.0204216736092));
#11450=CARTESIAN_POINT('',(-243.581582249482,108.469718284876,19.7265071727408));
#11451=CARTESIAN_POINT('',(-243.581582249482,84.6240649791541,16.7986291021549));
#11452=CARTESIAN_POINT('',(-257.580882249482,108.469718284876,19.7265071727408));
#11453=CARTESIAN_POINT('',(-217.444107249482,108.469718284876,19.7265071727408));
#11454=CARTESIAN_POINT('',(-257.580882249482,77.6765893088178,15.9455863525891));
#11455=CARTESIAN_POINT('',(-333.780932249482,94.5747669442036,18.0204216736092));
#11456=CARTESIAN_POINT('',(-319.781382249482,94.5747669442036,18.0204216736092));
#11457=CARTESIAN_POINT('',(-248.544357249482,94.5747669442036,18.0204216736092));
#11458=CARTESIAN_POINT('',(-319.781382249482,108.469718284876,19.7265071727408));
#11459=CARTESIAN_POINT('',(-319.781382249482,84.624064979154,16.7986291021549));
#11460=CARTESIAN_POINT('',(-333.780932249482,108.469718284876,19.7265071727408));
#11461=CARTESIAN_POINT('',(-255.544132249482,108.469718284876,19.7265071727408));
#11462=CARTESIAN_POINT('',(-333.780932249482,77.6765893088182,15.9455863525891));
#11463=CARTESIAN_POINT('',(-276.630882249482,94.5747669442036,18.0204216736092));
#11464=CARTESIAN_POINT('',(-262.631582249482,94.5747669442036,18.0204216736092));
#11465=CARTESIAN_POINT('',(-219.969457249482,94.5747669442035,18.0204216736092));
#11466=CARTESIAN_POINT('',(-262.631582249482,108.469718284876,19.7265071727408));
#11467=CARTESIAN_POINT('',(-262.631582249482,84.624064979154,16.7986291021549));
#11468=CARTESIAN_POINT('',(-276.630882249482,108.469718284876,19.7265071727408));
#11469=CARTESIAN_POINT('',(-226.969107249482,108.469718284876,19.7265071727408));
#11470=CARTESIAN_POINT('',(-276.630882249482,77.6765893088178,15.945586352589));
#11471=CARTESIAN_POINT('',(-200.430582249482,94.5747669442036,18.0204216736092));
#11472=CARTESIAN_POINT('',(-186.431582249482,94.5747669442037,18.0204216736092));
#11473=CARTESIAN_POINT('',(-181.869457249482,94.5747669442037,18.0204216736092));
#11474=CARTESIAN_POINT('',(-186.431582249482,108.469718284876,19.7265071727409));
#11475=CARTESIAN_POINT('',(-186.431582249482,84.6240649791542,16.7986291021549));
#11476=CARTESIAN_POINT('',(-200.430582249482,108.469718284876,19.7265071727408));
#11477=CARTESIAN_POINT('',(-188.868957249482,108.469718284876,19.7265071727408));
#11478=CARTESIAN_POINT('',(-200.430582249482,77.6765893088179,15.9455863525891));
#11479=CARTESIAN_POINT('',(-124.230582249482,94.5747669442037,18.0204216736092));
#11480=CARTESIAN_POINT('',(-110.231582249482,94.5747669442037,18.0204216736092));
#11481=CARTESIAN_POINT('',(-143.769457249482,94.5747669442037,18.0204216736092));
#11482=CARTESIAN_POINT('',(-110.231582249482,108.469718284876,19.7265071727408));
#11483=CARTESIAN_POINT('',(-110.231582249482,84.6240649791542,16.7986291021549));
#11484=CARTESIAN_POINT('',(-124.230582249482,108.469718284876,19.7265071727408));
#11485=CARTESIAN_POINT('',(-150.768957249482,108.469718284876,19.7265071727408));
#11486=CARTESIAN_POINT('',(-124.230582249482,77.6765893088181,15.9455863525891));
#11487=CARTESIAN_POINT('',(-64.9875822494815,70.6537099073417,15.0832851890048));
#11488=CARTESIAN_POINT('',(-78.9885822494814,70.6537099073417,15.0832851890048));
#11489=CARTESIAN_POINT('',(-128.147957249482,70.6537099073416,15.0832851890048));
#11490=CARTESIAN_POINT('',(-78.9885822494814,65.9882467215517,14.5104383403289));
#11491=CARTESIAN_POINT('',(-78.9885822494814,63.3833291974919,14.1905946859489));
#11492=CARTESIAN_POINT('',(-80.5125822494815,65.9882467215517,14.5104383403289));
#11493=CARTESIAN_POINT('',(-128.909957249481,65.9882467215533,14.5104383403291));
#11494=CARTESIAN_POINT('',(-80.5125822494815,69.1942700459683,14.9040885064618));
#11495=CARTESIAN_POINT('',(-80.5125822494815,64.9863408597004,14.3874197690154));
#11496=CARTESIAN_POINT('',(-87.2635822494815,69.1942700459683,14.9040885064618));
#11497=CARTESIAN_POINT('',(-132.285457249482,69.1942700459681,14.9040885064618));
#11498=CARTESIAN_POINT('',(-87.2635822494815,65.9882467215517,14.5104383403289));
#11499=CARTESIAN_POINT('',(-87.2635822494815,63.383329197492,14.1905946859489));
#11500=CARTESIAN_POINT('',(-88.0875822494815,65.9882467215517,14.5104383403289));
#11501=CARTESIAN_POINT('',(-132.697457249482,65.9882467215516,14.5104383403289));
#11502=CARTESIAN_POINT('',(-88.0875822494816,63.2102092977227,14.1693382350722));
#11503=CARTESIAN_POINT('',(-88.0875822494816,61.9943104855764,14.0200446333205));
#11504=CARTESIAN_POINT('',(-87.2635822494816,63.2102092977227,14.1693382350722));
#11505=CARTESIAN_POINT('',(-132.285457249482,63.2102092977227,14.1693382350722));
#11506=CARTESIAN_POINT('',(-87.2635822494815,56.9870441815468,13.4052296388563));
#11507=CARTESIAN_POINT('',(-87.2635822494815,58.8827279274901,13.6379903352127));
#11508=CARTESIAN_POINT('',(-85.5385822494815,56.9870441815468,13.4052296388563));
#11509=CARTESIAN_POINT('',(-131.422957249482,56.9870441815468,13.4052296388563));
#11510=CARTESIAN_POINT('',(-85.5385822494815,55.7957902903469,13.2589620529014));
#11511=CARTESIAN_POINT('',(-85.5385822494815,58.287100981889,13.5648565422351));
#11512=CARTESIAN_POINT('',(-82.2395822494816,55.7957902903469,13.2589620529014));
#11513=CARTESIAN_POINT('',(-129.773457249482,55.795790290347,13.2589620529014));
#11514=CARTESIAN_POINT('',(-82.2395822494816,56.9870441815468,13.4052296388563));
#11515=CARTESIAN_POINT('',(-82.2395822494815,58.8827279274889,13.6379903352125));
#11516=CARTESIAN_POINT('',(-80.5125822494816,56.9870441815469,13.4052296388563));
#11517=CARTESIAN_POINT('',(-128.909957249482,56.9870441815466,13.4052296388562));
#11518=CARTESIAN_POINT('',(-80.5125822494816,61.4227329332319,13.9498637345339));
#11519=CARTESIAN_POINT('',(-80.5125822494816,61.1005723033322,13.9103073830514));
#11520=CARTESIAN_POINT('',(-78.9885822494815,61.4227329332319,13.9498637345339));
#11521=CARTESIAN_POINT('',(-128.147957249482,61.422732933233,13.949863734534));
#11522=CARTESIAN_POINT('',(-78.9885822494815,56.7587585666693,13.3771996898731));
#11523=CARTESIAN_POINT('',(-78.9885822494815,58.7685851200508,13.623975360721));
#11524=CARTESIAN_POINT('',(-64.9875822494815,56.7587585666694,13.3771996898731));
#11525=CARTESIAN_POINT('',(-121.147457249482,56.7587585666693,13.3771996898731));
#11526=CARTESIAN_POINT('',(-64.9875822494815,61.4227329332319,13.9498637345339));
#11527=CARTESIAN_POINT('',(-64.9875822494815,61.100572303332,13.9103073830514));
#11528=CARTESIAN_POINT('',(-63.4635822494815,61.4227329332319,13.9498637345339));
#11529=CARTESIAN_POINT('',(-120.385457249482,61.4227329332318,13.9498637345339));
#11530=CARTESIAN_POINT('',(-63.4635822494815,56.9870441815468,13.4052296388563));
#11531=CARTESIAN_POINT('',(-63.4635822494815,58.8827279274895,13.6379903352126));
#11532=CARTESIAN_POINT('',(-61.7385822494815,56.9870441815468,13.4052296388563));
#11533=CARTESIAN_POINT('',(-119.522957249482,56.9870441815468,13.4052296388563));
#11534=CARTESIAN_POINT('',(-61.7385822494816,55.7957902903469,13.2589620529014));
#11535=CARTESIAN_POINT('',(-61.7385822494814,58.2871009818863,13.5648565422348));
#11536=CARTESIAN_POINT('',(-58.4375822494816,55.7957902903469,13.2589620529014));
#11537=CARTESIAN_POINT('',(-117.872457249482,55.795790290347,13.2589620529014));
#11538=CARTESIAN_POINT('',(-58.4375822494815,56.9870441815468,13.4052296388563));
#11539=CARTESIAN_POINT('',(-58.4375822494814,58.8827279274861,13.6379903352122));
#11540=CARTESIAN_POINT('',(-56.7125822494815,56.9870441815469,13.4052296388563));
#11541=CARTESIAN_POINT('',(-117.009957249482,56.9870441815462,13.4052296388562));
#11542=CARTESIAN_POINT('',(-56.7125822494815,63.2102092977228,14.1693382350722));
#11543=CARTESIAN_POINT('',(-56.7125822494815,61.9943104855775,14.0200446333206));
#11544=CARTESIAN_POINT('',(-55.8885822494815,63.2102092977228,14.1693382350722));
#11545=CARTESIAN_POINT('',(-116.597957249482,63.2102092977227,14.1693382350722));
#11546=CARTESIAN_POINT('',(-55.8885822494815,65.9882467215517,14.5104383403289));
#11547=CARTESIAN_POINT('',(-55.8885822494815,63.3833291974905,14.1905946859487));
#11548=CARTESIAN_POINT('',(-56.7125822494815,65.9882467215517,14.5104383403289));
#11549=CARTESIAN_POINT('',(-117.009957249482,65.9882467215516,14.5104383403289));
#11550=CARTESIAN_POINT('',(-56.7125822494815,69.1942700459683,14.9040885064618));
#11551=CARTESIAN_POINT('',(-56.7125822494815,64.9863408597015,14.3874197690156));
#11552=CARTESIAN_POINT('',(-63.4635822494815,69.1942700459683,14.9040885064618));
#11553=CARTESIAN_POINT('',(-120.385457249482,69.1942700459683,14.9040885064618));
#11554=CARTESIAN_POINT('',(-63.4635822494815,65.9882467215517,14.5104383403289));
#11555=CARTESIAN_POINT('',(-63.4635822494815,63.3833291974919,14.1905946859489));
#11556=CARTESIAN_POINT('',(-64.9875822494815,65.9882467215517,14.5104383403289));
#11557=CARTESIAN_POINT('',(-121.147457249482,65.9882467215516,14.5104383403289));
#11558=CARTESIAN_POINT('',(-64.9875822494815,65.716060790387,14.4770181102869));
#11559=CARTESIAN_POINT('',(-71.8298322494815,18.8234858435538,8.71933388583344));
#11560=CARTESIAN_POINT('',(-57.8308322494815,18.8234858435538,8.71933388583344));
#11561=CARTESIAN_POINT('',(-117.569082249482,18.8234858435537,8.71933388583344));
#11562=CARTESIAN_POINT('',(-57.8308322494815,32.7185959916104,10.4254388840601));
#11563=CARTESIAN_POINT('',(-57.8308322494815,46.7485038325213,12.1480949578145));
#11564=CARTESIAN_POINT('',(-71.8298322494815,32.7185959916104,10.4254388840601));
#11565=CARTESIAN_POINT('',(-124.568582249482,32.7185959916103,10.4254388840601));
#11566=CARTESIAN_POINT('',(-71.8298322494815,39.800948758493,11.2950424587012));
#11567=CARTESIAN_POINT('',(-117.088582249481,18.9425913817507,8.73395820704206));
#11568=CARTESIAN_POINT('',(-103.087582249482,18.9425913817506,8.73395820704205));
#11569=CARTESIAN_POINT('',(-140.197457249482,18.9425913817508,8.73395820704207));
#11570=CARTESIAN_POINT('',(-103.087582249482,32.8377015298073,10.4400632052687));
#11571=CARTESIAN_POINT('',(-103.087582249482,46.8080566016198,12.1554071184188));
#11572=CARTESIAN_POINT('',(-117.088582249481,32.8377015298073,10.4400632052687));
#11573=CARTESIAN_POINT('',(-147.197957249482,32.8377015298074,10.4400632052687));
#11574=CARTESIAN_POINT('',(-117.088582249481,39.8605015275915,11.3023546193055));
#11575=CARTESIAN_POINT('',(-114.705582249482,75.6667627554365,15.6988106817411));
#11576=CARTESIAN_POINT('',(-100.706582249482,75.6667627554365,15.6988106817411));
#11577=CARTESIAN_POINT('',(-139.006957249482,75.6667627554365,15.6988106817411));
#11578=CARTESIAN_POINT('',(-100.706582249482,89.5617140961089,17.4048961808728));
#11579=CARTESIAN_POINT('',(-100.706582249482,75.1700628847706,15.6378236062209));
#11580=CARTESIAN_POINT('',(-114.705582249482,89.5617140961089,17.4048961808728));
#11581=CARTESIAN_POINT('',(-146.006457249482,89.5617140961089,17.4048961808728));
#11582=CARTESIAN_POINT('',(-114.705582249482,68.2225872144344,14.7847808566551));
#11583=CARTESIAN_POINT('',(-148.043582249482,56.7587585666693,13.3771996898731));
#11584=CARTESIAN_POINT('',(-134.043582249482,56.7587585666693,13.3771996898731));
#11585=CARTESIAN_POINT('',(-155.675457249482,56.7587585666693,13.3771996898731));
#11586=CARTESIAN_POINT('',(-134.043582249482,70.6537099073416,15.0832851890048));
#11587=CARTESIAN_POINT('',(-134.043582249482,65.716060790387,14.4770181102869));
#11588=CARTESIAN_POINT('',(-148.043582249482,70.6537099073416,15.0832851890048));
#11589=CARTESIAN_POINT('',(-162.675457249482,70.6537099073417,15.0832851890048));
#11590=CARTESIAN_POINT('',(-148.043582249482,58.7685851200509,13.623975360721));
#11591=CARTESIAN_POINT('',(-157.568582249482,37.8505558686718,11.0555643241364));
#11592=CARTESIAN_POINT('',(-143.568582249482,37.8505558686718,11.0555643241364));
#11593=CARTESIAN_POINT('',(-160.437957249482,37.8505558686718,11.0555643241364));
#11594=CARTESIAN_POINT('',(-143.568582249482,51.7456064639593,12.7616620102024));
#11595=CARTESIAN_POINT('',(-143.568582249482,56.2620090686958,13.3162065208857));
#11596=CARTESIAN_POINT('',(-157.568582249482,51.7456064639593,12.7616620102024));
#11597=CARTESIAN_POINT('',(-167.437957249482,51.7456064639593,12.7616620102024));
#11598=CARTESIAN_POINT('',(-157.568582249482,49.3144837710521,12.4631576778527));
#11599=CARTESIAN_POINT('',(-176.618582249482,37.8505558686718,11.0555643241364));
#11600=CARTESIAN_POINT('',(-162.618582249482,37.8505558686718,11.0555643241364));
#11601=CARTESIAN_POINT('',(-169.962957249482,37.8505558686718,11.0555643241364));
#11602=CARTESIAN_POINT('',(-162.618582249482,51.7456064639593,12.7616620102024));
#11603=CARTESIAN_POINT('',(-162.618582249482,56.2620090686958,13.3162065208857));
#11604=CARTESIAN_POINT('',(-176.618582249482,51.7456064639593,12.7616620102024));
#11605=CARTESIAN_POINT('',(-176.962957249482,51.7456064639593,12.7616620102024));
#11606=CARTESIAN_POINT('',(-176.618582249482,49.314483771052,12.4631576778527));
#11607=CARTESIAN_POINT('',(-229.005582249482,75.6667627554364,15.6988106817411));
#11608=CARTESIAN_POINT('',(-215.006582249482,75.6667627554364,15.6988106817411));
#11609=CARTESIAN_POINT('',(-196.156957249482,75.6667627554365,15.6988106817411));
#11610=CARTESIAN_POINT('',(-215.006582249482,89.5617140961088,17.4048961808728));
#11611=CARTESIAN_POINT('',(-215.006582249482,75.1700628847706,15.6378236062209));
#11612=CARTESIAN_POINT('',(-229.005582249482,89.5617140961088,17.4048961808728));
#11613=CARTESIAN_POINT('',(-203.156457249482,89.5617140961088,17.4048961808728));
#11614=CARTESIAN_POINT('',(-229.005582249482,68.2225872144344,14.7847808566551));
#11615=CARTESIAN_POINT('',(-243.293382249482,56.7587585666693,13.3771996898731));
#11616=CARTESIAN_POINT('',(-229.293582249482,56.7587585666692,13.3771996898731));
#11617=CARTESIAN_POINT('',(-203.300457249482,56.7587585666692,13.3771996898731));
#11618=CARTESIAN_POINT('',(-229.293582249482,70.6537099073416,15.0832851890048));
#11619=CARTESIAN_POINT('',(-229.293582249482,65.7160607903868,14.4770181102869));
#11620=CARTESIAN_POINT('',(-243.293382249482,70.6537099073416,15.0832851890048));
#11621=CARTESIAN_POINT('',(-210.300357249482,70.6537099073416,15.0832851890048));
#11622=CARTESIAN_POINT('',(-243.293382249482,58.7685851200506,13.623975360721));
#11623=CARTESIAN_POINT('',(-252.818382249482,37.8505558686717,11.0555643241364));
#11624=CARTESIAN_POINT('',(-238.819082249482,37.8505558686717,11.0555643241364));
#11625=CARTESIAN_POINT('',(-208.063207249482,37.8505558686718,11.0555643241364));
#11626=CARTESIAN_POINT('',(-238.819082249482,51.7456064639593,12.7616620102024));
#11627=CARTESIAN_POINT('',(-238.819082249482,56.2620090686957,13.3162065208857));
#11628=CARTESIAN_POINT('',(-252.818382249482,51.7456064639592,12.7616620102024));
#11629=CARTESIAN_POINT('',(-215.062857249482,51.7456064639593,12.7616620102024));
#11630=CARTESIAN_POINT('',(-252.818382249482,49.3144837710521,12.4631576778527));
#11631=CARTESIAN_POINT('',(-305.205882249482,75.6667627554364,15.6988106817411));
#11632=CARTESIAN_POINT('',(-291.206582249482,75.6667627554364,15.6988106817411));
#11633=CARTESIAN_POINT('',(-234.256957249482,75.6667627554365,15.6988106817411));
#11634=CARTESIAN_POINT('',(-291.206582249482,89.5617140961088,17.4048961808728));
#11635=CARTESIAN_POINT('',(-291.206582249482,75.1700628847706,15.6378236062209));
#11636=CARTESIAN_POINT('',(-305.205882249482,89.5617140961088,17.4048961808728));
#11637=CARTESIAN_POINT('',(-241.256607249482,89.5617140961089,17.4048961808728));
#11638=CARTESIAN_POINT('',(-305.205882249482,68.2225872144344,14.7847808566551));
#11639=CARTESIAN_POINT('',(-307.588582249482,18.9425913817505,8.73395820704204));
#11640=CARTESIAN_POINT('',(-293.587782249482,18.9425913817505,8.73395820704204));
#11641=CARTESIAN_POINT('',(-235.447557249482,18.9425913817505,8.73395820704203));
#11642=CARTESIAN_POINT('',(-293.587782249482,32.8377015298072,10.4400632052687));
#11643=CARTESIAN_POINT('',(-293.587782249482,46.8080566016195,12.1554071184188));
#11644=CARTESIAN_POINT('',(-307.588582249482,32.8377015298072,10.4400632052687));
#11645=CARTESIAN_POINT('',(-242.447957249482,32.8377015298071,10.4400632052686));
#11646=CARTESIAN_POINT('',(-307.588582249482,39.8605015275913,11.3023546193055));
#11647=CARTESIAN_POINT('',(-329.018422249482,75.6667627554363,15.6988106817411));
#11648=CARTESIAN_POINT('',(-315.018882249482,75.6667627554364,15.6988106817411));
#11649=CARTESIAN_POINT('',(-246.163107249482,75.6667627554364,15.6988106817411));
#11650=CARTESIAN_POINT('',(-315.018882249482,89.5617140961087,17.4048961808728));
#11651=CARTESIAN_POINT('',(-315.018882249482,75.1700628847706,15.6378236062209));
#11652=CARTESIAN_POINT('',(-329.018422249482,89.5617140961087,17.4048961808728));
#11653=CARTESIAN_POINT('',(-253.162877249482,89.561714096109,17.4048961808728));
#11654=CARTESIAN_POINT('',(-329.018422249482,68.2225872144342,14.784780856655));
#11655=CARTESIAN_POINT('',(-307.875182249482,51.7456064639592,12.7616620102024));
#11656=CARTESIAN_POINT('',(-321.874682249482,51.7456064639592,12.7616620102024));
#11657=CARTESIAN_POINT('',(-249.591007249482,51.7456064639594,12.7616620102024));
#11658=CARTESIAN_POINT('',(-321.874682249482,47.0802425327843,12.1888273484608));
#11659=CARTESIAN_POINT('',(-321.874682249482,53.9293271031082,13.0297891900149));
#11660=CARTESIAN_POINT('',(-323.400182249482,47.0802425327843,12.1888273484608));
#11661=CARTESIAN_POINT('',(-250.353757249482,47.0802425327827,12.1888273484606));
#11662=CARTESIAN_POINT('',(-323.400182249482,50.2863651118161,12.5824897015281));
#11663=CARTESIAN_POINT('',(-323.400182249482,55.5323883926241,13.2266203665485));
#11664=CARTESIAN_POINT('',(-330.149782249482,50.2863651118161,12.5824897015281));
#11665=CARTESIAN_POINT('',(-253.728557249482,50.2863651118163,12.5824897015281));
#11666=CARTESIAN_POINT('',(-330.149782249482,47.0802425327843,12.1888273484608));
#11667=CARTESIAN_POINT('',(-330.149782249482,53.9293271031082,13.0297891900149));
#11668=CARTESIAN_POINT('',(-330.975252249482,47.0802425327843,12.1888273484608));
#11669=CARTESIAN_POINT('',(-254.141292249482,47.0802425327844,12.1888273484608));
#11670=CARTESIAN_POINT('',(-330.975252249482,44.3023043635706,11.8477394301385));
#11671=CARTESIAN_POINT('',(-330.975252249482,52.5403580185014,12.8592452308537));
#11672=CARTESIAN_POINT('',(-330.149782249482,44.3023043635706,11.8477394301385));
#11673=CARTESIAN_POINT('',(-253.728557249482,44.3023043635707,11.8477394301385));
#11674=CARTESIAN_POINT('',(-330.149782249482,38.0790399927795,11.0836186469882));
#11675=CARTESIAN_POINT('',(-330.149782249482,49.4287258331058,12.4771848392786));
#11676=CARTESIAN_POINT('',(-328.424492249482,38.0790399927795,11.0836186469882));
#11677=CARTESIAN_POINT('',(-252.865912249482,38.0790399927799,11.0836186469883));
#11678=CARTESIAN_POINT('',(-328.424492249482,36.8876868469644,10.937338874099));
#11679=CARTESIAN_POINT('',(-328.424492249482,48.8330492601983,12.404044952834));
#11680=CARTESIAN_POINT('',(-325.125482249482,36.8876868469644,10.937338874099));
#11681=CARTESIAN_POINT('',(-251.216407249482,36.8876868469646,10.937338874099));
#11682=CARTESIAN_POINT('',(-325.125482249482,38.0790399927795,11.0836186469882));
#11683=CARTESIAN_POINT('',(-325.125482249483,49.4287258331015,12.4771848392781));
#11684=CARTESIAN_POINT('',(-323.400182249482,38.0790399927795,11.0836186469882));
#11685=CARTESIAN_POINT('',(-250.353757249482,38.079039992779,11.0836186469882));
#11686=CARTESIAN_POINT('',(-323.400182249482,42.5146294898494,11.6282405557315));
#11687=CARTESIAN_POINT('',(-323.400182249482,51.6465205816407,12.7494957936502));
#11688=CARTESIAN_POINT('',(-321.874682249482,42.5146294898493,11.6282405557315));
#11689=CARTESIAN_POINT('',(-249.591007249482,42.5146294898477,11.6282405557313));
#11690=CARTESIAN_POINT('',(-321.874682249482,37.8505558686716,11.0555643241363));
#11691=CARTESIAN_POINT('',(-321.874682249482,49.3144837710519,12.4631576778526));
#11692=CARTESIAN_POINT('',(-307.875182249482,37.8505558686717,11.0555643241364));
#11693=CARTESIAN_POINT('',(-242.591257249482,37.8505558686719,11.0555643241364));
#11694=CARTESIAN_POINT('',(-307.875182249482,42.5146294898494,11.6282405557315));
#11695=CARTESIAN_POINT('',(-307.875182249482,51.6465205816403,12.7494957936502));
#11696=CARTESIAN_POINT('',(-306.349682249482,42.5146294898494,11.6282405557315));
#11697=CARTESIAN_POINT('',(-241.828507249482,42.5146294898495,11.6282405557315));
#11698=CARTESIAN_POINT('',(-306.349682249482,38.0790399927795,11.0836186469882));
#11699=CARTESIAN_POINT('',(-306.349682249482,49.4287258331058,12.4771848392786));
#11700=CARTESIAN_POINT('',(-304.625782249482,38.0790399927795,11.0836186469882));
#11701=CARTESIAN_POINT('',(-240.966557249482,38.0790399927788,11.0836186469881));
#11702=CARTESIAN_POINT('',(-304.625782249482,36.8876868469644,10.937338874099));
#11703=CARTESIAN_POINT('',(-304.625782249482,48.8330492601964,12.4040449528338));
#11704=CARTESIAN_POINT('',(-301.325382249482,36.8876868469644,10.937338874099));
#11705=CARTESIAN_POINT('',(-239.316357249482,36.8876868469644,10.937338874099));
#11706=CARTESIAN_POINT('',(-301.325382249482,38.0790399927795,11.0836186469882));
#11707=CARTESIAN_POINT('',(-301.325382249482,49.4287258331058,12.4771848392786));
#11708=CARTESIAN_POINT('',(-299.600182249482,38.0790399927795,11.0836186469882));
#11709=CARTESIAN_POINT('',(-238.453757249482,38.0790399927794,11.0836186469882));
#11710=CARTESIAN_POINT('',(-299.600182249482,44.3023043635706,11.8477394301385));
#11711=CARTESIAN_POINT('',(-299.600182249482,52.5403580185014,12.8592452308537));
#11712=CARTESIAN_POINT('',(-298.774682249482,44.3023043635707,11.8477394301385));
#11713=CARTESIAN_POINT('',(-238.041007249481,44.302304363574,11.8477394301389));
#11714=CARTESIAN_POINT('',(-298.774682249482,47.0802425327843,12.1888273484608));
#11715=CARTESIAN_POINT('',(-298.774682249482,53.9293271031082,13.0297891900149));
#11716=CARTESIAN_POINT('',(-299.600182249482,47.0802425327843,12.1888273484608));
#11717=CARTESIAN_POINT('',(-238.453757249482,47.0802425327844,12.1888273484608));
#11718=CARTESIAN_POINT('',(-299.600182249482,50.2863651118161,12.5824897015281));
#11719=CARTESIAN_POINT('',(-299.600182249482,55.5323883926235,13.2266203665485));
#11720=CARTESIAN_POINT('',(-306.349682249482,50.2863651118162,12.5824897015281));
#11721=CARTESIAN_POINT('',(-241.828507249482,50.2863651118158,12.5824897015281));
#11722=CARTESIAN_POINT('',(-306.349682249482,47.0802425327843,12.1888273484608));
#11723=CARTESIAN_POINT('',(-306.349682249482,53.9293271031089,13.029789190015));
#11724=CARTESIAN_POINT('',(-307.875182249482,47.0802425327843,12.1888273484608));
#11725=CARTESIAN_POINT('',(-242.591257249482,47.0802425327844,12.1888273484608));
#11726=CARTESIAN_POINT('',(-307.875182249482,56.2620090686957,13.3162065208857));
#11727=CARTESIAN_POINT('',(-290.918382249482,37.8505558686717,11.0555643241364));
#11728=CARTESIAN_POINT('',(-276.919082249482,37.8505558686717,11.0555643241364));
#11729=CARTESIAN_POINT('',(-227.113207249482,37.8505558686718,11.0555643241364));
#11730=CARTESIAN_POINT('',(-276.919082249482,51.7456064639592,12.7616620102024));
#11731=CARTESIAN_POINT('',(-276.919082249482,56.2620090686957,13.3162065208857));
#11732=CARTESIAN_POINT('',(-290.918382249482,51.7456064639592,12.7616620102024));
#11733=CARTESIAN_POINT('',(-234.112857249482,51.7456064639593,12.7616620102024));
#11734=CARTESIAN_POINT('',(-290.918382249482,49.3144837710521,12.4631576778527));
#11735=CARTESIAN_POINT('',(-281.393382249482,56.7587585666692,13.3771996898731));
#11736=CARTESIAN_POINT('',(-267.394082249482,56.7587585666693,13.3771996898731));
#11737=CARTESIAN_POINT('',(-222.350707249482,56.7587585666694,13.3771996898731));
#11738=CARTESIAN_POINT('',(-267.394082249482,70.6537099073416,15.0832851890048));
#11739=CARTESIAN_POINT('',(-267.394082249482,65.7160607903869,14.4770181102869));
#11740=CARTESIAN_POINT('',(-281.393382249482,70.6537099073416,15.0832851890047));
#11741=CARTESIAN_POINT('',(-229.350357249482,70.6537099073417,15.0832851890048));
#11742=CARTESIAN_POINT('',(-281.393382249482,58.7685851200506,13.623975360721));
#11743=CARTESIAN_POINT('',(-267.105882249482,75.6667627554364,15.6988106817411));
#11744=CARTESIAN_POINT('',(-253.106582249482,75.6667627554364,15.6988106817411));
#11745=CARTESIAN_POINT('',(-215.206957249482,75.6667627554363,15.6988106817411));
#11746=CARTESIAN_POINT('',(-253.106582249482,89.5617140961087,17.4048961808728));
#11747=CARTESIAN_POINT('',(-253.106582249482,75.1700628847706,15.6378236062209));
#11748=CARTESIAN_POINT('',(-267.105882249482,89.5617140961088,17.4048961808728));
#11749=CARTESIAN_POINT('',(-222.206607249482,89.5617140961087,17.4048961808728));
#11750=CARTESIAN_POINT('',(-267.105882249482,68.2225872144345,14.7847808566551));
#11751=CARTESIAN_POINT('',(-214.718582249482,37.8505558686717,11.0555643241364));
#11752=CARTESIAN_POINT('',(-200.718582249482,37.8505558686717,11.0555643241364));
#11753=CARTESIAN_POINT('',(-189.012957249482,37.8505558686717,11.0555643241364));
#11754=CARTESIAN_POINT('',(-200.718582249482,51.7456064639593,12.7616620102024));
#11755=CARTESIAN_POINT('',(-200.718582249482,56.2620090686958,13.3162065208857));
#11756=CARTESIAN_POINT('',(-214.718582249482,51.7456064639593,12.7616620102024));
#11757=CARTESIAN_POINT('',(-196.012957249482,51.7456064639593,12.7616620102024));
#11758=CARTESIAN_POINT('',(-214.718582249482,49.314483771052,12.4631576778527));
#11759=CARTESIAN_POINT('',(-205.193582249482,56.7587585666693,13.3771996898731));
#11760=CARTESIAN_POINT('',(-191.193582249482,56.7587585666693,13.3771996898731));
#11761=CARTESIAN_POINT('',(-184.250457249482,56.7587585666693,13.3771996898731));
#11762=CARTESIAN_POINT('',(-191.193582249482,70.6537099073416,15.0832851890048));
#11763=CARTESIAN_POINT('',(-191.193582249482,65.7160607903869,14.4770181102869));
#11764=CARTESIAN_POINT('',(-205.193582249482,70.6537099073416,15.0832851890048));
#11765=CARTESIAN_POINT('',(-191.250457249482,70.6537099073416,15.0832851890048));
#11766=CARTESIAN_POINT('',(-205.193582249482,58.7685851200508,13.623975360721));
#11767=CARTESIAN_POINT('',(-190.905582249482,75.6667627554365,15.6988106817411));
#11768=CARTESIAN_POINT('',(-176.906582249482,75.6667627554365,15.6988106817411));
#11769=CARTESIAN_POINT('',(-177.106957249482,75.6667627554365,15.6988106817411));
#11770=CARTESIAN_POINT('',(-176.906582249482,89.5617140961089,17.4048961808728));
#11771=CARTESIAN_POINT('',(-176.906582249482,75.1700628847706,15.6378236062209));
#11772=CARTESIAN_POINT('',(-190.905582249482,89.5617140961088,17.4048961808728));
#11773=CARTESIAN_POINT('',(-184.106457249482,89.5617140961089,17.4048961808728));
#11774=CARTESIAN_POINT('',(-190.905582249482,68.2225872144344,14.7847808566551));
#11775=CARTESIAN_POINT('',(-140.899582249482,18.9425913817507,8.73395820704205));
#11776=CARTESIAN_POINT('',(-126.900582249481,18.9425913817506,8.73395820704205));
#11777=CARTESIAN_POINT('',(-152.103957249482,18.9425913817507,8.73395820704206));
#11778=CARTESIAN_POINT('',(-126.900582249481,32.8377015298073,10.4400632052687));
#11779=CARTESIAN_POINT('',(-126.900582249481,46.8080566016198,12.1554071184188));
#11780=CARTESIAN_POINT('',(-140.899582249482,32.8377015298073,10.4400632052687));
#11781=CARTESIAN_POINT('',(-159.103457249482,32.8377015298073,10.4400632052687));
#11782=CARTESIAN_POINT('',(-140.899582249482,39.8605015275915,11.3023546193055));
#11783=CARTESIAN_POINT('',(-133.755582249482,75.6667627554365,15.6988106817411));
#11784=CARTESIAN_POINT('',(-119.756582249482,75.6667627554365,15.6988106817411));
#11785=CARTESIAN_POINT('',(-148.531957249482,75.6667627554365,15.6988106817411));
#11786=CARTESIAN_POINT('',(-119.756582249482,89.5617140961089,17.4048961808728));
#11787=CARTESIAN_POINT('',(-119.756582249482,75.1700628847705,15.6378236062209));
#11788=CARTESIAN_POINT('',(-133.755582249482,89.5617140961088,17.4048961808728));
#11789=CARTESIAN_POINT('',(-155.531457249482,89.5617140961088,17.4048961808728));
#11790=CARTESIAN_POINT('',(-133.755582249482,68.2225872144344,14.7847808566551));
#11791=CARTESIAN_POINT('',(-109.943582249482,56.7587585666694,13.3771996898731));
#11792=CARTESIAN_POINT('',(-95.9435822494815,56.7587585666693,13.3771996898731));
#11793=CARTESIAN_POINT('',(-136.625457249482,56.7587585666694,13.3771996898731));
#11794=CARTESIAN_POINT('',(-95.9435822494816,70.6537099073416,15.0832851890048));
#11795=CARTESIAN_POINT('',(-95.9435822494816,65.7160607903872,14.4770181102869));
#11796=CARTESIAN_POINT('',(-109.943582249482,70.6537099073417,15.0832851890048));
#11797=CARTESIAN_POINT('',(-143.625457249482,70.6537099073417,15.0832851890048));
#11798=CARTESIAN_POINT('',(-109.943582249482,58.768585120051,13.6239753607211));
#11799=CARTESIAN_POINT('',(-52.7798322494816,37.7314503304749,11.0409400029278));
#11800=CARTESIAN_POINT('',(-38.7808322494816,37.7314503304749,11.0409400029278));
#11801=CARTESIAN_POINT('',(-108.044082249482,37.731450330475,11.0409400029278));
#11802=CARTESIAN_POINT('',(-38.7808322494815,51.6265009257624,12.7470376889938));
#11803=CARTESIAN_POINT('',(-38.7808322494815,56.202456299597,13.3088943602813));
#11804=CARTESIAN_POINT('',(-52.7798322494815,51.6265009257624,12.7470376889938));
#11805=CARTESIAN_POINT('',(-115.043582249482,51.6265009257625,12.7470376889938));
#11806=CARTESIAN_POINT('',(-52.7798322494815,49.2549310019533,12.4558455172483));
#11807=CARTESIAN_POINT('',(-100.418582249482,37.8505558686718,11.0555643241364));
#11808=CARTESIAN_POINT('',(-86.4185822494815,37.8505558686718,11.0555643241364));
#11809=CARTESIAN_POINT('',(-131.862957249482,37.8505558686717,11.0555643241364));
#11810=CARTESIAN_POINT('',(-86.4185822494815,51.7456064639594,12.7616620102024));
#11811=CARTESIAN_POINT('',(-86.4185822494815,56.2620090686958,13.3162065208857));
#11812=CARTESIAN_POINT('',(-100.418582249482,51.7456064639593,12.7616620102024));
#11813=CARTESIAN_POINT('',(-138.862957249482,51.7456064639591,12.7616620102024));
#11814=CARTESIAN_POINT('',(-100.418582249482,49.3144837710519,12.4631576778527));
#11815=CARTESIAN_POINT('',(-62.6065822494815,108.469718284876,19.7265071727409));
#11816=CARTESIAN_POINT('',(-76.6055822494816,108.469718284876,19.7265071727409));
#11817=CARTESIAN_POINT('',(-126.956457249482,108.469718284876,19.7265071727409));
#11818=CARTESIAN_POINT('',(-76.6055822494815,103.804255099086,19.153660324065));
#11819=CARTESIAN_POINT('',(-76.6055822494815,82.2913333862592,16.512205677817));
#11820=CARTESIAN_POINT('',(-78.1315822494815,103.804255099086,19.153660324065));
#11821=CARTESIAN_POINT('',(-127.719457249482,103.804255099086,19.153660324065));
#11822=CARTESIAN_POINT('',(-78.1315822494816,107.010278423503,19.5473104901979));
#11823=CARTESIAN_POINT('',(-78.1315822494811,83.8943450484686,16.7090307608836));
#11824=CARTESIAN_POINT('',(-84.8805822494816,107.010278423503,19.5473104901979));
#11825=CARTESIAN_POINT('',(-131.093957249482,107.010278423503,19.5473104901979));
#11826=CARTESIAN_POINT('',(-84.8805822494816,103.804255099086,19.153660324065));
#11827=CARTESIAN_POINT('',(-84.8805822494812,82.29133338626,16.5122056778171));
#11828=CARTESIAN_POINT('',(-85.7065822494816,103.804255099086,19.153660324065));
#11829=CARTESIAN_POINT('',(-131.506957249482,103.804255099086,19.153660324065));
#11830=CARTESIAN_POINT('',(-85.7065822494815,101.026217675257,18.8125602188083));
#11831=CARTESIAN_POINT('',(-85.7065822494815,80.9023146743448,16.3416556251887));
#11832=CARTESIAN_POINT('',(-84.8805822494815,101.026217675257,18.8125602188083));
#11833=CARTESIAN_POINT('',(-131.093957249482,101.026217675257,18.8125602188083));
#11834=CARTESIAN_POINT('',(-84.8805822494815,94.8030525590813,18.0484516225924));
#11835=CARTESIAN_POINT('',(-84.8805822494815,77.7907321162568,15.9596013270807));
#11836=CARTESIAN_POINT('',(-83.1575822494815,94.8030525590813,18.0484516225924));
#11837=CARTESIAN_POINT('',(-130.232457249482,94.8030525590812,18.0484516225924));
#11838=CARTESIAN_POINT('',(-83.1575822494816,93.6117986678813,17.9021840366375));
#11839=CARTESIAN_POINT('',(-83.1575822494826,77.1951051706541,15.8864675341029));
#11840=CARTESIAN_POINT('',(-79.8565822494815,93.6117986678813,17.9021840366375));
#11841=CARTESIAN_POINT('',(-128.581957249481,93.6117986678817,17.9021840366376));
#11842=CARTESIAN_POINT('',(-79.8565822494815,94.8030525590812,18.0484516225924));
#11843=CARTESIAN_POINT('',(-79.8565822494815,77.7907321162568,15.9596013270807));
#11844=CARTESIAN_POINT('',(-78.1315822494815,94.8030525590813,18.0484516225924));
#11845=CARTESIAN_POINT('',(-127.719457249482,94.8030525590802,18.0484516225922));
#11846=CARTESIAN_POINT('',(-78.1315822494816,99.2387413107663,18.59308571827));
#11847=CARTESIAN_POINT('',(-78.1315822494813,80.0085764921001,16.2319183749196));
#11848=CARTESIAN_POINT('',(-76.6055822494816,99.2387413107663,18.59308571827));
#11849=CARTESIAN_POINT('',(-126.956457249482,99.2387413107657,18.5930857182699));
#11850=CARTESIAN_POINT('',(-76.6055822494815,94.5747669442038,18.0204216736092));
#11851=CARTESIAN_POINT('',(-76.6055822494813,77.6765893088188,15.9455863525892));
#11852=CARTESIAN_POINT('',(-62.6065822494815,94.5747669442038,18.0204216736092));
#11853=CARTESIAN_POINT('',(-119.956957249482,94.5747669442038,18.0204216736092));
#11854=CARTESIAN_POINT('',(-62.6065822494815,99.2387413107663,18.59308571827));
#11855=CARTESIAN_POINT('',(-62.6065822494815,80.0085764920994,16.2319183749195));
#11856=CARTESIAN_POINT('',(-61.0805822494816,99.2387413107663,18.59308571827));
#11857=CARTESIAN_POINT('',(-119.193957249482,99.2387413107662,18.59308571827));
#11858=CARTESIAN_POINT('',(-61.0805822494816,94.8030525590812,18.0484516225924));
#11859=CARTESIAN_POINT('',(-61.0805822494816,77.7907321162568,15.9596013270807));
#11860=CARTESIAN_POINT('',(-59.3555822494816,94.8030525590813,18.0484516225924));
#11861=CARTESIAN_POINT('',(-118.331457249482,94.8030525590806,18.0484516225923));
#11862=CARTESIAN_POINT('',(-59.3555822494816,93.6117986678813,17.9021840366375));
#11863=CARTESIAN_POINT('',(-59.3555822494816,77.1951051706568,15.8864675341033));
#11864=CARTESIAN_POINT('',(-56.0565822494817,93.6117986678813,17.9021840366375));
#11865=CARTESIAN_POINT('',(-116.681957249482,93.6117986678816,17.9021840366375));
#11866=CARTESIAN_POINT('',(-56.0565822494816,94.8030525590813,18.0484516225924));
#11867=CARTESIAN_POINT('',(-56.0565822494826,77.7907321162533,15.9596013270802));
#11868=CARTESIAN_POINT('',(-54.3315822494815,94.8030525590813,18.0484516225924));
#11869=CARTESIAN_POINT('',(-115.819457249482,94.8030525590812,18.0484516225924));
#11870=CARTESIAN_POINT('',(-54.3315822494815,101.026217675257,18.8125602188083));
#11871=CARTESIAN_POINT('',(-54.3315822494815,80.9023146743447,16.3416556251886));
#11872=CARTESIAN_POINT('',(-53.5055822494816,101.026217675257,18.8125602188083));
#11873=CARTESIAN_POINT('',(-115.406457249482,101.026217675257,18.8125602188083));
#11874=CARTESIAN_POINT('',(-53.5055822494815,103.804255099086,19.153660324065));
#11875=CARTESIAN_POINT('',(-53.505582249482,82.2913333862577,16.5122056778168));
#11876=CARTESIAN_POINT('',(-54.3315822494815,103.804255099086,19.153660324065));
#11877=CARTESIAN_POINT('',(-115.819457249482,103.804255099086,19.153660324065));
#11878=CARTESIAN_POINT('',(-54.3315822494815,107.010278423503,19.5473104901979));
#11879=CARTESIAN_POINT('',(-54.3315822494815,83.8943450484676,16.7090307608835));
#11880=CARTESIAN_POINT('',(-61.0805822494816,107.010278423503,19.5473104901979));
#11881=CARTESIAN_POINT('',(-119.193957249482,107.010278423503,19.5473104901979));
#11882=CARTESIAN_POINT('',(-61.0805822494816,103.804255099086,19.153660324065));
#11883=CARTESIAN_POINT('',(-61.0805822494816,82.2913333862592,16.512205677817));
#11884=CARTESIAN_POINT('',(-62.6065822494815,103.804255099086,19.153660324065));
#11885=CARTESIAN_POINT('',(-119.956957249482,103.804255099086,19.153660324065));
#11886=CARTESIAN_POINT('',(-62.6065822494815,84.6240649791542,16.7986291021549));
#11887=CARTESIAN_POINT('',(-162.330582249482,94.5747669442037,18.0204216736092));
#11888=CARTESIAN_POINT('',(-148.331582249482,94.5747669442037,18.0204216736092));
#11889=CARTESIAN_POINT('',(-162.819457249482,94.5747669442037,18.0204216736092));
#11890=CARTESIAN_POINT('',(-148.331582249482,108.469718284876,19.7265071727408));
#11891=CARTESIAN_POINT('',(-148.331582249482,84.6240649791541,16.7986291021549));
#11892=CARTESIAN_POINT('',(-162.330582249482,108.469718284876,19.7265071727408));
#11893=CARTESIAN_POINT('',(-169.818957249482,108.469718284876,19.7265071727408));
#11894=CARTESIAN_POINT('',(-162.330582249482,77.676589308818,15.9455863525891));
#11895=CARTESIAN_POINT('',(-238.532282249482,94.5747669442036,18.0204216736092));
#11896=CARTESIAN_POINT('',(-224.531582249482,94.5747669442036,18.0204216736092));
#11897=CARTESIAN_POINT('',(-200.919457249482,94.5747669442036,18.0204216736092));
#11898=CARTESIAN_POINT('',(-224.531582249482,108.469718284876,19.7265071727408));
#11899=CARTESIAN_POINT('',(-224.531582249482,84.6240649791541,16.7986291021549));
#11900=CARTESIAN_POINT('',(-238.532282249482,108.469718284876,19.7265071727408));
#11901=CARTESIAN_POINT('',(-207.919807249482,108.469718284876,19.7265071727408));
#11902=CARTESIAN_POINT('',(-238.532282249482,77.6765893088179,15.9455863525891));
#11903=CARTESIAN_POINT('',(-314.730882249482,94.5747669442036,18.0204216736092));
#11904=CARTESIAN_POINT('',(-300.731582249482,94.5747669442036,18.0204216736092));
#11905=CARTESIAN_POINT('',(-239.019457249482,94.5747669442038,18.0204216736092));
#11906=CARTESIAN_POINT('',(-300.731582249482,108.469718284876,19.7265071727408));
#11907=CARTESIAN_POINT('',(-300.731582249482,84.624064979154,16.7986291021549));
#11908=CARTESIAN_POINT('',(-314.730882249482,108.469718284876,19.7265071727408));
#11909=CARTESIAN_POINT('',(-246.019107249482,108.469718284876,19.7265071727409));
#11910=CARTESIAN_POINT('',(-314.730882249482,77.6765893088177,15.945586352589));
#11911=CARTESIAN_POINT('',(-295.680882249482,94.5747669442036,18.0204216736092));
#11912=CARTESIAN_POINT('',(-281.681582249482,94.5747669442036,18.0204216736092));
#11913=CARTESIAN_POINT('',(-229.494457249482,94.5747669442036,18.0204216736092));
#11914=CARTESIAN_POINT('',(-281.681582249482,108.469718284876,19.7265071727408));
#11915=CARTESIAN_POINT('',(-281.681582249482,84.6240649791539,16.7986291021549));
#11916=CARTESIAN_POINT('',(-295.680882249482,108.469718284876,19.7265071727408));
#11917=CARTESIAN_POINT('',(-236.494107249482,108.469718284876,19.7265071727408));
#11918=CARTESIAN_POINT('',(-295.680882249482,77.6765893088177,15.945586352589));
#11919=CARTESIAN_POINT('',(-219.482582249482,94.5747669442036,18.0204216736092));
#11920=CARTESIAN_POINT('',(-205.481582249482,94.5747669442036,18.0204216736092));
#11921=CARTESIAN_POINT('',(-191.394457249482,94.5747669442036,18.0204216736092));
#11922=CARTESIAN_POINT('',(-205.481582249482,108.469718284876,19.7265071727408));
#11923=CARTESIAN_POINT('',(-205.481582249482,84.6240649791541,16.7986291021549));
#11924=CARTESIAN_POINT('',(-219.482582249482,108.469718284876,19.7265071727408));
#11925=CARTESIAN_POINT('',(-198.394957249482,108.469718284876,19.7265071727408));
#11926=CARTESIAN_POINT('',(-219.482582249482,77.676589308818,15.9455863525891));
#11927=CARTESIAN_POINT('',(-143.280582249482,94.5747669442037,18.0204216736092));
#11928=CARTESIAN_POINT('',(-129.281582249482,94.5747669442037,18.0204216736092));
#11929=CARTESIAN_POINT('',(-153.294457249482,94.5747669442037,18.0204216736092));
#11930=CARTESIAN_POINT('',(-129.281582249482,108.469718284876,19.7265071727408));
#11931=CARTESIAN_POINT('',(-129.281582249482,84.6240649791541,16.7986291021549));
#11932=CARTESIAN_POINT('',(-143.280582249482,108.469718284876,19.7265071727408));
#11933=CARTESIAN_POINT('',(-160.293957249482,108.469718284876,19.7265071727408));
#11934=CARTESIAN_POINT('',(-143.280582249482,77.676589308818,15.9455863525891));
#11935=CARTESIAN_POINT('',(-71.8435822494816,75.6667627554365,15.6988106817411));
#11936=CARTESIAN_POINT('',(-57.8435822494816,75.6667627554365,15.6988106817411));
#11937=CARTESIAN_POINT('',(-117.575457249482,75.6667627554365,15.6988106817411));
#11938=CARTESIAN_POINT('',(-57.8435822494816,89.5617140961089,17.4048961808728));
#11939=CARTESIAN_POINT('',(-57.8435822494816,75.1700628847706,15.6378236062209));
#11940=CARTESIAN_POINT('',(-71.8435822494816,89.5617140961089,17.4048961808728));
#11941=CARTESIAN_POINT('',(-124.575457249482,89.5617140961088,17.4048961808728));
#11942=CARTESIAN_POINT('',(-71.8435822494816,68.2225872144344,14.7847808566551));
#11943=CARTESIAN_POINT('',(-93.2745822494816,18.9425913817507,8.73395820704205));
#11944=CARTESIAN_POINT('',(-79.2755822494815,18.9425913817507,8.73395820704206));
#11945=CARTESIAN_POINT('',(-128.291457249481,18.9425913817505,8.73395820704204));
#11946=CARTESIAN_POINT('',(-79.2755822494815,32.8377015298073,10.4400632052687));
#11947=CARTESIAN_POINT('',(-79.2755822494815,46.8080566016198,12.1554071184188));
#11948=CARTESIAN_POINT('',(-93.2745822494815,32.8377015298073,10.4400632052687));
#11949=CARTESIAN_POINT('',(-135.290957249482,32.8377015298071,10.4400632052686));
#11950=CARTESIAN_POINT('',(-93.2745822494815,39.8605015275914,11.3023546193055));
#11951=CARTESIAN_POINT('',(-33.7298322494815,18.8234858435538,8.71933388583345));
#11952=CARTESIAN_POINT('',(-19.7308322494815,18.8234858435538,8.71933388583345));
#11953=CARTESIAN_POINT('',(-98.5190822494815,18.8234858435537,8.71933388583344));
#11954=CARTESIAN_POINT('',(-19.7308322494816,32.7185959916105,10.4254388840601));
#11955=CARTESIAN_POINT('',(-19.7308322494816,46.7485038325218,12.1480949578146));
#11956=CARTESIAN_POINT('',(-33.7298322494815,32.7185959916104,10.4254388840601));
#11957=CARTESIAN_POINT('',(-105.518582249482,32.7185959916103,10.42543888406));
#11958=CARTESIAN_POINT('',(-33.7298322494815,39.800948758493,11.2950424587012));
#11959=CARTESIAN_POINT('',(-95.6555822494816,75.6667627554365,15.6988106817411));
#11960=CARTESIAN_POINT('',(-81.6565822494815,75.6667627554365,15.6988106817411));
#11961=CARTESIAN_POINT('',(-129.481957249482,75.6667627554364,15.6988106817411));
#11962=CARTESIAN_POINT('',(-81.6565822494815,89.5617140961089,17.4048961808728));
#11963=CARTESIAN_POINT('',(-81.6565822494815,75.1700628847708,15.6378236062209));
#11964=CARTESIAN_POINT('',(-95.6555822494816,89.5617140961089,17.4048961808728));
#11965=CARTESIAN_POINT('',(-136.481457249482,89.5617140961089,17.4048961808728));
#11966=CARTESIAN_POINT('',(-95.6555822494815,68.2225872144345,14.7847808566551));
#11967=CARTESIAN_POINT('',(-152.805582249482,75.6667627554364,15.6988106817411));
#11968=CARTESIAN_POINT('',(-138.806582249482,75.6667627554365,15.6988106817411));
#11969=CARTESIAN_POINT('',(-158.056957249482,75.6667627554364,15.6988106817411));
#11970=CARTESIAN_POINT('',(-138.806582249482,89.5617140961089,17.4048961808728));
#11971=CARTESIAN_POINT('',(-138.806582249482,75.1700628847706,15.6378236062209));
#11972=CARTESIAN_POINT('',(-152.805582249482,89.5617140961088,17.4048961808728));
#11973=CARTESIAN_POINT('',(-165.056457249482,89.5617140961088,17.4048961808728));
#11974=CARTESIAN_POINT('',(-152.805582249482,68.2225872144344,14.7847808566551));
#11975=CARTESIAN_POINT('',(-167.093582249482,56.7587585666693,13.3771996898731));
#11976=CARTESIAN_POINT('',(-153.093582249482,56.7587585666693,13.3771996898731));
#11977=CARTESIAN_POINT('',(-165.200457249482,56.7587585666693,13.3771996898731));
#11978=CARTESIAN_POINT('',(-153.093582249482,70.6537099073416,15.0832851890048));
#11979=CARTESIAN_POINT('',(-153.093582249482,65.716060790387,14.4770181102869));
#11980=CARTESIAN_POINT('',(-167.093582249482,70.6537099073416,15.0832851890048));
#11981=CARTESIAN_POINT('',(-172.200457249482,70.6537099073416,15.0832851890048));
#11982=CARTESIAN_POINT('',(-167.093582249482,58.7685851200508,13.623975360721));
#11983=CARTESIAN_POINT('',(-186.143582249482,56.7587585666693,13.3771996898731));
#11984=CARTESIAN_POINT('',(-172.143582249482,56.7587585666693,13.3771996898731));
#11985=CARTESIAN_POINT('',(-174.725457249482,56.7587585666693,13.3771996898731));
#11986=CARTESIAN_POINT('',(-172.143582249482,70.6537099073417,15.0832851890048));
#11987=CARTESIAN_POINT('',(-172.143582249482,65.716060790387,14.4770181102869));
#11988=CARTESIAN_POINT('',(-186.143582249482,70.6537099073416,15.0832851890048));
#11989=CARTESIAN_POINT('',(-181.725457249482,70.6537099073417,15.0832851890048));
#11990=CARTESIAN_POINT('',(-186.143582249482,58.7685851200508,13.623975360721));
#11991=CARTESIAN_POINT('',(-209.955582249482,75.6667627554365,15.6988106817411));
#11992=CARTESIAN_POINT('',(-195.956582249482,75.6667627554365,15.6988106817411));
#11993=CARTESIAN_POINT('',(-186.631957249482,75.6667627554364,15.6988106817411));
#11994=CARTESIAN_POINT('',(-195.956582249482,89.5617140961088,17.4048961808728));
#11995=CARTESIAN_POINT('',(-195.956582249482,75.1700628847705,15.6378236062209));
#11996=CARTESIAN_POINT('',(-209.955582249482,89.5617140961088,17.4048961808728));
#11997=CARTESIAN_POINT('',(-193.631457249482,89.5617140961088,17.4048961808728));
#11998=CARTESIAN_POINT('',(-209.955582249482,68.2225872144344,14.7847808566551));
#11999=CARTESIAN_POINT('',(-233.768582249482,37.8505558686717,11.0555643241364));
#12000=CARTESIAN_POINT('',(-219.768582249482,37.8505558686717,11.0555643241364));
#12001=CARTESIAN_POINT('',(-198.537957249482,37.8505558686718,11.0555643241364));
#12002=CARTESIAN_POINT('',(-219.768582249482,51.7456064639593,12.7616620102024));
#12003=CARTESIAN_POINT('',(-219.768582249482,56.2620090686958,13.3162065208857));
#12004=CARTESIAN_POINT('',(-233.768582249482,51.7456064639593,12.7616620102024));
#12005=CARTESIAN_POINT('',(-205.537957249482,51.7456064639593,12.7616620102024));
#12006=CARTESIAN_POINT('',(-233.768582249482,49.314483771052,12.4631576778527));
#12007=CARTESIAN_POINT('',(-262.343382249482,56.7587585666693,13.3771996898731));
#12008=CARTESIAN_POINT('',(-248.344082249482,56.7587585666693,13.3771996898731));
#12009=CARTESIAN_POINT('',(-212.825707249482,56.7587585666693,13.3771996898731));
#12010=CARTESIAN_POINT('',(-248.344082249482,70.6537099073416,15.0832851890048));
#12011=CARTESIAN_POINT('',(-248.344082249482,65.7160607903869,14.4770181102869));
#12012=CARTESIAN_POINT('',(-262.343382249482,70.6537099073416,15.0832851890048));
#12013=CARTESIAN_POINT('',(-219.825357249482,70.6537099073416,15.0832851890048));
#12014=CARTESIAN_POINT('',(-262.343382249482,58.7685851200507,13.623975360721));
#12015=CARTESIAN_POINT('',(-286.155882249482,75.6667627554364,15.6988106817411));
#12016=CARTESIAN_POINT('',(-272.156582249482,75.6667627554364,15.6988106817411));
#12017=CARTESIAN_POINT('',(-224.731957249482,75.6667627554363,15.6988106817411));
#12018=CARTESIAN_POINT('',(-272.156582249482,89.5617140961088,17.4048961808728));
#12019=CARTESIAN_POINT('',(-272.156582249482,75.1700628847707,15.6378236062209));
#12020=CARTESIAN_POINT('',(-286.155882249482,89.5617140961088,17.4048961808728));
#12021=CARTESIAN_POINT('',(-231.731607249482,89.5617140961087,17.4048961808728));
#12022=CARTESIAN_POINT('',(-286.155882249482,68.2225872144346,14.7847808566551));
#12023=CARTESIAN_POINT('',(-283.774582249482,18.9425913817505,8.73395820704204));
#12024=CARTESIAN_POINT('',(-269.775282249482,18.9425913817506,8.73395820704204));
#12025=CARTESIAN_POINT('',(-223.541307249482,18.9425913817506,8.73395820704205));
#12026=CARTESIAN_POINT('',(-269.775282249482,32.8377015298072,10.4400632052687));
#12027=CARTESIAN_POINT('',(-269.775282249482,46.8080566016197,12.1554071184188));
#12028=CARTESIAN_POINT('',(-283.774582249482,32.8377015298072,10.4400632052687));
#12029=CARTESIAN_POINT('',(-230.540957249482,32.8377015298072,10.4400632052687));
#12030=CARTESIAN_POINT('',(-283.774582249482,39.8605015275914,11.3023546193055));
#12031=CARTESIAN_POINT('',(-326.638552249482,56.7587585666692,13.3771996898731));
#12032=CARTESIAN_POINT('',(-312.637682249482,56.7587585666692,13.3771996898731));
#12033=CARTESIAN_POINT('',(-244.972507249482,56.7587585666692,13.3771996898731));
#12034=CARTESIAN_POINT('',(-312.637682249482,70.6537099073416,15.0832851890047));
#12035=CARTESIAN_POINT('',(-312.637682249482,65.7160607903867,14.4770181102868));
#12036=CARTESIAN_POINT('',(-326.638552249482,70.6537099073416,15.0832851890047));
#12037=CARTESIAN_POINT('',(-251.972942249482,70.6537099073415,15.0832851890047));
#12038=CARTESIAN_POINT('',(-326.638552249482,58.7685851200507,13.623975360721));
#12039=CARTESIAN_POINT('Origin',(-326.638552249482,70.2789616763707,18.1353646053018));
#12040=CARTESIAN_POINT('',(-312.637682249482,70.2881018771261,18.0609236439287));
#12041=CARTESIAN_POINT('',(-312.637682249482,70.2789616763707,18.1353646053018));
#12042=CARTESIAN_POINT('',(-326.638552249482,70.2881018771261,18.0609236439287));
#12043=CARTESIAN_POINT('',(-251.972942249482,70.2881018771261,18.0609236439287));
#12044=CARTESIAN_POINT('',(-326.638552249482,70.2789616763707,18.1353646053018));
#12045=CARTESIAN_POINT('Origin',(-326.638552249482,56.3840103356984,16.4292791061702));
#12046=CARTESIAN_POINT('',(-326.638552249482,56.3931505364538,16.3548381447971));
#12047=CARTESIAN_POINT('',(-326.638552249482,58.4029770898352,16.601613815645));
#12048=CARTESIAN_POINT('',(-326.638552249482,56.3840103356984,16.4292791061702));
#12049=CARTESIAN_POINT('Origin',(-312.637682249482,56.3840103356984,16.4292791061702));
#12050=CARTESIAN_POINT('',(-312.637682249482,56.3931505364538,16.354838144797));
#12051=CARTESIAN_POINT('',(-244.972507249482,56.3931505364538,16.354838144797));
#12052=CARTESIAN_POINT('',(-312.637682249482,56.3840103356984,16.4292791061702));
#12053=CARTESIAN_POINT('Origin',(-312.637682249482,70.2789616763707,18.1353646053018));
#12054=CARTESIAN_POINT('',(-312.637682249482,65.3504527601712,17.4546565652108));
#12055=CARTESIAN_POINT('Origin',(-283.774582249482,32.4629532988363,13.4921426215657));
#12056=CARTESIAN_POINT('',(-269.775282249482,32.4720934995918,13.4177016601926));
#12057=CARTESIAN_POINT('',(-269.775282249482,32.4629532988364,13.4921426215657));
#12058=CARTESIAN_POINT('',(-283.774582249482,32.4720934995917,13.4177016601926));
#12059=CARTESIAN_POINT('',(-230.540957249482,32.4720934995918,13.4177016601926));
#12060=CARTESIAN_POINT('',(-283.774582249482,32.4629532988363,13.4921426215657));
#12061=CARTESIAN_POINT('Origin',(-283.774582249482,18.5678431507797,11.7860376233391));
#12062=CARTESIAN_POINT('',(-283.774582249482,18.5769833515351,11.711596661966));
#12063=CARTESIAN_POINT('',(-283.774582249482,39.4948934973759,14.2799930742295));
#12064=CARTESIAN_POINT('',(-283.774582249482,18.5678431507797,11.7860376233391));
#12065=CARTESIAN_POINT('Origin',(-269.775282249482,18.5678431507797,11.7860376233391));
#12066=CARTESIAN_POINT('',(-269.775282249482,18.5769833515351,11.711596661966));
#12067=CARTESIAN_POINT('',(-223.541307249482,18.5769833515352,11.711596661966));
#12068=CARTESIAN_POINT('',(-269.775282249482,18.5678431507797,11.7860376233391));
#12069=CARTESIAN_POINT('Origin',(-269.775282249482,32.4629532988364,13.4921426215657));
#12070=CARTESIAN_POINT('',(-269.775282249482,46.4424485714042,15.1330455733428));
#12071=CARTESIAN_POINT('Origin',(-286.155882249482,89.186965865138,20.4569755971699));
#12072=CARTESIAN_POINT('',(-272.156582249482,89.1961060658933,20.3825346357968));
#12073=CARTESIAN_POINT('',(-272.156582249482,89.1869658651379,20.4569755971699));
#12074=CARTESIAN_POINT('',(-286.155882249482,89.1961060658934,20.3825346357968));
#12075=CARTESIAN_POINT('',(-231.731607249482,89.1961060658933,20.3825346357968));
#12076=CARTESIAN_POINT('',(-286.155882249482,89.186965865138,20.4569755971699));
#12077=CARTESIAN_POINT('Origin',(-286.155882249482,75.2920145244656,18.7508900980382));
#12078=CARTESIAN_POINT('',(-286.155882249482,75.301154725221,18.6764491366651));
#12079=CARTESIAN_POINT('',(-286.155882249482,67.8569791842191,17.762419311579));
#12080=CARTESIAN_POINT('',(-286.155882249482,75.2920145244656,18.7508900980382));
#12081=CARTESIAN_POINT('Origin',(-272.156582249482,75.2920145244656,18.7508900980382));
#12082=CARTESIAN_POINT('',(-272.156582249482,75.3011547252209,18.6764491366651));
#12083=CARTESIAN_POINT('',(-224.731957249482,75.3011547252209,18.6764491366651));
#12084=CARTESIAN_POINT('',(-272.156582249482,75.2920145244656,18.7508900980382));
#12085=CARTESIAN_POINT('Origin',(-272.156582249482,89.1869658651379,20.4569755971699));
#12086=CARTESIAN_POINT('',(-272.156582249482,74.8044548545553,18.6154620611449));
#12087=CARTESIAN_POINT('Origin',(-262.343382249482,70.2789616763708,18.1353646053018));
#12088=CARTESIAN_POINT('',(-248.344082249482,70.2881018771262,18.0609236439287));
#12089=CARTESIAN_POINT('',(-248.344082249482,70.2789616763708,18.1353646053018));
#12090=CARTESIAN_POINT('',(-262.343382249482,70.2881018771262,18.0609236439287));
#12091=CARTESIAN_POINT('',(-219.825357249482,70.2881018771262,18.0609236439287));
#12092=CARTESIAN_POINT('',(-262.343382249482,70.2789616763708,18.1353646053018));
#12093=CARTESIAN_POINT('Origin',(-262.343382249482,56.3840103356984,16.4292791061702));
#12094=CARTESIAN_POINT('',(-262.343382249482,56.3931505364538,16.3548381447971));
#12095=CARTESIAN_POINT('',(-262.343382249482,58.4029770898353,16.601613815645));
#12096=CARTESIAN_POINT('',(-262.343382249482,56.3840103356984,16.4292791061702));
#12097=CARTESIAN_POINT('Origin',(-248.344082249482,56.3840103356984,16.4292791061702));
#12098=CARTESIAN_POINT('',(-248.344082249482,56.3931505364538,16.3548381447971));
#12099=CARTESIAN_POINT('',(-212.825707249482,56.3931505364538,16.3548381447971));
#12100=CARTESIAN_POINT('',(-248.344082249482,56.3840103356984,16.4292791061702));
#12101=CARTESIAN_POINT('Origin',(-248.344082249482,70.2789616763708,18.1353646053018));
#12102=CARTESIAN_POINT('',(-248.344082249482,65.3504527601715,17.4546565652108));
#12103=CARTESIAN_POINT('Origin',(-233.768582249482,51.3708582329884,15.8137414264994));
#12104=CARTESIAN_POINT('',(-219.768582249482,51.3799984337438,15.7393004651263));
#12105=CARTESIAN_POINT('',(-219.768582249482,51.3708582329885,15.8137414264994));
#12106=CARTESIAN_POINT('',(-233.768582249482,51.3799984337438,15.7393004651263));
#12107=CARTESIAN_POINT('',(-205.537957249482,51.3799984337439,15.7393004651263));
#12108=CARTESIAN_POINT('',(-233.768582249482,51.3708582329884,15.8137414264994));
#12109=CARTESIAN_POINT('Origin',(-233.768582249482,37.4758076377009,14.1076437404334));
#12110=CARTESIAN_POINT('',(-233.768582249482,37.4849478384563,14.0332027790603));
#12111=CARTESIAN_POINT('',(-233.768582249482,48.9488757408365,15.4407961327766));
#12112=CARTESIAN_POINT('',(-233.768582249482,37.4758076377009,14.1076437404334));
#12113=CARTESIAN_POINT('Origin',(-219.768582249482,37.4758076377009,14.1076437404334));
#12114=CARTESIAN_POINT('',(-219.768582249482,37.4849478384563,14.0332027790603));
#12115=CARTESIAN_POINT('',(-198.537957249482,37.4849478384563,14.0332027790603));
#12116=CARTESIAN_POINT('',(-219.768582249482,37.4758076377009,14.1076437404334));
#12117=CARTESIAN_POINT('Origin',(-219.768582249482,51.3708582329885,15.8137414264994));
#12118=CARTESIAN_POINT('',(-219.768582249482,55.8964010384803,16.2938449758096));
#12119=CARTESIAN_POINT('Origin',(-209.955582249482,89.186965865138,20.4569755971699));
#12120=CARTESIAN_POINT('',(-195.956582249482,89.1961060658934,20.3825346357968));
#12121=CARTESIAN_POINT('',(-195.956582249482,89.186965865138,20.4569755971698));
#12122=CARTESIAN_POINT('',(-209.955582249482,89.1961060658934,20.3825346357968));
#12123=CARTESIAN_POINT('',(-193.631457249482,89.1961060658934,20.3825346357968));
#12124=CARTESIAN_POINT('',(-209.955582249482,89.186965865138,20.4569755971699));
#12125=CARTESIAN_POINT('Origin',(-209.955582249482,75.2920145244656,18.7508900980382));
#12126=CARTESIAN_POINT('',(-209.955582249482,75.301154725221,18.6764491366651));
#12127=CARTESIAN_POINT('',(-209.955582249482,67.856979184219,17.762419311579));
#12128=CARTESIAN_POINT('',(-209.955582249482,75.2920145244656,18.7508900980382));
#12129=CARTESIAN_POINT('Origin',(-195.956582249482,75.2920145244656,18.7508900980382));
#12130=CARTESIAN_POINT('',(-195.956582249482,75.301154725221,18.6764491366651));
#12131=CARTESIAN_POINT('',(-186.631957249482,75.301154725221,18.6764491366651));
#12132=CARTESIAN_POINT('',(-195.956582249482,75.2920145244656,18.7508900980382));
#12133=CARTESIAN_POINT('Origin',(-195.956582249482,89.186965865138,20.4569755971698));
#12134=CARTESIAN_POINT('',(-195.956582249482,74.8044548545551,18.6154620611449));
#12135=CARTESIAN_POINT('Origin',(-186.143582249482,70.2789616763708,18.1353646053018));
#12136=CARTESIAN_POINT('',(-172.143582249482,70.2881018771262,18.0609236439287));
#12137=CARTESIAN_POINT('',(-172.143582249482,70.2789616763709,18.1353646053018));
#12138=CARTESIAN_POINT('',(-186.143582249482,70.2881018771262,18.0609236439287));
#12139=CARTESIAN_POINT('',(-181.725457249482,70.2881018771262,18.0609236439287));
#12140=CARTESIAN_POINT('',(-186.143582249482,70.2789616763708,18.1353646053018));
#12141=CARTESIAN_POINT('Origin',(-186.143582249482,56.3840103356985,16.4292791061702));
#12142=CARTESIAN_POINT('',(-186.143582249482,56.3931505364539,16.3548381447971));
#12143=CARTESIAN_POINT('',(-186.143582249482,58.4029770898354,16.601613815645));
#12144=CARTESIAN_POINT('',(-186.143582249482,56.3840103356985,16.4292791061702));
#12145=CARTESIAN_POINT('Origin',(-172.143582249482,56.3840103356985,16.4292791061702));
#12146=CARTESIAN_POINT('',(-172.143582249482,56.3931505364539,16.3548381447971));
#12147=CARTESIAN_POINT('',(-174.725457249482,56.3931505364539,16.3548381447971));
#12148=CARTESIAN_POINT('',(-172.143582249482,56.3840103356985,16.4292791061702));
#12149=CARTESIAN_POINT('Origin',(-172.143582249482,70.2789616763709,18.1353646053018));
#12150=CARTESIAN_POINT('',(-172.143582249482,65.3504527601715,17.4546565652108));
#12151=CARTESIAN_POINT('Origin',(-167.093582249482,70.2789616763708,18.1353646053018));
#12152=CARTESIAN_POINT('',(-153.093582249482,70.2881018771262,18.0609236439287));
#12153=CARTESIAN_POINT('',(-153.093582249482,70.2789616763708,18.1353646053018));
#12154=CARTESIAN_POINT('',(-167.093582249482,70.2881018771262,18.0609236439287));
#12155=CARTESIAN_POINT('',(-172.200457249482,70.2881018771262,18.0609236439287));
#12156=CARTESIAN_POINT('',(-167.093582249482,70.2789616763708,18.1353646053018));
#12157=CARTESIAN_POINT('Origin',(-167.093582249482,56.3840103356985,16.4292791061702));
#12158=CARTESIAN_POINT('',(-167.093582249482,56.3931505364539,16.3548381447971));
#12159=CARTESIAN_POINT('',(-167.093582249482,58.4029770898354,16.601613815645));
#12160=CARTESIAN_POINT('',(-167.093582249482,56.3840103356985,16.4292791061702));
#12161=CARTESIAN_POINT('Origin',(-153.093582249482,56.3840103356985,16.4292791061701));
#12162=CARTESIAN_POINT('',(-153.093582249482,56.3931505364539,16.3548381447971));
#12163=CARTESIAN_POINT('',(-165.200457249482,56.3931505364539,16.3548381447971));
#12164=CARTESIAN_POINT('',(-153.093582249482,56.3840103356985,16.4292791061701));
#12165=CARTESIAN_POINT('Origin',(-153.093582249482,70.2789616763708,18.1353646053018));
#12166=CARTESIAN_POINT('',(-153.093582249482,65.3504527601715,17.4546565652108));
#12167=CARTESIAN_POINT('Origin',(-152.805582249482,89.186965865138,20.4569755971699));
#12168=CARTESIAN_POINT('',(-138.806582249482,89.1961060658934,20.3825346357968));
#12169=CARTESIAN_POINT('',(-138.806582249482,89.186965865138,20.4569755971699));
#12170=CARTESIAN_POINT('',(-152.805582249482,89.1961060658934,20.3825346357968));
#12171=CARTESIAN_POINT('',(-165.056457249482,89.1961060658934,20.3825346357968));
#12172=CARTESIAN_POINT('',(-152.805582249482,89.186965865138,20.4569755971699));
#12173=CARTESIAN_POINT('Origin',(-152.805582249482,75.2920145244656,18.7508900980382));
#12174=CARTESIAN_POINT('',(-152.805582249482,75.301154725221,18.6764491366651));
#12175=CARTESIAN_POINT('',(-152.805582249482,67.8569791842189,17.762419311579));
#12176=CARTESIAN_POINT('',(-152.805582249482,75.2920145244656,18.7508900980382));
#12177=CARTESIAN_POINT('Origin',(-138.806582249482,75.2920145244657,18.7508900980382));
#12178=CARTESIAN_POINT('',(-138.806582249482,75.3011547252211,18.6764491366651));
#12179=CARTESIAN_POINT('',(-158.056957249482,75.301154725221,18.6764491366651));
#12180=CARTESIAN_POINT('',(-138.806582249482,75.2920145244657,18.7508900980382));
#12181=CARTESIAN_POINT('Origin',(-138.806582249482,89.186965865138,20.4569755971699));
#12182=CARTESIAN_POINT('',(-138.806582249482,74.8044548545552,18.6154620611449));
#12183=CARTESIAN_POINT('Origin',(-95.6555822494816,89.186965865138,20.4569755971698));
#12184=CARTESIAN_POINT('',(-81.6565822494815,89.1961060658934,20.3825346357968));
#12185=CARTESIAN_POINT('',(-81.6565822494815,89.186965865138,20.4569755971698));
#12186=CARTESIAN_POINT('',(-95.6555822494816,89.1961060658934,20.3825346357968));
#12187=CARTESIAN_POINT('',(-136.481457249482,89.1961060658934,20.3825346357968));
#12188=CARTESIAN_POINT('',(-95.6555822494816,89.186965865138,20.4569755971698));
#12189=CARTESIAN_POINT('Origin',(-95.6555822494816,75.2920145244657,18.7508900980382));
#12190=CARTESIAN_POINT('',(-95.6555822494816,75.301154725221,18.6764491366651));
#12191=CARTESIAN_POINT('',(-95.6555822494815,67.856979184219,17.762419311579));
#12192=CARTESIAN_POINT('',(-95.6555822494816,75.2920145244657,18.7508900980382));
#12193=CARTESIAN_POINT('Origin',(-81.6565822494815,75.2920145244657,18.7508900980382));
#12194=CARTESIAN_POINT('',(-81.6565822494815,75.3011547252211,18.6764491366651));
#12195=CARTESIAN_POINT('',(-129.481957249482,75.301154725221,18.6764491366651));
#12196=CARTESIAN_POINT('',(-81.6565822494815,75.2920145244657,18.7508900980382));
#12197=CARTESIAN_POINT('Origin',(-81.6565822494815,89.186965865138,20.4569755971698));
#12198=CARTESIAN_POINT('',(-81.6565822494815,74.8044548545554,18.6154620611449));
#12199=CARTESIAN_POINT('Origin',(-33.7298322494815,32.3438477606396,13.4775183003571));
#12200=CARTESIAN_POINT('',(-19.7308322494816,32.352987961395,13.403077338984));
#12201=CARTESIAN_POINT('',(-19.7308322494816,32.3438477606396,13.4775183003571));
#12202=CARTESIAN_POINT('',(-33.7298322494815,32.352987961395,13.403077338984));
#12203=CARTESIAN_POINT('',(-105.518582249482,32.3529879613949,13.403077338984));
#12204=CARTESIAN_POINT('',(-33.7298322494815,32.3438477606396,13.4775183003571));
#12205=CARTESIAN_POINT('Origin',(-33.7298322494815,18.448737612583,11.7714133021305));
#12206=CARTESIAN_POINT('',(-33.7298322494815,18.4578778133384,11.6969723407574));
#12207=CARTESIAN_POINT('',(-33.7298322494815,39.4353407282776,14.2726809136252));
#12208=CARTESIAN_POINT('',(-33.7298322494815,18.448737612583,11.7714133021305));
#12209=CARTESIAN_POINT('Origin',(-19.7308322494815,18.448737612583,11.7714133021305));
#12210=CARTESIAN_POINT('',(-19.7308322494815,18.4578778133384,11.6969723407574));
#12211=CARTESIAN_POINT('',(-98.5190822494815,18.4578778133383,11.6969723407574));
#12212=CARTESIAN_POINT('',(-19.7308322494815,18.448737612583,11.7714133021305));
#12213=CARTESIAN_POINT('Origin',(-19.7308322494816,32.3438477606396,13.4775183003571));
#12214=CARTESIAN_POINT('',(-19.7308322494816,46.3828958023063,15.1257334127385));
#12215=CARTESIAN_POINT('Origin',(-93.2745822494815,32.4629532988365,13.4921426215657));
#12216=CARTESIAN_POINT('',(-79.2755822494815,32.4720934995919,13.4177016601926));
#12217=CARTESIAN_POINT('',(-79.2755822494815,32.4629532988365,13.4921426215657));
#12218=CARTESIAN_POINT('',(-93.2745822494815,32.4720934995918,13.4177016601926));
#12219=CARTESIAN_POINT('',(-135.290957249482,32.4720934995917,13.4177016601926));
#12220=CARTESIAN_POINT('',(-93.2745822494815,32.4629532988365,13.4921426215657));
#12221=CARTESIAN_POINT('Origin',(-93.2745822494816,18.5678431507798,11.7860376233391));
#12222=CARTESIAN_POINT('',(-93.2745822494816,18.5769833515352,11.711596661966));
#12223=CARTESIAN_POINT('',(-93.2745822494815,39.4948934973759,14.2799930742295));
#12224=CARTESIAN_POINT('',(-93.2745822494816,18.5678431507798,11.7860376233391));
#12225=CARTESIAN_POINT('Origin',(-79.2755822494815,18.5678431507799,11.7860376233391));
#12226=CARTESIAN_POINT('',(-79.2755822494815,18.5769833515353,11.711596661966));
#12227=CARTESIAN_POINT('',(-128.291457249481,18.5769833515351,11.711596661966));
#12228=CARTESIAN_POINT('',(-79.2755822494815,18.5678431507799,11.7860376233391));
#12229=CARTESIAN_POINT('Origin',(-79.2755822494815,32.4629532988365,13.4921426215657));
#12230=CARTESIAN_POINT('',(-79.2755822494815,46.4424485714044,15.1330455733428));
#12231=CARTESIAN_POINT('Origin',(-71.8435822494816,89.1869658651381,20.4569755971699));
#12232=CARTESIAN_POINT('',(-57.8435822494816,89.1961060658935,20.3825346357968));
#12233=CARTESIAN_POINT('',(-57.8435822494816,89.1869658651381,20.4569755971699));
#12234=CARTESIAN_POINT('',(-71.8435822494816,89.1961060658934,20.3825346357968));
#12235=CARTESIAN_POINT('',(-124.575457249482,89.1961060658933,20.3825346357968));
#12236=CARTESIAN_POINT('',(-71.8435822494816,89.1869658651381,20.4569755971699));
#12237=CARTESIAN_POINT('Origin',(-71.8435822494816,75.2920145244657,18.7508900980382));
#12238=CARTESIAN_POINT('',(-71.8435822494816,75.3011547252211,18.6764491366651));
#12239=CARTESIAN_POINT('',(-71.8435822494816,67.8569791842189,17.762419311579));
#12240=CARTESIAN_POINT('',(-71.8435822494816,75.2920145244657,18.7508900980382));
#12241=CARTESIAN_POINT('Origin',(-57.8435822494816,75.2920145244657,18.7508900980382));
#12242=CARTESIAN_POINT('',(-57.8435822494816,75.3011547252211,18.6764491366651));
#12243=CARTESIAN_POINT('',(-117.575457249482,75.301154725221,18.6764491366651));
#12244=CARTESIAN_POINT('',(-57.8435822494816,75.2920145244657,18.7508900980382));
#12245=CARTESIAN_POINT('Origin',(-57.8435822494816,89.1869658651381,20.4569755971699));
#12246=CARTESIAN_POINT('',(-57.8435822494816,74.8044548545551,18.6154620611449));
#12247=CARTESIAN_POINT('Origin',(-143.280582249482,108.094970053905,22.7785865890379));
#12248=CARTESIAN_POINT('',(-129.281582249482,108.104110254661,22.7041456276648));
#12249=CARTESIAN_POINT('',(-129.281582249482,108.094970053905,22.7785865890379));
#12250=CARTESIAN_POINT('',(-143.280582249482,108.104110254661,22.7041456276648));
#12251=CARTESIAN_POINT('',(-160.293957249482,108.104110254661,22.7041456276648));
#12252=CARTESIAN_POINT('',(-143.280582249482,108.094970053905,22.7785865890379));
#12253=CARTESIAN_POINT('Origin',(-143.280582249482,94.2000187132329,21.0725010899062));
#12254=CARTESIAN_POINT('',(-143.280582249482,94.2091589139882,20.9980601285331));
#12255=CARTESIAN_POINT('',(-143.280582249482,77.3109812786025,18.923224807513));
#12256=CARTESIAN_POINT('',(-143.280582249482,94.2000187132329,21.0725010899062));
#12257=CARTESIAN_POINT('Origin',(-129.281582249482,94.2000187132329,21.0725010899062));
#12258=CARTESIAN_POINT('',(-129.281582249482,94.2091589139882,20.9980601285331));
#12259=CARTESIAN_POINT('',(-153.294457249482,94.2091589139882,20.9980601285331));
#12260=CARTESIAN_POINT('',(-129.281582249482,94.2000187132329,21.0725010899062));
#12261=CARTESIAN_POINT('Origin',(-129.281582249482,108.094970053905,22.7785865890379));
#12262=CARTESIAN_POINT('',(-129.281582249482,84.2584569489387,19.7762675570789));
#12263=CARTESIAN_POINT('Origin',(-219.482582249482,108.094970053905,22.7785865890379));
#12264=CARTESIAN_POINT('',(-205.481582249482,108.104110254661,22.7041456276648));
#12265=CARTESIAN_POINT('',(-205.481582249482,108.094970053905,22.7785865890379));
#12266=CARTESIAN_POINT('',(-219.482582249482,108.10411025466,22.7041456276648));
#12267=CARTESIAN_POINT('',(-198.394957249482,108.104110254661,22.7041456276648));
#12268=CARTESIAN_POINT('',(-219.482582249482,108.094970053905,22.7785865890379));
#12269=CARTESIAN_POINT('Origin',(-219.482582249482,94.2000187132328,21.0725010899062));
#12270=CARTESIAN_POINT('',(-219.482582249482,94.2091589139881,20.9980601285331));
#12271=CARTESIAN_POINT('',(-219.482582249482,77.3109812786025,18.923224807513));
#12272=CARTESIAN_POINT('',(-219.482582249482,94.2000187132328,21.0725010899062));
#12273=CARTESIAN_POINT('Origin',(-205.481582249482,94.2000187132328,21.0725010899062));
#12274=CARTESIAN_POINT('',(-205.481582249482,94.2091589139882,20.9980601285331));
#12275=CARTESIAN_POINT('',(-191.394457249482,94.2091589139882,20.9980601285331));
#12276=CARTESIAN_POINT('',(-205.481582249482,94.2000187132328,21.0725010899062));
#12277=CARTESIAN_POINT('Origin',(-205.481582249482,108.094970053905,22.7785865890379));
#12278=CARTESIAN_POINT('',(-205.481582249482,84.2584569489387,19.7762675570789));
#12279=CARTESIAN_POINT('Origin',(-295.680882249482,108.094970053905,22.7785865890379));
#12280=CARTESIAN_POINT('',(-281.681582249482,108.10411025466,22.7041456276648));
#12281=CARTESIAN_POINT('',(-281.681582249482,108.094970053905,22.7785865890379));
#12282=CARTESIAN_POINT('',(-295.680882249482,108.10411025466,22.7041456276648));
#12283=CARTESIAN_POINT('',(-236.494107249482,108.10411025466,22.7041456276648));
#12284=CARTESIAN_POINT('',(-295.680882249482,108.094970053905,22.7785865890379));
#12285=CARTESIAN_POINT('Origin',(-295.680882249482,94.2000187132327,21.0725010899062));
#12286=CARTESIAN_POINT('',(-295.680882249482,94.2091589139881,20.9980601285331));
#12287=CARTESIAN_POINT('',(-295.680882249482,77.3109812786023,18.923224807513));
#12288=CARTESIAN_POINT('',(-295.680882249482,94.2000187132327,21.0725010899062));
#12289=CARTESIAN_POINT('Origin',(-281.681582249482,94.2000187132327,21.0725010899062));
#12290=CARTESIAN_POINT('',(-281.681582249482,94.2091589139881,20.9980601285331));
#12291=CARTESIAN_POINT('',(-229.494457249482,94.2091589139881,20.9980601285331));
#12292=CARTESIAN_POINT('',(-281.681582249482,94.2000187132327,21.0725010899062));
#12293=CARTESIAN_POINT('Origin',(-281.681582249482,108.094970053905,22.7785865890379));
#12294=CARTESIAN_POINT('',(-281.681582249482,84.2584569489384,19.7762675570788));
#12295=CARTESIAN_POINT('Origin',(-314.730882249482,108.094970053905,22.7785865890379));
#12296=CARTESIAN_POINT('',(-300.731582249482,108.104110254661,22.7041456276648));
#12297=CARTESIAN_POINT('',(-300.731582249482,108.094970053905,22.7785865890379));
#12298=CARTESIAN_POINT('',(-314.730882249482,108.10411025466,22.7041456276648));
#12299=CARTESIAN_POINT('',(-246.019107249482,108.104110254661,22.7041456276648));
#12300=CARTESIAN_POINT('',(-314.730882249482,108.094970053905,22.7785865890379));
#12301=CARTESIAN_POINT('Origin',(-314.730882249482,94.2000187132327,21.0725010899062));
#12302=CARTESIAN_POINT('',(-314.730882249482,94.2091589139881,20.9980601285331));
#12303=CARTESIAN_POINT('',(-314.730882249482,77.3109812786022,18.923224807513));
#12304=CARTESIAN_POINT('',(-314.730882249482,94.2000187132327,21.0725010899062));
#12305=CARTESIAN_POINT('Origin',(-300.731582249482,94.2000187132328,21.0725010899062));
#12306=CARTESIAN_POINT('',(-300.731582249482,94.2091589139882,20.9980601285331));
#12307=CARTESIAN_POINT('',(-239.019457249482,94.2091589139883,20.9980601285332));
#12308=CARTESIAN_POINT('',(-300.731582249482,94.2000187132328,21.0725010899062));
#12309=CARTESIAN_POINT('Origin',(-300.731582249482,108.094970053905,22.7785865890379));
#12310=CARTESIAN_POINT('',(-300.731582249482,84.2584569489386,19.7762675570789));
#12311=CARTESIAN_POINT('Origin',(-238.532282249482,108.094970053905,22.7785865890379));
#12312=CARTESIAN_POINT('',(-224.531582249482,108.10411025466,22.7041456276648));
#12313=CARTESIAN_POINT('',(-224.531582249482,108.094970053905,22.7785865890379));
#12314=CARTESIAN_POINT('',(-238.532282249482,108.10411025466,22.7041456276648));
#12315=CARTESIAN_POINT('',(-207.919807249482,108.104110254661,22.7041456276648));
#12316=CARTESIAN_POINT('',(-238.532282249482,108.094970053905,22.7785865890379));
#12317=CARTESIAN_POINT('Origin',(-238.532282249482,94.2000187132328,21.0725010899062));
#12318=CARTESIAN_POINT('',(-238.532282249482,94.2091589139881,20.9980601285331));
#12319=CARTESIAN_POINT('',(-238.532282249482,77.3109812786025,18.923224807513));
#12320=CARTESIAN_POINT('',(-238.532282249482,94.2000187132328,21.0725010899062));
#12321=CARTESIAN_POINT('Origin',(-224.531582249482,94.2000187132328,21.0725010899062));
#12322=CARTESIAN_POINT('',(-224.531582249482,94.2091589139881,20.9980601285331));
#12323=CARTESIAN_POINT('',(-200.919457249482,94.2091589139882,20.9980601285331));
#12324=CARTESIAN_POINT('',(-224.531582249482,94.2000187132328,21.0725010899062));
#12325=CARTESIAN_POINT('Origin',(-224.531582249482,108.094970053905,22.7785865890379));
#12326=CARTESIAN_POINT('',(-224.531582249482,84.2584569489386,19.7762675570789));
#12327=CARTESIAN_POINT('Origin',(-162.330582249482,108.094970053905,22.7785865890379));
#12328=CARTESIAN_POINT('',(-148.331582249482,108.104110254661,22.7041456276648));
#12329=CARTESIAN_POINT('',(-148.331582249482,108.094970053905,22.7785865890379));
#12330=CARTESIAN_POINT('',(-162.330582249482,108.104110254661,22.7041456276648));
#12331=CARTESIAN_POINT('',(-169.818957249482,108.104110254661,22.7041456276648));
#12332=CARTESIAN_POINT('',(-162.330582249482,108.094970053905,22.7785865890379));
#12333=CARTESIAN_POINT('Origin',(-162.330582249482,94.2000187132329,21.0725010899062));
#12334=CARTESIAN_POINT('',(-162.330582249482,94.2091589139882,20.9980601285331));
#12335=CARTESIAN_POINT('',(-162.330582249482,77.3109812786025,18.923224807513));
#12336=CARTESIAN_POINT('',(-162.330582249482,94.2000187132329,21.0725010899062));
#12337=CARTESIAN_POINT('Origin',(-148.331582249482,94.2000187132329,21.0725010899062));
#12338=CARTESIAN_POINT('',(-148.331582249482,94.2091589139883,20.9980601285331));
#12339=CARTESIAN_POINT('',(-162.819457249482,94.2091589139882,20.9980601285331));
#12340=CARTESIAN_POINT('',(-148.331582249482,94.2000187132329,21.0725010899062));
#12341=CARTESIAN_POINT('Origin',(-148.331582249482,108.094970053905,22.7785865890379));
#12342=CARTESIAN_POINT('',(-148.331582249482,84.2584569489387,19.7762675570789));
#12343=CARTESIAN_POINT('Origin',(-62.6065822494815,94.2000187132329,21.0725010899062));
#12344=CARTESIAN_POINT('',(-76.6055822494815,94.2091589139883,20.9980601285332));
#12345=CARTESIAN_POINT('',(-76.6055822494815,94.2000187132329,21.0725010899062));
#12346=CARTESIAN_POINT('',(-62.6065822494815,94.2091589139883,20.9980601285332));
#12347=CARTESIAN_POINT('',(-119.956957249482,94.2091589139884,20.9980601285332));
#12348=CARTESIAN_POINT('',(-62.6065822494815,94.2000187132329,21.0725010899062));
#12349=CARTESIAN_POINT('Origin',(-62.6065822494815,98.8639930797955,21.645165134567));
#12350=CARTESIAN_POINT('',(-62.6065822494815,98.8731332805509,21.5707241731939));
#12351=CARTESIAN_POINT('',(-62.6065822494815,79.6429684618839,19.2095568298434));
#12352=CARTESIAN_POINT('',(-62.6065822494815,98.8639930797955,21.645165134567));
#12353=CARTESIAN_POINT('Origin',(-61.0805822494816,98.8639930797955,21.645165134567));
#12354=CARTESIAN_POINT('',(-61.0805822494816,98.8731332805509,21.5707241731939));
#12355=CARTESIAN_POINT('',(-119.193957249482,98.8731332805508,21.5707241731939));
#12356=CARTESIAN_POINT('',(-61.0805822494816,98.8639930797955,21.645165134567));
#12357=CARTESIAN_POINT('Origin',(-61.0805822494816,94.4283043281104,21.1005310388894));
#12358=CARTESIAN_POINT('',(-61.0805822494816,94.4374445288658,21.0260900775163));
#12359=CARTESIAN_POINT('',(-61.0805822494816,77.4251240860414,18.9372397820046));
#12360=CARTESIAN_POINT('',(-61.0805822494816,94.4283043281104,21.1005310388894));
#12361=CARTESIAN_POINT('Origin',(-59.3555822494816,94.4283043281104,21.1005310388894));
#12362=CARTESIAN_POINT('',(-59.3555822494816,94.4374445288658,21.0260900775163));
#12363=CARTESIAN_POINT('',(-118.331457249482,94.4374445288652,21.0260900775163));
#12364=CARTESIAN_POINT('',(-59.3555822494816,94.4283043281104,21.1005310388894));
#12365=CARTESIAN_POINT('Origin',(-59.3555822494816,93.2370504369105,20.9542634529345));
#12366=CARTESIAN_POINT('',(-59.3555822494816,93.2461906376659,20.8798224915615));
#12367=CARTESIAN_POINT('',(-59.3555822494816,76.8294971404414,18.8641059890272));
#12368=CARTESIAN_POINT('',(-59.3555822494816,93.2370504369105,20.9542634529345));
#12369=CARTESIAN_POINT('Origin',(-56.0565822494817,93.2370504369105,20.9542634529346));
#12370=CARTESIAN_POINT('',(-56.0565822494817,93.2461906376659,20.8798224915615));
#12371=CARTESIAN_POINT('',(-116.681957249482,93.2461906376661,20.8798224915615));
#12372=CARTESIAN_POINT('',(-56.0565822494817,93.2370504369105,20.9542634529346));
#12373=CARTESIAN_POINT('Origin',(-56.0565822494816,94.4283043281104,21.1005310388894));
#12374=CARTESIAN_POINT('',(-56.0565822494816,94.4374445288658,21.0260900775163));
#12375=CARTESIAN_POINT('',(-56.0565822494826,77.4251240860378,18.9372397820042));
#12376=CARTESIAN_POINT('',(-56.0565822494816,94.4283043281104,21.1005310388894));
#12377=CARTESIAN_POINT('Origin',(-54.3315822494815,94.4283043281104,21.1005310388894));
#12378=CARTESIAN_POINT('',(-54.3315822494815,94.4374445288658,21.0260900775163));
#12379=CARTESIAN_POINT('',(-115.819457249482,94.4374445288658,21.0260900775163));
#12380=CARTESIAN_POINT('',(-54.3315822494815,94.4283043281104,21.1005310388894));
#12381=CARTESIAN_POINT('Origin',(-54.3315822494815,100.651469444286,21.8646396351053));
#12382=CARTESIAN_POINT('',(-54.3315822494815,100.660609645042,21.7901986737323));
#12383=CARTESIAN_POINT('',(-54.3315822494815,80.5367066441293,19.3192940801126));
#12384=CARTESIAN_POINT('',(-54.3315822494815,100.651469444286,21.8646396351053));
#12385=CARTESIAN_POINT('Origin',(-53.5055822494816,100.651469444286,21.8646396351053));
#12386=CARTESIAN_POINT('',(-53.5055822494816,100.660609645042,21.7901986737323));
#12387=CARTESIAN_POINT('',(-115.406457249482,100.660609645042,21.7901986737323));
#12388=CARTESIAN_POINT('',(-53.5055822494816,100.651469444286,21.8646396351053));
#12389=CARTESIAN_POINT('Origin',(-53.5055822494815,103.429506868115,22.205739740362));
#12390=CARTESIAN_POINT('',(-53.5055822494815,103.438647068871,22.1312987789889));
#12391=CARTESIAN_POINT('',(-53.505582249482,81.9257253560422,19.4898441327407));
#12392=CARTESIAN_POINT('',(-53.5055822494815,103.429506868115,22.205739740362));
#12393=CARTESIAN_POINT('Origin',(-54.3315822494815,103.429506868115,22.205739740362));
#12394=CARTESIAN_POINT('',(-54.3315822494815,103.438647068871,22.1312987789889));
#12395=CARTESIAN_POINT('',(-115.819457249482,103.438647068871,22.1312987789889));
#12396=CARTESIAN_POINT('',(-54.3315822494815,103.429506868115,22.205739740362));
#12397=CARTESIAN_POINT('Origin',(-54.3315822494815,106.635530192532,22.599389906495));
#12398=CARTESIAN_POINT('',(-54.3315822494815,106.644670393287,22.5249489451219));
#12399=CARTESIAN_POINT('',(-54.3315822494815,83.5287370182521,19.6866692158074));
#12400=CARTESIAN_POINT('',(-54.3315822494815,106.635530192532,22.599389906495));
#12401=CARTESIAN_POINT('Origin',(-61.0805822494816,106.635530192532,22.599389906495));
#12402=CARTESIAN_POINT('',(-61.0805822494816,106.644670393287,22.5249489451219));
#12403=CARTESIAN_POINT('',(-119.193957249482,106.644670393287,22.5249489451219));
#12404=CARTESIAN_POINT('',(-61.0805822494816,106.635530192532,22.599389906495));
#12405=CARTESIAN_POINT('Origin',(-61.0805822494816,103.429506868115,22.205739740362));
#12406=CARTESIAN_POINT('',(-61.0805822494816,103.438647068871,22.1312987789889));
#12407=CARTESIAN_POINT('',(-61.0805822494816,81.9257253560438,19.4898441327409));
#12408=CARTESIAN_POINT('',(-61.0805822494816,103.429506868115,22.205739740362));
#12409=CARTESIAN_POINT('Origin',(-62.6065822494815,103.429506868115,22.205739740362));
#12410=CARTESIAN_POINT('',(-62.6065822494815,103.438647068871,22.1312987789889));
#12411=CARTESIAN_POINT('',(-119.956957249482,103.438647068871,22.1312987789889));
#12412=CARTESIAN_POINT('',(-62.6065822494815,103.429506868115,22.205739740362));
#12413=CARTESIAN_POINT('Origin',(-62.6065822494815,108.094970053905,22.7785865890379));
#12414=CARTESIAN_POINT('',(-62.6065822494815,108.104110254661,22.7041456276648));
#12415=CARTESIAN_POINT('',(-62.6065822494815,84.2584569489388,19.7762675570789));
#12416=CARTESIAN_POINT('',(-62.6065822494815,108.094970053905,22.7785865890379));
#12417=CARTESIAN_POINT('Origin',(-76.6055822494816,108.094970053905,22.7785865890379));
#12418=CARTESIAN_POINT('',(-76.6055822494816,108.104110254661,22.7041456276648));
#12419=CARTESIAN_POINT('',(-126.956457249482,108.104110254661,22.7041456276648));
#12420=CARTESIAN_POINT('',(-76.6055822494816,108.094970053905,22.7785865890379));
#12421=CARTESIAN_POINT('Origin',(-76.6055822494815,103.429506868115,22.205739740362));
#12422=CARTESIAN_POINT('',(-76.6055822494815,103.438647068871,22.1312987789889));
#12423=CARTESIAN_POINT('',(-76.6055822494815,81.9257253560438,19.4898441327409));
#12424=CARTESIAN_POINT('',(-76.6055822494815,103.429506868115,22.205739740362));
#12425=CARTESIAN_POINT('Origin',(-78.1315822494815,103.429506868115,22.205739740362));
#12426=CARTESIAN_POINT('',(-78.1315822494815,103.438647068871,22.1312987789889));
#12427=CARTESIAN_POINT('',(-127.719457249482,103.438647068871,22.1312987789889));
#12428=CARTESIAN_POINT('',(-78.1315822494815,103.429506868115,22.205739740362));
#12429=CARTESIAN_POINT('Origin',(-78.1315822494816,106.635530192532,22.599389906495));
#12430=CARTESIAN_POINT('',(-78.1315822494816,106.644670393287,22.5249489451219));
#12431=CARTESIAN_POINT('',(-78.1315822494811,83.5287370182532,19.6866692158076));
#12432=CARTESIAN_POINT('',(-78.1315822494816,106.635530192532,22.599389906495));
#12433=CARTESIAN_POINT('Origin',(-84.8805822494816,106.635530192532,22.599389906495));
#12434=CARTESIAN_POINT('',(-84.8805822494816,106.644670393287,22.5249489451219));
#12435=CARTESIAN_POINT('',(-131.093957249482,106.644670393287,22.5249489451219));
#12436=CARTESIAN_POINT('',(-84.8805822494816,106.635530192532,22.599389906495));
#12437=CARTESIAN_POINT('Origin',(-84.8805822494816,103.429506868115,22.205739740362));
#12438=CARTESIAN_POINT('',(-84.8805822494816,103.438647068871,22.1312987789889));
#12439=CARTESIAN_POINT('',(-84.8805822494812,81.9257253560445,19.489844132741));
#12440=CARTESIAN_POINT('',(-84.8805822494816,103.429506868115,22.205739740362));
#12441=CARTESIAN_POINT('Origin',(-85.7065822494816,103.429506868115,22.205739740362));
#12442=CARTESIAN_POINT('',(-85.7065822494816,103.438647068871,22.1312987789889));
#12443=CARTESIAN_POINT('',(-131.506957249482,103.438647068871,22.1312987789889));
#12444=CARTESIAN_POINT('',(-85.7065822494816,103.429506868115,22.205739740362));
#12445=CARTESIAN_POINT('Origin',(-85.7065822494816,100.651469444286,21.8646396351053));
#12446=CARTESIAN_POINT('',(-85.7065822494815,100.660609645042,21.7901986737323));
#12447=CARTESIAN_POINT('',(-85.7065822494815,80.5367066441294,19.3192940801126));
#12448=CARTESIAN_POINT('',(-85.7065822494815,100.651469444286,21.8646396351053));
#12449=CARTESIAN_POINT('Origin',(-84.8805822494815,100.651469444286,21.8646396351053));
#12450=CARTESIAN_POINT('',(-84.8805822494815,100.660609645042,21.7901986737323));
#12451=CARTESIAN_POINT('',(-131.093957249482,100.660609645042,21.7901986737323));
#12452=CARTESIAN_POINT('',(-84.8805822494815,100.651469444286,21.8646396351053));
#12453=CARTESIAN_POINT('Origin',(-84.8805822494815,94.4283043281105,21.1005310388894));
#12454=CARTESIAN_POINT('',(-84.8805822494815,94.4374445288658,21.0260900775163));
#12455=CARTESIAN_POINT('',(-84.8805822494815,77.4251240860414,18.9372397820046));
#12456=CARTESIAN_POINT('',(-84.8805822494815,94.4283043281104,21.1005310388894));
#12457=CARTESIAN_POINT('Origin',(-83.1575822494815,94.4283043281104,21.1005310388894));
#12458=CARTESIAN_POINT('',(-83.1575822494815,94.4374445288658,21.0260900775163));
#12459=CARTESIAN_POINT('',(-130.232457249482,94.4374445288658,21.0260900775163));
#12460=CARTESIAN_POINT('',(-83.1575822494815,94.4283043281104,21.1005310388894));
#12461=CARTESIAN_POINT('Origin',(-83.1575822494816,93.2370504369105,20.9542634529346));
#12462=CARTESIAN_POINT('',(-83.1575822494816,93.2461906376659,20.8798224915615));
#12463=CARTESIAN_POINT('',(-83.1575822494826,76.8294971404386,18.8641059890269));
#12464=CARTESIAN_POINT('',(-83.1575822494816,93.2370504369105,20.9542634529346));
#12465=CARTESIAN_POINT('Origin',(-79.8565822494815,93.2370504369105,20.9542634529345));
#12466=CARTESIAN_POINT('',(-79.8565822494815,93.2461906376658,20.8798224915615));
#12467=CARTESIAN_POINT('',(-128.581957249481,93.2461906376663,20.8798224915615));
#12468=CARTESIAN_POINT('',(-79.8565822494815,93.2370504369105,20.9542634529345));
#12469=CARTESIAN_POINT('Origin',(-79.8565822494815,94.4283043281104,21.1005310388894));
#12470=CARTESIAN_POINT('',(-79.8565822494815,94.4374445288658,21.0260900775163));
#12471=CARTESIAN_POINT('',(-79.8565822494815,77.4251240860414,18.9372397820046));
#12472=CARTESIAN_POINT('',(-79.8565822494815,94.4283043281104,21.1005310388894));
#12473=CARTESIAN_POINT('Origin',(-78.1315822494815,94.4283043281105,21.1005310388894));
#12474=CARTESIAN_POINT('',(-78.1315822494815,94.4374445288658,21.0260900775163));
#12475=CARTESIAN_POINT('',(-127.719457249482,94.4374445288648,21.0260900775162));
#12476=CARTESIAN_POINT('',(-78.1315822494815,94.4283043281105,21.1005310388894));
#12477=CARTESIAN_POINT('Origin',(-78.1315822494816,98.8639930797955,21.645165134567));
#12478=CARTESIAN_POINT('',(-78.1315822494816,98.8731332805509,21.5707241731939));
#12479=CARTESIAN_POINT('',(-78.1315822494813,79.6429684618847,19.2095568298435));
#12480=CARTESIAN_POINT('',(-78.1315822494816,98.8639930797955,21.645165134567));
#12481=CARTESIAN_POINT('Origin',(-76.6055822494816,98.8639930797955,21.645165134567));
#12482=CARTESIAN_POINT('',(-76.6055822494816,98.8731332805509,21.5707241731939));
#12483=CARTESIAN_POINT('',(-126.956457249482,98.8731332805503,21.5707241731939));
#12484=CARTESIAN_POINT('',(-76.6055822494816,98.8639930797955,21.645165134567));
#12485=CARTESIAN_POINT('Origin',(-76.6055822494815,94.2000187132329,21.0725010899062));
#12486=CARTESIAN_POINT('',(-76.6055822494813,77.3109812786034,18.9232248075131));
#12487=CARTESIAN_POINT('Origin',(-100.418582249482,51.3708582329885,15.8137414264994));
#12488=CARTESIAN_POINT('',(-86.4185822494815,51.3799984337439,15.7393004651263));
#12489=CARTESIAN_POINT('',(-86.4185822494815,51.3708582329885,15.8137414264994));
#12490=CARTESIAN_POINT('',(-100.418582249482,51.3799984337439,15.7393004651263));
#12491=CARTESIAN_POINT('',(-138.862957249482,51.3799984337437,15.7393004651263));
#12492=CARTESIAN_POINT('',(-100.418582249482,51.3708582329885,15.8137414264994));
#12493=CARTESIAN_POINT('Origin',(-100.418582249482,37.475807637701,14.1076437404334));
#12494=CARTESIAN_POINT('',(-100.418582249482,37.4849478384564,14.0332027790603));
#12495=CARTESIAN_POINT('',(-100.418582249482,48.9488757408365,15.4407961327766));
#12496=CARTESIAN_POINT('',(-100.418582249482,37.475807637701,14.1076437404334));
#12497=CARTESIAN_POINT('Origin',(-86.4185822494815,37.475807637701,14.1076437404334));
#12498=CARTESIAN_POINT('',(-86.4185822494815,37.4849478384564,14.0332027790603));
#12499=CARTESIAN_POINT('',(-131.862957249482,37.4849478384562,14.0332027790603));
#12500=CARTESIAN_POINT('',(-86.4185822494815,37.475807637701,14.1076437404334));
#12501=CARTESIAN_POINT('Origin',(-86.4185822494815,51.3708582329885,15.8137414264994));
#12502=CARTESIAN_POINT('',(-86.4185822494815,55.8964010384804,16.2938449758096));
#12503=CARTESIAN_POINT('Origin',(-52.7798322494815,51.2517526947916,15.7991171052908));
#12504=CARTESIAN_POINT('',(-38.7808322494815,51.260892895547,15.7246761439177));
#12505=CARTESIAN_POINT('',(-38.7808322494815,51.2517526947916,15.7991171052908));
#12506=CARTESIAN_POINT('',(-52.7798322494815,51.260892895547,15.7246761439177));
#12507=CARTESIAN_POINT('',(-115.043582249482,51.260892895547,15.7246761439177));
#12508=CARTESIAN_POINT('',(-52.7798322494815,51.2517526947916,15.7991171052908));
#12509=CARTESIAN_POINT('Origin',(-52.7798322494816,37.3567020995041,14.0930194192248));
#12510=CARTESIAN_POINT('',(-52.7798322494816,37.3658423002595,14.0185784578517));
#12511=CARTESIAN_POINT('',(-52.7798322494815,48.8893229717379,15.4334839721723));
#12512=CARTESIAN_POINT('',(-52.7798322494816,37.3567020995041,14.0930194192248));
#12513=CARTESIAN_POINT('Origin',(-38.7808322494816,37.3567020995041,14.0930194192248));
#12514=CARTESIAN_POINT('',(-38.7808322494816,37.3658423002595,14.0185784578517));
#12515=CARTESIAN_POINT('',(-108.044082249482,37.3658423002596,14.0185784578517));
#12516=CARTESIAN_POINT('',(-38.7808322494816,37.3567020995041,14.0930194192248));
#12517=CARTESIAN_POINT('Origin',(-38.7808322494815,51.2517526947916,15.7991171052908));
#12518=CARTESIAN_POINT('',(-38.7808322494815,55.8368482693816,16.2865328152053));
#12519=CARTESIAN_POINT('Origin',(-109.943582249482,70.2789616763709,18.1353646053018));
#12520=CARTESIAN_POINT('',(-95.9435822494816,70.2881018771262,18.0609236439287));
#12521=CARTESIAN_POINT('',(-95.9435822494816,70.2789616763708,18.1353646053018));
#12522=CARTESIAN_POINT('',(-109.943582249482,70.2881018771262,18.0609236439287));
#12523=CARTESIAN_POINT('',(-143.625457249482,70.2881018771263,18.0609236439287));
#12524=CARTESIAN_POINT('',(-109.943582249482,70.2789616763709,18.1353646053018));
#12525=CARTESIAN_POINT('Origin',(-109.943582249482,56.3840103356985,16.4292791061701));
#12526=CARTESIAN_POINT('',(-109.943582249482,56.3931505364539,16.3548381447971));
#12527=CARTESIAN_POINT('',(-109.943582249482,58.4029770898356,16.601613815645));
#12528=CARTESIAN_POINT('',(-109.943582249482,56.3840103356985,16.4292791061701));
#12529=CARTESIAN_POINT('Origin',(-95.9435822494815,56.3840103356985,16.4292791061701));
#12530=CARTESIAN_POINT('',(-95.9435822494815,56.3931505364539,16.3548381447971));
#12531=CARTESIAN_POINT('',(-136.625457249482,56.393150536454,16.3548381447971));
#12532=CARTESIAN_POINT('',(-95.9435822494815,56.3840103356985,16.4292791061701));
#12533=CARTESIAN_POINT('Origin',(-95.9435822494816,70.2789616763708,18.1353646053018));
#12534=CARTESIAN_POINT('',(-95.9435822494816,65.3504527601718,17.4546565652109));
#12535=CARTESIAN_POINT('Origin',(-133.755582249482,89.186965865138,20.4569755971698));
#12536=CARTESIAN_POINT('',(-119.756582249482,89.1961060658934,20.3825346357968));
#12537=CARTESIAN_POINT('',(-119.756582249482,89.186965865138,20.4569755971698));
#12538=CARTESIAN_POINT('',(-133.755582249482,89.1961060658934,20.3825346357968));
#12539=CARTESIAN_POINT('',(-155.531457249482,89.1961060658934,20.3825346357968));
#12540=CARTESIAN_POINT('',(-133.755582249482,89.186965865138,20.4569755971698));
#12541=CARTESIAN_POINT('Origin',(-133.755582249482,75.2920145244656,18.7508900980382));
#12542=CARTESIAN_POINT('',(-133.755582249482,75.301154725221,18.6764491366651));
#12543=CARTESIAN_POINT('',(-133.755582249482,67.8569791842189,17.762419311579));
#12544=CARTESIAN_POINT('',(-133.755582249482,75.2920145244656,18.7508900980382));
#12545=CARTESIAN_POINT('Origin',(-119.756582249482,75.2920145244657,18.7508900980382));
#12546=CARTESIAN_POINT('',(-119.756582249482,75.301154725221,18.6764491366651));
#12547=CARTESIAN_POINT('',(-148.531957249482,75.301154725221,18.6764491366651));
#12548=CARTESIAN_POINT('',(-119.756582249482,75.2920145244657,18.7508900980382));
#12549=CARTESIAN_POINT('Origin',(-119.756582249482,89.186965865138,20.4569755971698));
#12550=CARTESIAN_POINT('',(-119.756582249482,74.8044548545551,18.6154620611449));
#12551=CARTESIAN_POINT('Origin',(-140.899582249482,32.4629532988365,13.4921426215657));
#12552=CARTESIAN_POINT('',(-126.900582249481,32.4720934995918,13.4177016601926));
#12553=CARTESIAN_POINT('',(-126.900582249481,32.4629532988365,13.4921426215657));
#12554=CARTESIAN_POINT('',(-140.899582249482,32.4720934995918,13.4177016601926));
#12555=CARTESIAN_POINT('',(-159.103457249482,32.4720934995919,13.4177016601926));
#12556=CARTESIAN_POINT('',(-140.899582249482,32.4629532988365,13.4921426215657));
#12557=CARTESIAN_POINT('Origin',(-140.899582249482,18.5678431507798,11.7860376233391));
#12558=CARTESIAN_POINT('',(-140.899582249482,18.5769833515352,11.711596661966));
#12559=CARTESIAN_POINT('',(-140.899582249482,39.494893497376,14.2799930742295));
#12560=CARTESIAN_POINT('',(-140.899582249482,18.5678431507798,11.7860376233391));
#12561=CARTESIAN_POINT('Origin',(-126.900582249481,18.5678431507798,11.7860376233391));
#12562=CARTESIAN_POINT('',(-126.900582249481,18.5769833515352,11.711596661966));
#12563=CARTESIAN_POINT('',(-152.103957249482,18.5769833515352,11.711596661966));
#12564=CARTESIAN_POINT('',(-126.900582249481,18.5678431507798,11.7860376233391));
#12565=CARTESIAN_POINT('Origin',(-126.900582249481,32.4629532988365,13.4921426215657));
#12566=CARTESIAN_POINT('',(-126.900582249481,46.4424485714043,15.1330455733428));
#12567=CARTESIAN_POINT('Origin',(-190.905582249482,89.186965865138,20.4569755971699));
#12568=CARTESIAN_POINT('',(-176.906582249482,89.1961060658934,20.3825346357968));
#12569=CARTESIAN_POINT('',(-176.906582249482,89.186965865138,20.4569755971698));
#12570=CARTESIAN_POINT('',(-190.905582249482,89.1961060658934,20.3825346357968));
#12571=CARTESIAN_POINT('',(-184.106457249482,89.1961060658934,20.3825346357968));
#12572=CARTESIAN_POINT('',(-190.905582249482,89.186965865138,20.4569755971699));
#12573=CARTESIAN_POINT('Origin',(-190.905582249482,75.2920145244656,18.7508900980382));
#12574=CARTESIAN_POINT('',(-190.905582249482,75.301154725221,18.6764491366651));
#12575=CARTESIAN_POINT('',(-190.905582249482,67.8569791842189,17.762419311579));
#12576=CARTESIAN_POINT('',(-190.905582249482,75.2920145244656,18.7508900980382));
#12577=CARTESIAN_POINT('Origin',(-176.906582249482,75.2920145244656,18.7508900980382));
#12578=CARTESIAN_POINT('',(-176.906582249482,75.301154725221,18.6764491366651));
#12579=CARTESIAN_POINT('',(-177.106957249482,75.301154725221,18.6764491366651));
#12580=CARTESIAN_POINT('',(-176.906582249482,75.2920145244656,18.7508900980382));
#12581=CARTESIAN_POINT('Origin',(-176.906582249482,89.186965865138,20.4569755971698));
#12582=CARTESIAN_POINT('',(-176.906582249482,74.8044548545551,18.6154620611449));
#12583=CARTESIAN_POINT('Origin',(-205.193582249482,70.2789616763708,18.1353646053018));
#12584=CARTESIAN_POINT('',(-191.193582249482,70.2881018771262,18.0609236439287));
#12585=CARTESIAN_POINT('',(-191.193582249482,70.2789616763708,18.1353646053018));
#12586=CARTESIAN_POINT('',(-205.193582249482,70.2881018771262,18.0609236439287));
#12587=CARTESIAN_POINT('',(-191.250457249482,70.2881018771262,18.0609236439287));
#12588=CARTESIAN_POINT('',(-205.193582249482,70.2789616763708,18.1353646053018));
#12589=CARTESIAN_POINT('Origin',(-205.193582249482,56.3840103356985,16.4292791061702));
#12590=CARTESIAN_POINT('',(-205.193582249482,56.3931505364538,16.3548381447971));
#12591=CARTESIAN_POINT('',(-205.193582249482,58.4029770898353,16.601613815645));
#12592=CARTESIAN_POINT('',(-205.193582249482,56.3840103356985,16.4292791061702));
#12593=CARTESIAN_POINT('Origin',(-191.193582249482,56.3840103356985,16.4292791061702));
#12594=CARTESIAN_POINT('',(-191.193582249482,56.3931505364539,16.3548381447971));
#12595=CARTESIAN_POINT('',(-184.250457249482,56.3931505364539,16.3548381447971));
#12596=CARTESIAN_POINT('',(-191.193582249482,56.3840103356985,16.4292791061702));
#12597=CARTESIAN_POINT('Origin',(-191.193582249482,70.2789616763708,18.1353646053018));
#12598=CARTESIAN_POINT('',(-191.193582249482,65.3504527601715,17.4546565652108));
#12599=CARTESIAN_POINT('Origin',(-214.718582249482,51.3708582329885,15.8137414264994));
#12600=CARTESIAN_POINT('',(-200.718582249482,51.3799984337438,15.7393004651263));
#12601=CARTESIAN_POINT('',(-200.718582249482,51.3708582329884,15.8137414264994));
#12602=CARTESIAN_POINT('',(-214.718582249482,51.3799984337439,15.7393004651263));
#12603=CARTESIAN_POINT('',(-196.012957249482,51.3799984337438,15.7393004651263));
#12604=CARTESIAN_POINT('',(-214.718582249482,51.3708582329885,15.8137414264994));
#12605=CARTESIAN_POINT('Origin',(-214.718582249482,37.4758076377009,14.1076437404334));
#12606=CARTESIAN_POINT('',(-214.718582249482,37.4849478384563,14.0332027790603));
#12607=CARTESIAN_POINT('',(-214.718582249482,48.9488757408365,15.4407961327766));
#12608=CARTESIAN_POINT('',(-214.718582249482,37.4758076377009,14.1076437404334));
#12609=CARTESIAN_POINT('Origin',(-200.718582249482,37.4758076377009,14.1076437404334));
#12610=CARTESIAN_POINT('',(-200.718582249482,37.4849478384563,14.0332027790603));
#12611=CARTESIAN_POINT('',(-189.012957249482,37.4849478384563,14.0332027790603));
#12612=CARTESIAN_POINT('',(-200.718582249482,37.4758076377009,14.1076437404334));
#12613=CARTESIAN_POINT('Origin',(-200.718582249482,51.3708582329884,15.8137414264994));
#12614=CARTESIAN_POINT('',(-200.718582249482,55.8964010384803,16.2938449758096));
#12615=CARTESIAN_POINT('Origin',(-267.105882249482,89.1869658651379,20.4569755971699));
#12616=CARTESIAN_POINT('',(-253.106582249482,89.1961060658933,20.3825346357968));
#12617=CARTESIAN_POINT('',(-253.106582249482,89.1869658651379,20.4569755971699));
#12618=CARTESIAN_POINT('',(-267.105882249482,89.1961060658933,20.3825346357968));
#12619=CARTESIAN_POINT('',(-222.206607249482,89.1961060658933,20.3825346357968));
#12620=CARTESIAN_POINT('',(-267.105882249482,89.1869658651379,20.4569755971699));
#12621=CARTESIAN_POINT('Origin',(-267.105882249482,75.2920145244656,18.7508900980382));
#12622=CARTESIAN_POINT('',(-267.105882249482,75.301154725221,18.6764491366651));
#12623=CARTESIAN_POINT('',(-267.105882249482,67.8569791842191,17.762419311579));
#12624=CARTESIAN_POINT('',(-267.105882249482,75.2920145244656,18.7508900980382));
#12625=CARTESIAN_POINT('Origin',(-253.106582249482,75.2920145244656,18.7508900980382));
#12626=CARTESIAN_POINT('',(-253.106582249482,75.301154725221,18.6764491366651));
#12627=CARTESIAN_POINT('',(-215.206957249482,75.3011547252209,18.6764491366651));
#12628=CARTESIAN_POINT('',(-253.106582249482,75.2920145244656,18.7508900980382));
#12629=CARTESIAN_POINT('Origin',(-253.106582249482,89.1869658651379,20.4569755971699));
#12630=CARTESIAN_POINT('',(-253.106582249482,74.8044548545551,18.6154620611449));
#12631=CARTESIAN_POINT('Origin',(-281.393382249482,70.2789616763707,18.1353646053018));
#12632=CARTESIAN_POINT('',(-267.394082249482,70.2881018771262,18.0609236439287));
#12633=CARTESIAN_POINT('',(-267.394082249482,70.2789616763708,18.1353646053018));
#12634=CARTESIAN_POINT('',(-281.393382249482,70.2881018771261,18.0609236439287));
#12635=CARTESIAN_POINT('',(-229.350357249482,70.2881018771263,18.0609236439287));
#12636=CARTESIAN_POINT('',(-281.393382249482,70.2789616763707,18.1353646053018));
#12637=CARTESIAN_POINT('Origin',(-281.393382249482,56.3840103356984,16.4292791061702));
#12638=CARTESIAN_POINT('',(-281.393382249482,56.3931505364538,16.3548381447971));
#12639=CARTESIAN_POINT('',(-281.393382249482,58.4029770898351,16.601613815645));
#12640=CARTESIAN_POINT('',(-281.393382249482,56.3840103356984,16.4292791061702));
#12641=CARTESIAN_POINT('Origin',(-267.394082249482,56.3840103356984,16.4292791061702));
#12642=CARTESIAN_POINT('',(-267.394082249482,56.3931505364538,16.3548381447971));
#12643=CARTESIAN_POINT('',(-222.350707249482,56.3931505364539,16.3548381447971));
#12644=CARTESIAN_POINT('',(-267.394082249482,56.3840103356984,16.4292791061702));
#12645=CARTESIAN_POINT('Origin',(-267.394082249482,70.2789616763708,18.1353646053018));
#12646=CARTESIAN_POINT('',(-267.394082249482,65.3504527601714,17.4546565652108));
#12647=CARTESIAN_POINT('Origin',(-290.918382249482,51.3708582329884,15.8137414264994));
#12648=CARTESIAN_POINT('',(-276.919082249482,51.3799984337438,15.7393004651263));
#12649=CARTESIAN_POINT('',(-276.919082249482,51.3708582329884,15.8137414264994));
#12650=CARTESIAN_POINT('',(-290.918382249482,51.3799984337438,15.7393004651263));
#12651=CARTESIAN_POINT('',(-234.112857249482,51.3799984337438,15.7393004651263));
#12652=CARTESIAN_POINT('',(-290.918382249482,51.3708582329884,15.8137414264994));
#12653=CARTESIAN_POINT('Origin',(-290.918382249482,37.4758076377008,14.1076437404334));
#12654=CARTESIAN_POINT('',(-290.918382249482,37.4849478384562,14.0332027790603));
#12655=CARTESIAN_POINT('',(-290.918382249482,48.9488757408366,15.4407961327766));
#12656=CARTESIAN_POINT('',(-290.918382249482,37.4758076377008,14.1076437404334));
#12657=CARTESIAN_POINT('Origin',(-276.919082249482,37.4758076377009,14.1076437404334));
#12658=CARTESIAN_POINT('',(-276.919082249482,37.4849478384563,14.0332027790603));
#12659=CARTESIAN_POINT('',(-227.113207249482,37.4849478384563,14.0332027790603));
#12660=CARTESIAN_POINT('',(-276.919082249482,37.4758076377009,14.1076437404334));
#12661=CARTESIAN_POINT('Origin',(-276.919082249482,51.3708582329884,15.8137414264994));
#12662=CARTESIAN_POINT('',(-276.919082249482,55.8964010384803,16.2938449758096));
#12663=CARTESIAN_POINT('Origin',(-307.875182249482,37.4758076377009,14.1076437404334));
#12664=CARTESIAN_POINT('',(-321.874682249482,37.4849478384562,14.0332027790603));
#12665=CARTESIAN_POINT('',(-321.874682249482,37.4758076377008,14.1076437404334));
#12666=CARTESIAN_POINT('',(-307.875182249482,37.4849478384563,14.0332027790603));
#12667=CARTESIAN_POINT('',(-242.591257249482,37.4849478384565,14.0332027790604));
#12668=CARTESIAN_POINT('',(-307.875182249482,37.4758076377009,14.1076437404334));
#12669=CARTESIAN_POINT('Origin',(-307.875182249482,42.1398812588786,14.6803199720286));
#12670=CARTESIAN_POINT('',(-307.875182249482,42.1490214596339,14.6058790106554));
#12671=CARTESIAN_POINT('',(-307.875182249482,51.2809125514248,15.7271342485741));
#12672=CARTESIAN_POINT('',(-307.875182249482,42.1398812588786,14.6803199720286));
#12673=CARTESIAN_POINT('Origin',(-306.349682249482,42.1398812588786,14.6803199720286));
#12674=CARTESIAN_POINT('',(-306.349682249482,42.1490214596339,14.6058790106554));
#12675=CARTESIAN_POINT('',(-241.828507249482,42.149021459634,14.6058790106555));
#12676=CARTESIAN_POINT('',(-306.349682249482,42.1398812588786,14.6803199720286));
#12677=CARTESIAN_POINT('Origin',(-306.349682249482,37.7042917618087,14.1356980632853));
#12678=CARTESIAN_POINT('',(-306.349682249482,37.7134319625641,14.0612571019122));
#12679=CARTESIAN_POINT('',(-306.349682249482,49.0631178028904,15.4548232942026));
#12680=CARTESIAN_POINT('',(-306.349682249482,37.7042917618087,14.1356980632853));
#12681=CARTESIAN_POINT('Origin',(-304.625782249482,37.7042917618087,14.1356980632853));
#12682=CARTESIAN_POINT('',(-304.625782249482,37.7134319625641,14.0612571019122));
#12683=CARTESIAN_POINT('',(-240.966557249482,37.7134319625633,14.0612571019121));
#12684=CARTESIAN_POINT('',(-304.625782249482,37.7042917618087,14.1356980632853));
#12685=CARTESIAN_POINT('Origin',(-304.625782249482,36.5129386159936,13.9894182903961));
#12686=CARTESIAN_POINT('',(-304.625782249482,36.522078816749,13.914977329023));
#12687=CARTESIAN_POINT('',(-304.625782249482,48.467441229981,15.3816834077577));
#12688=CARTESIAN_POINT('',(-304.625782249482,36.5129386159936,13.9894182903961));
#12689=CARTESIAN_POINT('Origin',(-301.325382249482,36.5129386159936,13.9894182903961));
#12690=CARTESIAN_POINT('',(-301.325382249482,36.522078816749,13.914977329023));
#12691=CARTESIAN_POINT('',(-239.316357249482,36.522078816749,13.914977329023));
#12692=CARTESIAN_POINT('',(-301.325382249482,36.5129386159936,13.9894182903961));
#12693=CARTESIAN_POINT('Origin',(-301.325382249482,37.7042917618087,14.1356980632853));
#12694=CARTESIAN_POINT('',(-301.325382249482,37.7134319625641,14.0612571019122));
#12695=CARTESIAN_POINT('',(-301.325382249482,49.0631178028904,15.4548232942026));
#12696=CARTESIAN_POINT('',(-301.325382249482,37.7042917618087,14.1356980632853));
#12697=CARTESIAN_POINT('Origin',(-299.600182249482,37.7042917618087,14.1356980632853));
#12698=CARTESIAN_POINT('',(-299.600182249482,37.7134319625641,14.0612571019122));
#12699=CARTESIAN_POINT('',(-238.453757249482,37.713431962564,14.0612571019122));
#12700=CARTESIAN_POINT('',(-299.600182249482,37.7042917618087,14.1356980632853));
#12701=CARTESIAN_POINT('Origin',(-299.600182249482,43.9275561325998,14.8998188464356));
#12702=CARTESIAN_POINT('',(-299.600182249482,43.9366963333552,14.8253778850625));
#12703=CARTESIAN_POINT('',(-299.600182249482,52.1747499882859,15.8368836857777));
#12704=CARTESIAN_POINT('',(-299.600182249482,43.9275561325998,14.8998188464356));
#12705=CARTESIAN_POINT('Origin',(-298.774682249482,43.9275561325999,14.8998188464356));
#12706=CARTESIAN_POINT('',(-298.774682249482,43.9366963333552,14.8253778850625));
#12707=CARTESIAN_POINT('',(-238.041007249481,43.9366963333585,14.8253778850629));
#12708=CARTESIAN_POINT('',(-298.774682249482,43.9275561325999,14.8998188464356));
#12709=CARTESIAN_POINT('Origin',(-298.774682249482,46.7054943018135,15.2409067647579));
#12710=CARTESIAN_POINT('',(-298.774682249482,46.7146345025689,15.1664658033848));
#12711=CARTESIAN_POINT('',(-298.774682249482,53.5637190728928,16.0074276449389));
#12712=CARTESIAN_POINT('',(-298.774682249482,46.7054943018135,15.2409067647579));
#12713=CARTESIAN_POINT('Origin',(-299.600182249482,46.7054943018135,15.2409067647579));
#12714=CARTESIAN_POINT('',(-299.600182249482,46.7146345025689,15.1664658033848));
#12715=CARTESIAN_POINT('',(-238.453757249482,46.714634502569,15.1664658033848));
#12716=CARTESIAN_POINT('',(-299.600182249482,46.7054943018135,15.2409067647579));
#12717=CARTESIAN_POINT('Origin',(-299.600182249482,49.9116168808453,15.6345691178252));
#12718=CARTESIAN_POINT('',(-299.600182249482,49.9207570816007,15.5601281564521));
#12719=CARTESIAN_POINT('',(-299.600182249482,55.166780362408,16.2042588214724));
#12720=CARTESIAN_POINT('',(-299.600182249482,49.9116168808453,15.6345691178252));
#12721=CARTESIAN_POINT('Origin',(-306.349682249482,49.9116168808453,15.6345691178252));
#12722=CARTESIAN_POINT('',(-306.349682249482,49.9207570816007,15.5601281564521));
#12723=CARTESIAN_POINT('',(-241.828507249482,49.9207570816004,15.560128156452));
#12724=CARTESIAN_POINT('',(-306.349682249482,49.9116168808453,15.6345691178252));
#12725=CARTESIAN_POINT('Origin',(-306.349682249482,46.7054943018135,15.2409067647579));
#12726=CARTESIAN_POINT('',(-306.349682249482,46.7146345025689,15.1664658033848));
#12727=CARTESIAN_POINT('',(-306.349682249482,53.5637190728935,16.0074276449389));
#12728=CARTESIAN_POINT('',(-306.349682249482,46.7054943018135,15.2409067647579));
#12729=CARTESIAN_POINT('Origin',(-307.875182249482,46.7054943018135,15.2409067647579));
#12730=CARTESIAN_POINT('',(-307.875182249482,46.7146345025689,15.1664658033848));
#12731=CARTESIAN_POINT('',(-242.591257249482,46.714634502569,15.1664658033848));
#12732=CARTESIAN_POINT('',(-307.875182249482,46.7054943018135,15.2409067647579));
#12733=CARTESIAN_POINT('Origin',(-307.875182249482,51.3708582329884,15.8137414264994));
#12734=CARTESIAN_POINT('',(-307.875182249482,51.3799984337438,15.7393004651263));
#12735=CARTESIAN_POINT('',(-307.875182249482,55.8964010384802,16.2938449758096));
#12736=CARTESIAN_POINT('',(-307.875182249482,51.3708582329884,15.8137414264994));
#12737=CARTESIAN_POINT('Origin',(-321.874682249482,51.3708582329884,15.8137414264994));
#12738=CARTESIAN_POINT('',(-321.874682249482,51.3799984337437,15.7393004651263));
#12739=CARTESIAN_POINT('',(-249.591007249482,51.379998433744,15.7393004651264));
#12740=CARTESIAN_POINT('',(-321.874682249482,51.3708582329884,15.8137414264994));
#12741=CARTESIAN_POINT('Origin',(-321.874682249482,46.7054943018135,15.2409067647579));
#12742=CARTESIAN_POINT('',(-321.874682249482,46.7146345025688,15.1664658033848));
#12743=CARTESIAN_POINT('',(-321.874682249482,53.5637190728928,16.0074276449389));
#12744=CARTESIAN_POINT('',(-321.874682249482,46.7054943018135,15.2409067647579));
#12745=CARTESIAN_POINT('Origin',(-323.400182249482,46.7054943018135,15.2409067647579));
#12746=CARTESIAN_POINT('',(-323.400182249482,46.7146345025689,15.1664658033848));
#12747=CARTESIAN_POINT('',(-250.353757249482,46.7146345025673,15.1664658033846));
#12748=CARTESIAN_POINT('',(-323.400182249482,46.7054943018135,15.2409067647579));
#12749=CARTESIAN_POINT('Origin',(-323.400182249482,49.9116168808453,15.6345691178252));
#12750=CARTESIAN_POINT('',(-323.400182249482,49.9207570816007,15.5601281564521));
#12751=CARTESIAN_POINT('',(-323.400182249482,55.1667803624087,16.2042588214725));
#12752=CARTESIAN_POINT('',(-323.400182249482,49.9116168808453,15.6345691178252));
#12753=CARTESIAN_POINT('Origin',(-330.149782249482,49.9116168808453,15.6345691178252));
#12754=CARTESIAN_POINT('',(-330.149782249482,49.9207570816006,15.5601281564521));
#12755=CARTESIAN_POINT('',(-253.728557249482,49.9207570816008,15.5601281564521));
#12756=CARTESIAN_POINT('',(-330.149782249482,49.9116168808453,15.6345691178252));
#12757=CARTESIAN_POINT('Origin',(-330.149782249482,46.7054943018135,15.2409067647579));
#12758=CARTESIAN_POINT('',(-330.149782249482,46.7146345025689,15.1664658033848));
#12759=CARTESIAN_POINT('',(-330.149782249482,53.5637190728928,16.0074276449389));
#12760=CARTESIAN_POINT('',(-330.149782249482,46.7054943018135,15.2409067647579));
#12761=CARTESIAN_POINT('Origin',(-330.975252249482,46.7054943018135,15.2409067647579));
#12762=CARTESIAN_POINT('',(-330.975252249482,46.7146345025689,15.1664658033848));
#12763=CARTESIAN_POINT('',(-254.141292249482,46.7146345025689,15.1664658033848));
#12764=CARTESIAN_POINT('',(-330.975252249482,46.7054943018135,15.2409067647579));
#12765=CARTESIAN_POINT('Origin',(-330.975252249482,43.9275561325998,14.8998188464356));
#12766=CARTESIAN_POINT('',(-330.975252249482,43.9366963333552,14.8253778850625));
#12767=CARTESIAN_POINT('',(-330.975252249482,52.1747499882859,15.8368836857777));
#12768=CARTESIAN_POINT('',(-330.975252249482,43.9275561325998,14.8998188464356));
#12769=CARTESIAN_POINT('Origin',(-330.149782249482,43.9275561325998,14.8998188464356));
#12770=CARTESIAN_POINT('',(-330.149782249482,43.9366963333552,14.8253778850625));
#12771=CARTESIAN_POINT('',(-253.728557249482,43.9366963333552,14.8253778850625));
#12772=CARTESIAN_POINT('',(-330.149782249482,43.9275561325998,14.8998188464356));
#12773=CARTESIAN_POINT('Origin',(-330.149782249482,37.7042917618086,14.1356980632853));
#12774=CARTESIAN_POINT('',(-330.149782249482,37.713431962564,14.0612571019122));
#12775=CARTESIAN_POINT('',(-330.149782249482,49.0631178028904,15.4548232942026));
#12776=CARTESIAN_POINT('',(-330.149782249482,37.7042917618086,14.1356980632853));
#12777=CARTESIAN_POINT('Origin',(-328.424492249482,37.7042917618086,14.1356980632853));
#12778=CARTESIAN_POINT('',(-328.424492249482,37.713431962564,14.0612571019122));
#12779=CARTESIAN_POINT('',(-252.865912249482,37.7134319625645,14.0612571019122));
#12780=CARTESIAN_POINT('',(-328.424492249482,37.7042917618086,14.1356980632853));
#12781=CARTESIAN_POINT('Origin',(-328.424492249482,36.5129386159936,13.9894182903961));
#12782=CARTESIAN_POINT('',(-328.424492249482,36.522078816749,13.914977329023));
#12783=CARTESIAN_POINT('',(-328.424492249482,48.4674412299828,15.381683407758));
#12784=CARTESIAN_POINT('',(-328.424492249482,36.5129386159936,13.9894182903961));
#12785=CARTESIAN_POINT('Origin',(-325.125482249482,36.5129386159936,13.9894182903961));
#12786=CARTESIAN_POINT('',(-325.125482249482,36.522078816749,13.914977329023));
#12787=CARTESIAN_POINT('',(-251.216407249482,36.5220788167492,13.914977329023));
#12788=CARTESIAN_POINT('',(-325.125482249482,36.5129386159936,13.9894182903961));
#12789=CARTESIAN_POINT('Origin',(-325.125482249482,37.7042917618087,14.1356980632853));
#12790=CARTESIAN_POINT('',(-325.125482249482,37.713431962564,14.0612571019122));
#12791=CARTESIAN_POINT('',(-325.125482249483,49.063117802886,15.454823294202));
#12792=CARTESIAN_POINT('',(-325.125482249482,37.7042917618087,14.1356980632853));
#12793=CARTESIAN_POINT('Origin',(-323.400182249482,37.7042917618086,14.1356980632853));
#12794=CARTESIAN_POINT('',(-323.400182249482,37.713431962564,14.0612571019122));
#12795=CARTESIAN_POINT('',(-250.353757249482,37.7134319625636,14.0612571019121));
#12796=CARTESIAN_POINT('',(-323.400182249482,37.7042917618086,14.1356980632853));
#12797=CARTESIAN_POINT('Origin',(-323.400182249482,42.1398812588785,14.6803199720286));
#12798=CARTESIAN_POINT('',(-323.400182249482,42.1490214596339,14.6058790106554));
#12799=CARTESIAN_POINT('',(-323.400182249482,51.2809125514253,15.7271342485742));
#12800=CARTESIAN_POINT('',(-323.400182249482,42.1398812588785,14.6803199720286));
#12801=CARTESIAN_POINT('Origin',(-321.874682249482,42.1398812588785,14.6803199720285));
#12802=CARTESIAN_POINT('',(-321.874682249482,42.1490214596339,14.6058790106554));
#12803=CARTESIAN_POINT('',(-249.591007249482,42.1490214596323,14.6058790106552));
#12804=CARTESIAN_POINT('',(-321.874682249482,42.1398812588785,14.6803199720285));
#12805=CARTESIAN_POINT('Origin',(-321.874682249482,37.4758076377008,14.1076437404334));
#12806=CARTESIAN_POINT('',(-321.874682249482,48.9488757408364,15.4407961327766));
#12807=CARTESIAN_POINT('Origin',(-329.018422249482,89.1869658651379,20.4569755971699));
#12808=CARTESIAN_POINT('',(-315.018882249482,89.1961060658933,20.3825346357968));
#12809=CARTESIAN_POINT('',(-315.018882249482,89.1869658651379,20.4569755971699));
#12810=CARTESIAN_POINT('',(-329.018422249482,89.1961060658933,20.3825346357968));
#12811=CARTESIAN_POINT('',(-253.162877249482,89.1961060658935,20.3825346357968));
#12812=CARTESIAN_POINT('',(-329.018422249482,89.1869658651379,20.4569755971699));
#12813=CARTESIAN_POINT('Origin',(-329.018422249482,75.2920145244655,18.7508900980382));
#12814=CARTESIAN_POINT('',(-329.018422249482,75.3011547252209,18.6764491366651));
#12815=CARTESIAN_POINT('',(-329.018422249482,67.8569791842188,17.762419311579));
#12816=CARTESIAN_POINT('',(-329.018422249482,75.2920145244655,18.7508900980382));
#12817=CARTESIAN_POINT('Origin',(-315.018882249482,75.2920145244655,18.7508900980382));
#12818=CARTESIAN_POINT('',(-315.018882249482,75.3011547252209,18.6764491366651));
#12819=CARTESIAN_POINT('',(-246.163107249482,75.301154725221,18.6764491366651));
#12820=CARTESIAN_POINT('',(-315.018882249482,75.2920145244655,18.7508900980382));
#12821=CARTESIAN_POINT('Origin',(-315.018882249482,89.1869658651379,20.4569755971699));
#12822=CARTESIAN_POINT('',(-315.018882249482,74.8044548545552,18.6154620611449));
#12823=CARTESIAN_POINT('Origin',(-307.588582249482,32.4629532988363,13.4921426215657));
#12824=CARTESIAN_POINT('',(-293.587782249482,32.4720934995917,13.4177016601926));
#12825=CARTESIAN_POINT('',(-293.587782249482,32.4629532988363,13.4921426215657));
#12826=CARTESIAN_POINT('',(-307.588582249482,32.4720934995917,13.4177016601926));
#12827=CARTESIAN_POINT('',(-242.447957249482,32.4720934995917,13.4177016601926));
#12828=CARTESIAN_POINT('',(-307.588582249482,32.4629532988363,13.4921426215657));
#12829=CARTESIAN_POINT('Origin',(-307.588582249482,18.5678431507797,11.7860376233391));
#12830=CARTESIAN_POINT('',(-307.588582249482,18.5769833515351,11.711596661966));
#12831=CARTESIAN_POINT('',(-307.588582249482,39.4948934973759,14.2799930742295));
#12832=CARTESIAN_POINT('',(-307.588582249482,18.5678431507797,11.7860376233391));
#12833=CARTESIAN_POINT('Origin',(-293.587782249482,18.5678431507797,11.7860376233391));
#12834=CARTESIAN_POINT('',(-293.587782249482,18.5769833515351,11.711596661966));
#12835=CARTESIAN_POINT('',(-235.447557249482,18.576983351535,11.711596661966));
#12836=CARTESIAN_POINT('',(-293.587782249482,18.5678431507797,11.7860376233391));
#12837=CARTESIAN_POINT('Origin',(-293.587782249482,32.4629532988363,13.4921426215657));
#12838=CARTESIAN_POINT('',(-293.587782249482,46.4424485714041,15.1330455733428));
#12839=CARTESIAN_POINT('Origin',(-305.205882249482,89.1869658651379,20.4569755971699));
#12840=CARTESIAN_POINT('',(-291.206582249482,89.1961060658934,20.3825346357968));
#12841=CARTESIAN_POINT('',(-291.206582249482,89.186965865138,20.4569755971699));
#12842=CARTESIAN_POINT('',(-305.205882249482,89.1961060658933,20.3825346357968));
#12843=CARTESIAN_POINT('',(-241.256607249482,89.1961060658934,20.3825346357968));
#12844=CARTESIAN_POINT('',(-305.205882249482,89.1869658651379,20.4569755971699));
#12845=CARTESIAN_POINT('Origin',(-305.205882249482,75.2920145244656,18.7508900980382));
#12846=CARTESIAN_POINT('',(-305.205882249482,75.3011547252209,18.6764491366651));
#12847=CARTESIAN_POINT('',(-305.205882249482,67.856979184219,17.762419311579));
#12848=CARTESIAN_POINT('',(-305.205882249482,75.2920145244656,18.7508900980382));
#12849=CARTESIAN_POINT('Origin',(-291.206582249482,75.2920145244656,18.7508900980382));
#12850=CARTESIAN_POINT('',(-291.206582249482,75.301154725221,18.6764491366651));
#12851=CARTESIAN_POINT('',(-234.256957249482,75.301154725221,18.6764491366651));
#12852=CARTESIAN_POINT('',(-291.206582249482,75.2920145244656,18.7508900980382));
#12853=CARTESIAN_POINT('Origin',(-291.206582249482,89.186965865138,20.4569755971699));
#12854=CARTESIAN_POINT('',(-291.206582249482,74.8044548545552,18.6154620611449));
#12855=CARTESIAN_POINT('Origin',(-252.818382249482,51.3708582329884,15.8137414264994));
#12856=CARTESIAN_POINT('',(-238.819082249482,51.3799984337438,15.7393004651263));
#12857=CARTESIAN_POINT('',(-238.819082249482,51.3708582329885,15.8137414264994));
#12858=CARTESIAN_POINT('',(-252.818382249482,51.3799984337438,15.7393004651263));
#12859=CARTESIAN_POINT('',(-215.062857249482,51.3799984337439,15.7393004651263));
#12860=CARTESIAN_POINT('',(-252.818382249482,51.3708582329884,15.8137414264994));
#12861=CARTESIAN_POINT('Origin',(-252.818382249482,37.4758076377009,14.1076437404334));
#12862=CARTESIAN_POINT('',(-252.818382249482,37.4849478384563,14.0332027790603));
#12863=CARTESIAN_POINT('',(-252.818382249482,48.9488757408366,15.4407961327766));
#12864=CARTESIAN_POINT('',(-252.818382249482,37.4758076377009,14.1076437404334));
#12865=CARTESIAN_POINT('Origin',(-238.819082249482,37.4758076377009,14.1076437404334));
#12866=CARTESIAN_POINT('',(-238.819082249482,37.4849478384563,14.0332027790603));
#12867=CARTESIAN_POINT('',(-208.063207249482,37.4849478384563,14.0332027790603));
#12868=CARTESIAN_POINT('',(-238.819082249482,37.4758076377009,14.1076437404334));
#12869=CARTESIAN_POINT('Origin',(-238.819082249482,51.3708582329885,15.8137414264994));
#12870=CARTESIAN_POINT('',(-238.819082249482,55.8964010384803,16.2938449758096));
#12871=CARTESIAN_POINT('Origin',(-243.293382249482,70.2789616763708,18.1353646053018));
#12872=CARTESIAN_POINT('',(-229.293582249482,70.2881018771262,18.0609236439287));
#12873=CARTESIAN_POINT('',(-229.293582249482,70.2789616763708,18.1353646053018));
#12874=CARTESIAN_POINT('',(-243.293382249482,70.2881018771262,18.0609236439287));
#12875=CARTESIAN_POINT('',(-210.300357249482,70.2881018771261,18.0609236439287));
#12876=CARTESIAN_POINT('',(-243.293382249482,70.2789616763708,18.1353646053018));
#12877=CARTESIAN_POINT('Origin',(-243.293382249482,56.3840103356984,16.4292791061702));
#12878=CARTESIAN_POINT('',(-243.293382249482,56.3931505364538,16.3548381447971));
#12879=CARTESIAN_POINT('',(-243.293382249482,58.4029770898351,16.601613815645));
#12880=CARTESIAN_POINT('',(-243.293382249482,56.3840103356984,16.4292791061702));
#12881=CARTESIAN_POINT('Origin',(-229.293582249482,56.3840103356984,16.4292791061702));
#12882=CARTESIAN_POINT('',(-229.293582249482,56.3931505364538,16.3548381447971));
#12883=CARTESIAN_POINT('',(-203.300457249482,56.3931505364538,16.354838144797));
#12884=CARTESIAN_POINT('',(-229.293582249482,56.3840103356984,16.4292791061702));
#12885=CARTESIAN_POINT('Origin',(-229.293582249482,70.2789616763708,18.1353646053018));
#12886=CARTESIAN_POINT('',(-229.293582249482,65.3504527601714,17.4546565652108));
#12887=CARTESIAN_POINT('Origin',(-229.005582249482,89.186965865138,20.4569755971699));
#12888=CARTESIAN_POINT('',(-215.006582249482,89.1961060658934,20.3825346357968));
#12889=CARTESIAN_POINT('',(-215.006582249482,89.186965865138,20.4569755971699));
#12890=CARTESIAN_POINT('',(-229.005582249482,89.1961060658934,20.3825346357968));
#12891=CARTESIAN_POINT('',(-203.156457249482,89.1961060658934,20.3825346357968));
#12892=CARTESIAN_POINT('',(-229.005582249482,89.186965865138,20.4569755971699));
#12893=CARTESIAN_POINT('Origin',(-229.005582249482,75.2920145244656,18.7508900980382));
#12894=CARTESIAN_POINT('',(-229.005582249482,75.301154725221,18.6764491366651));
#12895=CARTESIAN_POINT('',(-229.005582249482,67.856979184219,17.762419311579));
#12896=CARTESIAN_POINT('',(-229.005582249482,75.2920145244656,18.7508900980382));
#12897=CARTESIAN_POINT('Origin',(-215.006582249482,75.2920145244656,18.7508900980382));
#12898=CARTESIAN_POINT('',(-215.006582249482,75.301154725221,18.6764491366651));
#12899=CARTESIAN_POINT('',(-196.156957249482,75.301154725221,18.6764491366651));
#12900=CARTESIAN_POINT('',(-215.006582249482,75.2920145244656,18.7508900980382));
#12901=CARTESIAN_POINT('Origin',(-215.006582249482,89.186965865138,20.4569755971699));
#12902=CARTESIAN_POINT('',(-215.006582249482,74.8044548545552,18.6154620611449));
#12903=CARTESIAN_POINT('Origin',(-176.618582249482,51.3708582329885,15.8137414264994));
#12904=CARTESIAN_POINT('',(-162.618582249482,51.3799984337439,15.7393004651263));
#12905=CARTESIAN_POINT('',(-162.618582249482,51.3708582329885,15.8137414264994));
#12906=CARTESIAN_POINT('',(-176.618582249482,51.3799984337439,15.7393004651263));
#12907=CARTESIAN_POINT('',(-176.962957249482,51.3799984337439,15.7393004651263));
#12908=CARTESIAN_POINT('',(-176.618582249482,51.3708582329885,15.8137414264994));
#12909=CARTESIAN_POINT('Origin',(-176.618582249482,37.475807637701,14.1076437404334));
#12910=CARTESIAN_POINT('',(-176.618582249482,37.4849478384564,14.0332027790603));
#12911=CARTESIAN_POINT('',(-176.618582249482,48.9488757408366,15.4407961327766));
#12912=CARTESIAN_POINT('',(-176.618582249482,37.475807637701,14.1076437404334));
#12913=CARTESIAN_POINT('Origin',(-162.618582249482,37.475807637701,14.1076437404334));
#12914=CARTESIAN_POINT('',(-162.618582249482,37.4849478384563,14.0332027790603));
#12915=CARTESIAN_POINT('',(-169.962957249482,37.4849478384563,14.0332027790603));
#12916=CARTESIAN_POINT('',(-162.618582249482,37.475807637701,14.1076437404334));
#12917=CARTESIAN_POINT('Origin',(-162.618582249482,51.3708582329885,15.8137414264994));
#12918=CARTESIAN_POINT('',(-162.618582249482,55.8964010384804,16.2938449758096));
#12919=CARTESIAN_POINT('Origin',(-157.568582249482,51.3708582329885,15.8137414264994));
#12920=CARTESIAN_POINT('',(-143.568582249482,51.3799984337439,15.7393004651263));
#12921=CARTESIAN_POINT('',(-143.568582249482,51.3708582329885,15.8137414264994));
#12922=CARTESIAN_POINT('',(-157.568582249482,51.3799984337439,15.7393004651263));
#12923=CARTESIAN_POINT('',(-167.437957249482,51.3799984337439,15.7393004651263));
#12924=CARTESIAN_POINT('',(-157.568582249482,51.3708582329885,15.8137414264994));
#12925=CARTESIAN_POINT('Origin',(-157.568582249482,37.475807637701,14.1076437404334));
#12926=CARTESIAN_POINT('',(-157.568582249482,37.4849478384564,14.0332027790603));
#12927=CARTESIAN_POINT('',(-157.568582249482,48.9488757408366,15.4407961327766));
#12928=CARTESIAN_POINT('',(-157.568582249482,37.475807637701,14.1076437404334));
#12929=CARTESIAN_POINT('Origin',(-143.568582249482,37.475807637701,14.1076437404334));
#12930=CARTESIAN_POINT('',(-143.568582249482,37.4849478384564,14.0332027790603));
#12931=CARTESIAN_POINT('',(-160.437957249482,37.4849478384563,14.0332027790603));
#12932=CARTESIAN_POINT('',(-143.568582249482,37.475807637701,14.1076437404334));
#12933=CARTESIAN_POINT('Origin',(-143.568582249482,51.3708582329885,15.8137414264994));
#12934=CARTESIAN_POINT('',(-143.568582249482,55.8964010384804,16.2938449758096));
#12935=CARTESIAN_POINT('Origin',(-148.043582249482,70.2789616763708,18.1353646053018));
#12936=CARTESIAN_POINT('',(-134.043582249482,70.2881018771262,18.0609236439287));
#12937=CARTESIAN_POINT('',(-134.043582249482,70.2789616763708,18.1353646053018));
#12938=CARTESIAN_POINT('',(-148.043582249482,70.2881018771262,18.0609236439287));
#12939=CARTESIAN_POINT('',(-162.675457249482,70.2881018771262,18.0609236439287));
#12940=CARTESIAN_POINT('',(-148.043582249482,70.2789616763708,18.1353646053018));
#12941=CARTESIAN_POINT('Origin',(-148.043582249482,56.3840103356985,16.4292791061701));
#12942=CARTESIAN_POINT('',(-148.043582249482,56.3931505364539,16.3548381447971));
#12943=CARTESIAN_POINT('',(-148.043582249482,58.4029770898354,16.601613815645));
#12944=CARTESIAN_POINT('',(-148.043582249482,56.3840103356985,16.4292791061701));
#12945=CARTESIAN_POINT('Origin',(-134.043582249482,56.3840103356985,16.4292791061701));
#12946=CARTESIAN_POINT('',(-134.043582249482,56.3931505364539,16.3548381447971));
#12947=CARTESIAN_POINT('',(-155.675457249482,56.3931505364539,16.3548381447971));
#12948=CARTESIAN_POINT('',(-134.043582249482,56.3840103356985,16.4292791061701));
#12949=CARTESIAN_POINT('Origin',(-134.043582249482,70.2789616763708,18.1353646053018));
#12950=CARTESIAN_POINT('',(-134.043582249482,65.3504527601716,17.4546565652108));
#12951=CARTESIAN_POINT('Origin',(-114.705582249482,89.186965865138,20.4569755971699));
#12952=CARTESIAN_POINT('',(-100.706582249482,89.1961060658934,20.3825346357968));
#12953=CARTESIAN_POINT('',(-100.706582249482,89.186965865138,20.4569755971698));
#12954=CARTESIAN_POINT('',(-114.705582249482,89.1961060658934,20.3825346357968));
#12955=CARTESIAN_POINT('',(-146.006457249482,89.1961060658935,20.3825346357968));
#12956=CARTESIAN_POINT('',(-114.705582249482,89.186965865138,20.4569755971699));
#12957=CARTESIAN_POINT('Origin',(-114.705582249482,75.2920145244657,18.7508900980382));
#12958=CARTESIAN_POINT('',(-114.705582249482,75.301154725221,18.6764491366651));
#12959=CARTESIAN_POINT('',(-114.705582249482,67.8569791842189,17.762419311579));
#12960=CARTESIAN_POINT('',(-114.705582249482,75.2920145244657,18.7508900980382));
#12961=CARTESIAN_POINT('Origin',(-100.706582249482,75.2920145244656,18.7508900980382));
#12962=CARTESIAN_POINT('',(-100.706582249482,75.301154725221,18.6764491366651));
#12963=CARTESIAN_POINT('',(-139.006957249482,75.3011547252211,18.6764491366651));
#12964=CARTESIAN_POINT('',(-100.706582249482,75.2920145244656,18.7508900980382));
#12965=CARTESIAN_POINT('Origin',(-100.706582249482,89.186965865138,20.4569755971698));
#12966=CARTESIAN_POINT('',(-100.706582249482,74.8044548545551,18.6154620611449));
#12967=CARTESIAN_POINT('Origin',(-117.088582249481,32.4629532988365,13.4921426215657));
#12968=CARTESIAN_POINT('',(-103.087582249482,32.4720934995918,13.4177016601926));
#12969=CARTESIAN_POINT('',(-103.087582249482,32.4629532988364,13.4921426215657));
#12970=CARTESIAN_POINT('',(-117.088582249481,32.4720934995919,13.4177016601926));
#12971=CARTESIAN_POINT('',(-147.197957249482,32.472093499592,13.4177016601927));
#12972=CARTESIAN_POINT('',(-117.088582249481,32.4629532988365,13.4921426215657));
#12973=CARTESIAN_POINT('Origin',(-117.088582249481,18.5678431507799,11.7860376233391));
#12974=CARTESIAN_POINT('',(-117.088582249481,18.5769833515353,11.711596661966));
#12975=CARTESIAN_POINT('',(-117.088582249481,39.494893497376,14.2799930742295));
#12976=CARTESIAN_POINT('',(-117.088582249481,18.5678431507799,11.7860376233391));
#12977=CARTESIAN_POINT('Origin',(-103.087582249482,18.5678431507798,11.7860376233391));
#12978=CARTESIAN_POINT('',(-103.087582249482,18.5769833515352,11.711596661966));
#12979=CARTESIAN_POINT('',(-140.197457249482,18.5769833515354,11.711596661966));
#12980=CARTESIAN_POINT('',(-103.087582249482,18.5678431507798,11.7860376233391));
#12981=CARTESIAN_POINT('Origin',(-103.087582249482,32.4629532988364,13.4921426215657));
#12982=CARTESIAN_POINT('',(-103.087582249482,46.4424485714043,15.1330455733428));
#12983=CARTESIAN_POINT('Origin',(-71.8298322494815,32.3438477606396,13.4775183003571));
#12984=CARTESIAN_POINT('',(-57.8308322494815,32.352987961395,13.403077338984));
#12985=CARTESIAN_POINT('',(-57.8308322494815,32.3438477606396,13.4775183003571));
#12986=CARTESIAN_POINT('',(-71.8298322494815,32.3529879613949,13.403077338984));
#12987=CARTESIAN_POINT('',(-124.568582249482,32.3529879613949,13.403077338984));
#12988=CARTESIAN_POINT('',(-71.8298322494815,32.3438477606396,13.4775183003571));
#12989=CARTESIAN_POINT('Origin',(-71.8298322494815,18.4487376125829,11.7714133021305));
#12990=CARTESIAN_POINT('',(-71.8298322494815,18.4578778133383,11.6969723407574));
#12991=CARTESIAN_POINT('',(-71.8298322494815,39.4353407282776,14.2726809136252));
#12992=CARTESIAN_POINT('',(-71.8298322494815,18.4487376125829,11.7714133021305));
#12993=CARTESIAN_POINT('Origin',(-57.8308322494815,18.4487376125829,11.7714133021305));
#12994=CARTESIAN_POINT('',(-57.8308322494815,18.4578778133383,11.6969723407574));
#12995=CARTESIAN_POINT('',(-117.569082249482,18.4578778133383,11.6969723407574));
#12996=CARTESIAN_POINT('',(-57.8308322494815,18.4487376125829,11.7714133021305));
#12997=CARTESIAN_POINT('Origin',(-57.8308322494815,32.3438477606396,13.4775183003571));
#12998=CARTESIAN_POINT('',(-57.8308322494815,46.3828958023059,15.1257334127385));
#12999=CARTESIAN_POINT('Origin',(-64.9875822494815,56.3840103356986,16.4292791061702));
#13000=CARTESIAN_POINT('',(-78.9885822494815,56.3931505364539,16.3548381447971));
#13001=CARTESIAN_POINT('',(-78.9885822494815,56.3840103356985,16.4292791061701));
#13002=CARTESIAN_POINT('',(-64.9875822494815,56.3931505364539,16.3548381447971));
#13003=CARTESIAN_POINT('',(-121.147457249482,56.3931505364539,16.3548381447971));
#13004=CARTESIAN_POINT('',(-64.9875822494815,56.3840103356986,16.4292791061702));
#13005=CARTESIAN_POINT('Origin',(-64.9875822494815,61.0479847022611,17.0019431508309));
#13006=CARTESIAN_POINT('',(-64.9875822494815,61.0571249030165,16.9275021894578));
#13007=CARTESIAN_POINT('',(-64.9875822494815,60.7349642731166,16.8879458379754));
#13008=CARTESIAN_POINT('',(-64.9875822494815,61.0479847022611,17.0019431508309));
#13009=CARTESIAN_POINT('Origin',(-63.4635822494815,61.0479847022611,17.0019431508309));
#13010=CARTESIAN_POINT('',(-63.4635822494815,61.0571249030165,16.9275021894578));
#13011=CARTESIAN_POINT('',(-120.385457249482,61.0571249030164,16.9275021894578));
#13012=CARTESIAN_POINT('',(-63.4635822494815,61.0479847022611,17.0019431508309));
#13013=CARTESIAN_POINT('Origin',(-63.4635822494815,56.612295950576,16.4573090551533));
#13014=CARTESIAN_POINT('',(-63.4635822494815,56.6214361513314,16.3828680937802));
#13015=CARTESIAN_POINT('',(-63.4635822494815,58.5171198972741,16.6156287901366));
#13016=CARTESIAN_POINT('',(-63.4635822494815,56.612295950576,16.4573090551533));
#13017=CARTESIAN_POINT('Origin',(-61.7385822494815,56.612295950576,16.4573090551533));
#13018=CARTESIAN_POINT('',(-61.7385822494815,56.6214361513314,16.3828680937802));
#13019=CARTESIAN_POINT('',(-119.522957249482,56.6214361513314,16.3828680937802));
#13020=CARTESIAN_POINT('',(-61.7385822494815,56.612295950576,16.4573090551533));
#13021=CARTESIAN_POINT('Origin',(-61.7385822494816,55.4210420593761,16.3110414691985));
#13022=CARTESIAN_POINT('',(-61.7385822494816,55.4301822601315,16.2366005078254));
#13023=CARTESIAN_POINT('',(-61.7385822494814,57.9214929516708,16.5424949971588));
#13024=CARTESIAN_POINT('',(-61.7385822494816,55.4210420593761,16.3110414691985));
#13025=CARTESIAN_POINT('Origin',(-58.4375822494816,55.4210420593761,16.3110414691985));
#13026=CARTESIAN_POINT('',(-58.4375822494816,55.4301822601315,16.2366005078254));
#13027=CARTESIAN_POINT('',(-117.872457249482,55.4301822601316,16.2366005078254));
#13028=CARTESIAN_POINT('',(-58.4375822494816,55.4210420593761,16.3110414691985));
#13029=CARTESIAN_POINT('Origin',(-58.4375822494815,56.612295950576,16.4573090551533));
#13030=CARTESIAN_POINT('',(-58.4375822494815,56.6214361513314,16.3828680937802));
#13031=CARTESIAN_POINT('',(-58.4375822494814,58.5171198972707,16.6156287901362));
#13032=CARTESIAN_POINT('',(-58.4375822494815,56.612295950576,16.4573090551533));
#13033=CARTESIAN_POINT('Origin',(-56.7125822494815,56.6122959505761,16.4573090551533));
#13034=CARTESIAN_POINT('',(-56.7125822494815,56.6214361513314,16.3828680937802));
#13035=CARTESIAN_POINT('',(-117.009957249482,56.6214361513307,16.3828680937802));
#13036=CARTESIAN_POINT('',(-56.7125822494815,56.6122959505761,16.4573090551533));
#13037=CARTESIAN_POINT('Origin',(-56.7125822494815,62.835461066752,17.2214176513692));
#13038=CARTESIAN_POINT('',(-56.7125822494815,62.8446012675073,17.1469766899962));
#13039=CARTESIAN_POINT('',(-56.7125822494815,61.6287024553621,16.9976830882446));
#13040=CARTESIAN_POINT('',(-56.7125822494815,62.835461066752,17.2214176513692));
#13041=CARTESIAN_POINT('Origin',(-55.8885822494815,62.835461066752,17.2214176513692));
#13042=CARTESIAN_POINT('',(-55.8885822494815,62.8446012675073,17.1469766899962));
#13043=CARTESIAN_POINT('',(-116.597957249482,62.8446012675073,17.1469766899962));
#13044=CARTESIAN_POINT('',(-55.8885822494815,62.835461066752,17.2214176513692));
#13045=CARTESIAN_POINT('Origin',(-55.8885822494815,65.6134984905809,17.5625177566259));
#13046=CARTESIAN_POINT('',(-55.8885822494815,65.6226386913363,17.4880767952528));
#13047=CARTESIAN_POINT('',(-55.8885822494815,63.0177211672751,17.1682331408727));
#13048=CARTESIAN_POINT('',(-55.8885822494815,65.6134984905809,17.5625177566259));
#13049=CARTESIAN_POINT('Origin',(-56.7125822494815,65.6134984905809,17.5625177566259));
#13050=CARTESIAN_POINT('',(-56.7125822494815,65.6226386913363,17.4880767952528));
#13051=CARTESIAN_POINT('',(-117.009957249482,65.6226386913362,17.4880767952528));
#13052=CARTESIAN_POINT('',(-56.7125822494815,65.6134984905809,17.5625177566259));
#13053=CARTESIAN_POINT('Origin',(-56.7125822494815,68.8195218149975,17.9561679227589));
#13054=CARTESIAN_POINT('',(-56.7125822494815,68.8286620157529,17.8817269613858));
#13055=CARTESIAN_POINT('',(-56.7125822494815,64.6207328294861,17.3650582239395));
#13056=CARTESIAN_POINT('',(-56.7125822494815,68.8195218149975,17.9561679227589));
#13057=CARTESIAN_POINT('Origin',(-63.4635822494815,68.8195218149975,17.9561679227589));
#13058=CARTESIAN_POINT('',(-63.4635822494815,68.8286620157529,17.8817269613858));
#13059=CARTESIAN_POINT('',(-120.385457249482,68.8286620157529,17.8817269613858));
#13060=CARTESIAN_POINT('',(-63.4635822494815,68.8195218149975,17.9561679227589));
#13061=CARTESIAN_POINT('Origin',(-63.4635822494815,65.6134984905809,17.5625177566259));
#13062=CARTESIAN_POINT('',(-63.4635822494815,65.6226386913363,17.4880767952528));
#13063=CARTESIAN_POINT('',(-63.4635822494815,63.0177211672765,17.1682331408729));
#13064=CARTESIAN_POINT('',(-63.4635822494815,65.6134984905809,17.5625177566259));
#13065=CARTESIAN_POINT('Origin',(-64.9875822494815,65.6134984905809,17.5625177566259));
#13066=CARTESIAN_POINT('',(-64.9875822494815,65.6226386913363,17.4880767952528));
#13067=CARTESIAN_POINT('',(-121.147457249482,65.6226386913362,17.4880767952528));
#13068=CARTESIAN_POINT('',(-64.9875822494815,65.6134984905809,17.5625177566259));
#13069=CARTESIAN_POINT('Origin',(-64.9875822494815,70.2789616763709,18.1353646053018));
#13070=CARTESIAN_POINT('',(-64.9875822494815,70.2881018771263,18.0609236439287));
#13071=CARTESIAN_POINT('',(-64.9875822494815,65.3504527601715,17.4546565652108));
#13072=CARTESIAN_POINT('',(-64.9875822494815,70.2789616763709,18.1353646053018));
#13073=CARTESIAN_POINT('Origin',(-78.9885822494814,70.2789616763709,18.1353646053018));
#13074=CARTESIAN_POINT('',(-78.9885822494814,70.2881018771263,18.0609236439287));
#13075=CARTESIAN_POINT('',(-128.147957249482,70.2881018771262,18.0609236439287));
#13076=CARTESIAN_POINT('',(-78.9885822494814,70.2789616763709,18.1353646053018));
#13077=CARTESIAN_POINT('Origin',(-78.9885822494814,65.6134984905808,17.5625177566259));
#13078=CARTESIAN_POINT('',(-78.9885822494814,65.6226386913362,17.4880767952528));
#13079=CARTESIAN_POINT('',(-78.9885822494814,63.0177211672765,17.1682331408729));
#13080=CARTESIAN_POINT('',(-78.9885822494814,65.6134984905808,17.5625177566259));
#13081=CARTESIAN_POINT('Origin',(-80.5125822494815,65.6134984905809,17.5625177566259));
#13082=CARTESIAN_POINT('',(-80.5125822494815,65.6226386913363,17.4880767952528));
#13083=CARTESIAN_POINT('',(-128.909957249481,65.6226386913379,17.488076795253));
#13084=CARTESIAN_POINT('',(-80.5125822494815,65.6134984905809,17.5625177566259));
#13085=CARTESIAN_POINT('Origin',(-80.5125822494815,68.8195218149975,17.9561679227589));
#13086=CARTESIAN_POINT('',(-80.5125822494815,68.8286620157529,17.8817269613858));
#13087=CARTESIAN_POINT('',(-80.5125822494815,64.6207328294849,17.3650582239394));
#13088=CARTESIAN_POINT('',(-80.5125822494815,68.8195218149975,17.9561679227589));
#13089=CARTESIAN_POINT('Origin',(-87.2635822494815,68.8195218149975,17.9561679227589));
#13090=CARTESIAN_POINT('',(-87.2635822494815,68.8286620157529,17.8817269613858));
#13091=CARTESIAN_POINT('',(-132.285457249482,68.8286620157526,17.8817269613858));
#13092=CARTESIAN_POINT('',(-87.2635822494815,68.8195218149975,17.9561679227589));
#13093=CARTESIAN_POINT('Origin',(-87.2635822494815,65.6134984905809,17.5625177566259));
#13094=CARTESIAN_POINT('',(-87.2635822494815,65.6226386913363,17.4880767952528));
#13095=CARTESIAN_POINT('',(-87.2635822494815,63.0177211672766,17.1682331408729));
#13096=CARTESIAN_POINT('',(-87.2635822494815,65.6134984905809,17.5625177566259));
#13097=CARTESIAN_POINT('Origin',(-88.0875822494815,65.6134984905809,17.5625177566259));
#13098=CARTESIAN_POINT('',(-88.0875822494815,65.6226386913363,17.4880767952528));
#13099=CARTESIAN_POINT('',(-132.697457249482,65.6226386913362,17.4880767952528));
#13100=CARTESIAN_POINT('',(-88.0875822494815,65.6134984905809,17.5625177566259));
#13101=CARTESIAN_POINT('Origin',(-88.0875822494816,62.8354610667519,17.2214176513692));
#13102=CARTESIAN_POINT('',(-88.0875822494816,62.8446012675073,17.1469766899962));
#13103=CARTESIAN_POINT('',(-88.0875822494816,61.628702455361,16.9976830882444));
#13104=CARTESIAN_POINT('',(-88.0875822494816,62.8354610667519,17.2214176513692));
#13105=CARTESIAN_POINT('Origin',(-87.2635822494816,62.8354610667519,17.2214176513692));
#13106=CARTESIAN_POINT('',(-87.2635822494816,62.8446012675073,17.1469766899962));
#13107=CARTESIAN_POINT('',(-132.285457249482,62.8446012675073,17.1469766899962));
#13108=CARTESIAN_POINT('',(-87.2635822494816,62.8354610667519,17.2214176513692));
#13109=CARTESIAN_POINT('Origin',(-87.2635822494815,56.612295950576,16.4573090551533));
#13110=CARTESIAN_POINT('',(-87.2635822494815,56.6214361513314,16.3828680937802));
#13111=CARTESIAN_POINT('',(-87.2635822494815,58.5171198972747,16.6156287901367));
#13112=CARTESIAN_POINT('',(-87.2635822494815,56.612295950576,16.4573090551533));
#13113=CARTESIAN_POINT('Origin',(-85.5385822494815,56.612295950576,16.4573090551533));
#13114=CARTESIAN_POINT('',(-85.5385822494815,56.6214361513314,16.3828680937802));
#13115=CARTESIAN_POINT('',(-131.422957249482,56.6214361513314,16.3828680937802));
#13116=CARTESIAN_POINT('',(-85.5385822494815,56.612295950576,16.4573090551533));
#13117=CARTESIAN_POINT('Origin',(-85.5385822494815,55.4210420593761,16.3110414691985));
#13118=CARTESIAN_POINT('',(-85.5385822494815,55.4301822601315,16.2366005078254));
#13119=CARTESIAN_POINT('',(-85.5385822494815,57.9214929516735,16.5424949971591));
#13120=CARTESIAN_POINT('',(-85.5385822494815,55.4210420593761,16.3110414691985));
#13121=CARTESIAN_POINT('Origin',(-82.2395822494816,55.4210420593761,16.3110414691985));
#13122=CARTESIAN_POINT('',(-82.2395822494816,55.4301822601315,16.2366005078254));
#13123=CARTESIAN_POINT('',(-129.773457249482,55.4301822601316,16.2366005078254));
#13124=CARTESIAN_POINT('',(-82.2395822494816,55.4210420593761,16.3110414691985));
#13125=CARTESIAN_POINT('Origin',(-82.2395822494816,56.612295950576,16.4573090551533));
#13126=CARTESIAN_POINT('',(-82.2395822494816,56.6214361513314,16.3828680937802));
#13127=CARTESIAN_POINT('',(-82.2395822494815,58.5171198972735,16.6156287901365));
#13128=CARTESIAN_POINT('',(-82.2395822494816,56.612295950576,16.4573090551533));
#13129=CARTESIAN_POINT('Origin',(-80.5125822494816,56.612295950576,16.4573090551533));
#13130=CARTESIAN_POINT('',(-80.5125822494816,56.6214361513314,16.3828680937802));
#13131=CARTESIAN_POINT('',(-128.909957249482,56.6214361513311,16.3828680937802));
#13132=CARTESIAN_POINT('',(-80.5125822494816,56.612295950576,16.4573090551533));
#13133=CARTESIAN_POINT('Origin',(-80.5125822494816,61.0479847022611,17.0019431508309));
#13134=CARTESIAN_POINT('',(-80.5125822494816,61.0571249030165,16.9275021894578));
#13135=CARTESIAN_POINT('',(-80.5125822494816,60.7349642731167,16.8879458379754));
#13136=CARTESIAN_POINT('',(-80.5125822494816,61.0479847022611,17.0019431508309));
#13137=CARTESIAN_POINT('Origin',(-78.9885822494815,61.047984702261,17.0019431508309));
#13138=CARTESIAN_POINT('',(-78.9885822494815,61.0571249030164,16.9275021894578));
#13139=CARTESIAN_POINT('',(-128.147957249482,61.0571249030175,16.927502189458));
#13140=CARTESIAN_POINT('',(-78.9885822494815,61.047984702261,17.0019431508309));
#13141=CARTESIAN_POINT('Origin',(-78.9885822494815,56.3840103356985,16.4292791061701));
#13142=CARTESIAN_POINT('',(-78.9885822494815,58.4029770898353,16.601613815645));
#13143=CARTESIAN_POINT('Origin',(-124.230582249482,108.094970053905,22.7785865890379));
#13144=CARTESIAN_POINT('',(-110.231582249482,108.104110254661,22.7041456276648));
#13145=CARTESIAN_POINT('',(-110.231582249482,108.094970053905,22.7785865890379));
#13146=CARTESIAN_POINT('',(-124.230582249482,108.104110254661,22.7041456276648));
#13147=CARTESIAN_POINT('',(-150.768957249482,108.104110254661,22.7041456276648));
#13148=CARTESIAN_POINT('',(-124.230582249482,108.094970053905,22.7785865890379));
#13149=CARTESIAN_POINT('Origin',(-124.230582249482,94.2000187132329,21.0725010899062));
#13150=CARTESIAN_POINT('',(-124.230582249482,94.2091589139883,20.9980601285331));
#13151=CARTESIAN_POINT('',(-124.230582249482,77.3109812786026,18.9232248075131));
#13152=CARTESIAN_POINT('',(-124.230582249482,94.2000187132329,21.0725010899062));
#13153=CARTESIAN_POINT('Origin',(-110.231582249482,94.2000187132329,21.0725010899062));
#13154=CARTESIAN_POINT('',(-110.231582249482,94.2091589139883,20.9980601285331));
#13155=CARTESIAN_POINT('',(-143.769457249482,94.2091589139882,20.9980601285331));
#13156=CARTESIAN_POINT('',(-110.231582249482,94.2000187132329,21.0725010899062));
#13157=CARTESIAN_POINT('Origin',(-110.231582249482,108.094970053905,22.7785865890379));
#13158=CARTESIAN_POINT('',(-110.231582249482,84.2584569489388,19.7762675570789));
#13159=CARTESIAN_POINT('Origin',(-200.430582249482,108.094970053905,22.7785865890379));
#13160=CARTESIAN_POINT('',(-186.431582249482,108.104110254661,22.7041456276648));
#13161=CARTESIAN_POINT('',(-186.431582249482,108.094970053905,22.7785865890379));
#13162=CARTESIAN_POINT('',(-200.430582249482,108.104110254661,22.7041456276648));
#13163=CARTESIAN_POINT('',(-188.868957249482,108.104110254661,22.7041456276648));
#13164=CARTESIAN_POINT('',(-200.430582249482,108.094970053905,22.7785865890379));
#13165=CARTESIAN_POINT('Origin',(-200.430582249482,94.2000187132328,21.0725010899062));
#13166=CARTESIAN_POINT('',(-200.430582249482,94.2091589139882,20.9980601285331));
#13167=CARTESIAN_POINT('',(-200.430582249482,77.3109812786025,18.923224807513));
#13168=CARTESIAN_POINT('',(-200.430582249482,94.2000187132328,21.0725010899062));
#13169=CARTESIAN_POINT('Origin',(-186.431582249482,94.2000187132329,21.0725010899062));
#13170=CARTESIAN_POINT('',(-186.431582249482,94.2091589139882,20.9980601285331));
#13171=CARTESIAN_POINT('',(-181.869457249482,94.2091589139883,20.9980601285331));
#13172=CARTESIAN_POINT('',(-186.431582249482,94.2000187132329,21.0725010899062));
#13173=CARTESIAN_POINT('Origin',(-186.431582249482,108.094970053905,22.7785865890379));
#13174=CARTESIAN_POINT('',(-186.431582249482,84.2584569489387,19.7762675570789));
#13175=CARTESIAN_POINT('Origin',(-276.630882249482,108.094970053905,22.7785865890379));
#13176=CARTESIAN_POINT('',(-262.631582249482,108.10411025466,22.7041456276648));
#13177=CARTESIAN_POINT('',(-262.631582249482,108.094970053905,22.7785865890379));
#13178=CARTESIAN_POINT('',(-276.630882249482,108.10411025466,22.7041456276648));
#13179=CARTESIAN_POINT('',(-226.969107249482,108.10411025466,22.7041456276648));
#13180=CARTESIAN_POINT('',(-276.630882249482,108.094970053905,22.7785865890379));
#13181=CARTESIAN_POINT('Origin',(-276.630882249482,94.2000187132328,21.0725010899062));
#13182=CARTESIAN_POINT('',(-276.630882249482,94.2091589139881,20.9980601285331));
#13183=CARTESIAN_POINT('',(-276.630882249482,77.3109812786023,18.923224807513));
#13184=CARTESIAN_POINT('',(-276.630882249482,94.2000187132328,21.0725010899062));
#13185=CARTESIAN_POINT('Origin',(-262.631582249482,94.2000187132328,21.0725010899062));
#13186=CARTESIAN_POINT('',(-262.631582249482,94.2091589139881,20.9980601285331));
#13187=CARTESIAN_POINT('',(-219.969457249482,94.2091589139881,20.9980601285331));
#13188=CARTESIAN_POINT('',(-262.631582249482,94.2000187132328,21.0725010899062));
#13189=CARTESIAN_POINT('Origin',(-262.631582249482,108.094970053905,22.7785865890379));
#13190=CARTESIAN_POINT('',(-262.631582249482,84.2584569489386,19.7762675570789));
#13191=CARTESIAN_POINT('Origin',(-333.780932249482,108.094970053905,22.7785865890379));
#13192=CARTESIAN_POINT('',(-319.781382249482,108.10411025466,22.7041456276648));
#13193=CARTESIAN_POINT('',(-319.781382249482,108.094970053905,22.7785865890379));
#13194=CARTESIAN_POINT('',(-333.780932249482,108.10411025466,22.7041456276648));
#13195=CARTESIAN_POINT('',(-255.544132249482,108.10411025466,22.7041456276648));
#13196=CARTESIAN_POINT('',(-333.780932249482,108.094970053905,22.7785865890379));
#13197=CARTESIAN_POINT('Origin',(-333.780932249482,94.2000187132327,21.0725010899062));
#13198=CARTESIAN_POINT('',(-333.780932249482,94.2091589139881,20.9980601285331));
#13199=CARTESIAN_POINT('',(-333.780932249482,77.3109812786028,18.9232248075131));
#13200=CARTESIAN_POINT('',(-333.780932249482,94.2000187132327,21.0725010899062));
#13201=CARTESIAN_POINT('Origin',(-319.781382249482,94.2000187132327,21.0725010899062));
#13202=CARTESIAN_POINT('',(-319.781382249482,94.2091589139881,20.9980601285331));
#13203=CARTESIAN_POINT('',(-248.544357249482,94.2091589139881,20.9980601285331));
#13204=CARTESIAN_POINT('',(-319.781382249482,94.2000187132327,21.0725010899062));
#13205=CARTESIAN_POINT('Origin',(-319.781382249482,108.094970053905,22.7785865890379));
#13206=CARTESIAN_POINT('',(-319.781382249482,84.2584569489386,19.7762675570789));
#13207=CARTESIAN_POINT('Origin',(-257.580882249482,108.094970053905,22.7785865890379));
#13208=CARTESIAN_POINT('',(-243.581582249482,108.10411025466,22.7041456276648));
#13209=CARTESIAN_POINT('',(-243.581582249482,108.094970053905,22.7785865890379));
#13210=CARTESIAN_POINT('',(-257.580882249482,108.10411025466,22.7041456276648));
#13211=CARTESIAN_POINT('',(-217.444107249482,108.104110254661,22.7041456276648));
#13212=CARTESIAN_POINT('',(-257.580882249482,108.094970053905,22.7785865890379));
#13213=CARTESIAN_POINT('Origin',(-257.580882249482,94.2000187132328,21.0725010899062));
#13214=CARTESIAN_POINT('',(-257.580882249482,94.2091589139881,20.9980601285331));
#13215=CARTESIAN_POINT('',(-257.580882249482,77.3109812786023,18.923224807513));
#13216=CARTESIAN_POINT('',(-257.580882249482,94.2000187132328,21.0725010899062));
#13217=CARTESIAN_POINT('Origin',(-243.581582249482,94.2000187132328,21.0725010899062));
#13218=CARTESIAN_POINT('',(-243.581582249482,94.2091589139882,20.9980601285331));
#13219=CARTESIAN_POINT('',(-210.444457249482,94.2091589139882,20.9980601285331));
#13220=CARTESIAN_POINT('',(-243.581582249482,94.2000187132328,21.0725010899062));
#13221=CARTESIAN_POINT('Origin',(-243.581582249482,108.094970053905,22.7785865890379));
#13222=CARTESIAN_POINT('',(-243.581582249482,84.2584569489386,19.7762675570789));
#13223=CARTESIAN_POINT('Origin',(-181.380582249482,108.094970053905,22.7785865890379));
#13224=CARTESIAN_POINT('',(-167.381582249482,108.104110254661,22.7041456276648));
#13225=CARTESIAN_POINT('',(-167.381582249482,108.094970053905,22.7785865890379));
#13226=CARTESIAN_POINT('',(-181.380582249482,108.104110254661,22.7041456276648));
#13227=CARTESIAN_POINT('',(-179.343957249482,108.104110254661,22.7041456276648));
#13228=CARTESIAN_POINT('',(-181.380582249482,108.094970053905,22.7785865890379));
#13229=CARTESIAN_POINT('Origin',(-181.380582249482,94.2000187132329,21.0725010899062));
#13230=CARTESIAN_POINT('',(-181.380582249482,94.2091589139883,20.9980601285331));
#13231=CARTESIAN_POINT('',(-181.380582249482,77.3109812786025,18.923224807513));
#13232=CARTESIAN_POINT('',(-181.380582249482,94.2000187132329,21.0725010899062));
#13233=CARTESIAN_POINT('Origin',(-167.381582249482,94.2000187132329,21.0725010899062));
#13234=CARTESIAN_POINT('',(-167.381582249482,94.2091589139883,20.9980601285331));
#13235=CARTESIAN_POINT('',(-172.344457249482,94.2091589139883,20.9980601285331));
#13236=CARTESIAN_POINT('',(-167.381582249482,94.2000187132329,21.0725010899062));
#13237=CARTESIAN_POINT('Origin',(-167.381582249482,108.094970053905,22.7785865890379));
#13238=CARTESIAN_POINT('',(-167.381582249482,84.2584569489387,19.7762675570789));
#13239=CARTESIAN_POINT('Origin',(-105.180582249482,108.094970053905,22.7785865890379));
#13240=CARTESIAN_POINT('',(-91.1815822494816,108.104110254661,22.7041456276648));
#13241=CARTESIAN_POINT('',(-91.1815822494816,108.094970053905,22.7785865890379));
#13242=CARTESIAN_POINT('',(-105.180582249482,108.104110254661,22.7041456276648));
#13243=CARTESIAN_POINT('',(-141.243957249482,108.104110254661,22.7041456276648));
#13244=CARTESIAN_POINT('',(-105.180582249482,108.094970053905,22.7785865890379));
#13245=CARTESIAN_POINT('Origin',(-105.180582249482,94.2000187132329,21.0725010899062));
#13246=CARTESIAN_POINT('',(-105.180582249482,94.2091589139883,20.9980601285331));
#13247=CARTESIAN_POINT('',(-105.180582249482,77.3109812786025,18.923224807513));
#13248=CARTESIAN_POINT('',(-105.180582249482,94.2000187132329,21.0725010899062));
#13249=CARTESIAN_POINT('Origin',(-91.1815822494815,94.2000187132329,21.0725010899062));
#13250=CARTESIAN_POINT('',(-91.1815822494815,94.2091589139883,20.9980601285331));
#13251=CARTESIAN_POINT('',(-134.244457249482,94.2091589139883,20.9980601285332));
#13252=CARTESIAN_POINT('',(-91.1815822494815,94.2000187132329,21.0725010899062));
#13253=CARTESIAN_POINT('Origin',(-91.1815822494816,108.094970053905,22.7785865890379));
#13254=CARTESIAN_POINT('',(-91.1815822494815,84.2584569489389,19.7762675570789));
#13255=CARTESIAN_POINT('Origin',(-81.3685822494816,51.3708582329886,15.8137414264994));
#13256=CARTESIAN_POINT('',(-67.3685822494816,51.3799984337439,15.7393004651263));
#13257=CARTESIAN_POINT('',(-67.3685822494816,51.3708582329885,15.8137414264994));
#13258=CARTESIAN_POINT('',(-81.3685822494816,51.379998433744,15.7393004651264));
#13259=CARTESIAN_POINT('',(-129.337957249482,51.3799984337441,15.7393004651264));
#13260=CARTESIAN_POINT('',(-81.3685822494816,51.3708582329886,15.8137414264994));
#13261=CARTESIAN_POINT('Origin',(-81.3685822494816,37.475807637701,14.1076437404334));
#13262=CARTESIAN_POINT('',(-81.3685822494816,37.4849478384564,14.0332027790603));
#13263=CARTESIAN_POINT('',(-81.3685822494816,48.9488757408366,15.4407961327766));
#13264=CARTESIAN_POINT('',(-81.3685822494816,37.475807637701,14.1076437404334));
#13265=CARTESIAN_POINT('Origin',(-67.3685822494816,37.475807637701,14.1076437404334));
#13266=CARTESIAN_POINT('',(-67.3685822494816,37.4849478384564,14.0332027790603));
#13267=CARTESIAN_POINT('',(-122.337957249482,37.4849478384564,14.0332027790603));
#13268=CARTESIAN_POINT('',(-67.3685822494816,37.475807637701,14.1076437404334));
#13269=CARTESIAN_POINT('Origin',(-67.3685822494816,51.3708582329885,15.8137414264994));
#13270=CARTESIAN_POINT('',(-67.3685822494816,55.8964010384804,16.2938449758096));
#13271=CARTESIAN_POINT('Origin',(-52.7798322494815,32.3438477606396,13.4775183003571));
#13272=CARTESIAN_POINT('',(-38.7808322494814,32.352987961395,13.403077338984));
#13273=CARTESIAN_POINT('',(-38.7808322494814,32.3438477606396,13.4775183003571));
#13274=CARTESIAN_POINT('',(-52.7798322494815,32.352987961395,13.403077338984));
#13275=CARTESIAN_POINT('',(-115.043582249482,32.352987961395,13.403077338984));
#13276=CARTESIAN_POINT('',(-52.7798322494815,32.3438477606396,13.4775183003571));
#13277=CARTESIAN_POINT('Origin',(-52.7798322494815,18.448737612583,11.7714133021305));
#13278=CARTESIAN_POINT('',(-52.7798322494815,18.4578778133383,11.6969723407574));
#13279=CARTESIAN_POINT('',(-52.7798322494814,39.4353407282773,14.2726809136251));
#13280=CARTESIAN_POINT('',(-52.7798322494815,18.448737612583,11.7714133021305));
#13281=CARTESIAN_POINT('Origin',(-38.7808322494815,18.4487376125829,11.7714133021305));
#13282=CARTESIAN_POINT('',(-38.7808322494815,18.4578778133383,11.6969723407574));
#13283=CARTESIAN_POINT('',(-108.044082249482,18.4578778133384,11.6969723407574));
#13284=CARTESIAN_POINT('',(-38.7808322494815,18.4487376125829,11.7714133021305));
#13285=CARTESIAN_POINT('Origin',(-38.7808322494814,32.3438477606396,13.4775183003571));
#13286=CARTESIAN_POINT('',(-38.7808322494814,46.3828958023056,15.1257334127384));
#13287=CARTESIAN_POINT('Origin',(-119.468582249482,51.3708582329885,15.8137414264994));
#13288=CARTESIAN_POINT('',(-105.468582249482,51.3799984337439,15.7393004651263));
#13289=CARTESIAN_POINT('',(-105.468582249482,51.3708582329885,15.8137414264994));
#13290=CARTESIAN_POINT('',(-119.468582249482,51.3799984337439,15.7393004651263));
#13291=CARTESIAN_POINT('',(-148.387957249482,51.3799984337439,15.7393004651263));
#13292=CARTESIAN_POINT('',(-119.468582249482,51.3708582329885,15.8137414264994));
#13293=CARTESIAN_POINT('Origin',(-119.468582249481,37.475807637701,14.1076437404334));
#13294=CARTESIAN_POINT('',(-119.468582249481,37.4849478384564,14.0332027790603));
#13295=CARTESIAN_POINT('',(-119.468582249482,48.9488757408367,15.4407961327766));
#13296=CARTESIAN_POINT('',(-119.468582249481,37.475807637701,14.1076437404334));
#13297=CARTESIAN_POINT('Origin',(-105.468582249481,37.475807637701,14.1076437404334));
#13298=CARTESIAN_POINT('',(-105.468582249481,37.4849478384564,14.0332027790603));
#13299=CARTESIAN_POINT('',(-141.387957249482,37.4849478384563,14.0332027790603));
#13300=CARTESIAN_POINT('',(-105.468582249481,37.475807637701,14.1076437404334));
#13301=CARTESIAN_POINT('Origin',(-105.468582249482,51.3708582329885,15.8137414264994));
#13302=CARTESIAN_POINT('',(-105.468582249482,55.8964010384805,16.2938449758097));
#13303=CARTESIAN_POINT('Origin',(-128.993582249482,70.2789616763708,18.1353646053018));
#13304=CARTESIAN_POINT('',(-114.993582249482,70.2881018771262,18.0609236439287));
#13305=CARTESIAN_POINT('',(-114.993582249482,70.2789616763709,18.1353646053018));
#13306=CARTESIAN_POINT('',(-128.993582249482,70.2881018771262,18.0609236439287));
#13307=CARTESIAN_POINT('',(-153.150457249482,70.2881018771261,18.0609236439287));
#13308=CARTESIAN_POINT('',(-128.993582249482,70.2789616763708,18.1353646053018));
#13309=CARTESIAN_POINT('Origin',(-128.993582249482,56.3840103356985,16.4292791061701));
#13310=CARTESIAN_POINT('',(-128.993582249482,56.3931505364539,16.3548381447971));
#13311=CARTESIAN_POINT('',(-128.993582249482,58.4029770898355,16.601613815645));
#13312=CARTESIAN_POINT('',(-128.993582249482,56.3840103356985,16.4292791061701));
#13313=CARTESIAN_POINT('Origin',(-114.993582249482,56.3840103356985,16.4292791061701));
#13314=CARTESIAN_POINT('',(-114.993582249482,56.3931505364539,16.3548381447971));
#13315=CARTESIAN_POINT('',(-146.150457249482,56.3931505364539,16.3548381447971));
#13316=CARTESIAN_POINT('',(-114.993582249482,56.3840103356985,16.4292791061701));
#13317=CARTESIAN_POINT('Origin',(-114.993582249482,70.2789616763709,18.1353646053018));
#13318=CARTESIAN_POINT('',(-114.993582249482,65.3504527601717,17.4546565652109));
#13319=CARTESIAN_POINT('Origin',(-138.518582249482,51.3708582329885,15.8137414264994));
#13320=CARTESIAN_POINT('',(-124.518582249482,51.3799984337439,15.7393004651263));
#13321=CARTESIAN_POINT('',(-124.518582249482,51.3708582329885,15.8137414264994));
#13322=CARTESIAN_POINT('',(-138.518582249482,51.3799984337439,15.7393004651263));
#13323=CARTESIAN_POINT('',(-157.912957249482,51.379998433744,15.7393004651264));
#13324=CARTESIAN_POINT('',(-138.518582249482,51.3708582329885,15.8137414264994));
#13325=CARTESIAN_POINT('Origin',(-138.518582249482,37.475807637701,14.1076437404334));
#13326=CARTESIAN_POINT('',(-138.518582249482,37.4849478384564,14.0332027790603));
#13327=CARTESIAN_POINT('',(-138.518582249482,48.9488757408366,15.4407961327766));
#13328=CARTESIAN_POINT('',(-138.518582249482,37.475807637701,14.1076437404334));
#13329=CARTESIAN_POINT('Origin',(-124.518582249482,37.475807637701,14.1076437404334));
#13330=CARTESIAN_POINT('',(-124.518582249482,37.4849478384564,14.0332027790603));
#13331=CARTESIAN_POINT('',(-150.912957249482,37.4849478384564,14.0332027790603));
#13332=CARTESIAN_POINT('',(-124.518582249482,37.475807637701,14.1076437404334));
#13333=CARTESIAN_POINT('Origin',(-124.518582249482,51.3708582329885,15.8137414264994));
#13334=CARTESIAN_POINT('',(-124.518582249482,55.8964010384804,16.2938449758097));
#13335=CARTESIAN_POINT('Origin',(-171.855582249482,89.186965865138,20.4569755971699));
#13336=CARTESIAN_POINT('',(-157.856582249482,89.1961060658934,20.3825346357968));
#13337=CARTESIAN_POINT('',(-157.856582249482,89.186965865138,20.4569755971698));
#13338=CARTESIAN_POINT('',(-171.855582249482,89.1961060658934,20.3825346357968));
#13339=CARTESIAN_POINT('',(-174.581457249482,89.1961060658934,20.3825346357968));
#13340=CARTESIAN_POINT('',(-171.855582249482,89.186965865138,20.4569755971699));
#13341=CARTESIAN_POINT('Origin',(-171.855582249482,75.2920145244657,18.7508900980382));
#13342=CARTESIAN_POINT('',(-171.855582249482,75.301154725221,18.6764491366651));
#13343=CARTESIAN_POINT('',(-171.855582249482,67.8569791842189,17.762419311579));
#13344=CARTESIAN_POINT('',(-171.855582249482,75.2920145244657,18.7508900980382));
#13345=CARTESIAN_POINT('Origin',(-157.856582249482,75.2920145244656,18.7508900980382));
#13346=CARTESIAN_POINT('',(-157.856582249482,75.301154725221,18.6764491366651));
#13347=CARTESIAN_POINT('',(-167.581957249482,75.301154725221,18.6764491366651));
#13348=CARTESIAN_POINT('',(-157.856582249482,75.2920145244656,18.7508900980382));
#13349=CARTESIAN_POINT('Origin',(-157.856582249482,89.186965865138,20.4569755971698));
#13350=CARTESIAN_POINT('',(-157.856582249482,74.8044548545551,18.6154620611449));
#13351=CARTESIAN_POINT('Origin',(-195.668582249482,51.3708582329884,15.8137414264994));
#13352=CARTESIAN_POINT('',(-181.668582249482,51.3799984337439,15.7393004651263));
#13353=CARTESIAN_POINT('',(-181.668582249482,51.3708582329885,15.8137414264994));
#13354=CARTESIAN_POINT('',(-195.668582249482,51.3799984337438,15.7393004651263));
#13355=CARTESIAN_POINT('',(-186.487957249482,51.3799984337439,15.7393004651263));
#13356=CARTESIAN_POINT('',(-195.668582249482,51.3708582329884,15.8137414264994));
#13357=CARTESIAN_POINT('Origin',(-195.668582249482,37.4758076377009,14.1076437404334));
#13358=CARTESIAN_POINT('',(-195.668582249482,37.4849478384563,14.0332027790603));
#13359=CARTESIAN_POINT('',(-195.668582249482,48.9488757408366,15.4407961327766));
#13360=CARTESIAN_POINT('',(-195.668582249482,37.4758076377009,14.1076437404334));
#13361=CARTESIAN_POINT('Origin',(-181.668582249482,37.475807637701,14.1076437404334));
#13362=CARTESIAN_POINT('',(-181.668582249482,37.4849478384563,14.0332027790603));
#13363=CARTESIAN_POINT('',(-179.487957249482,37.4849478384563,14.0332027790603));
#13364=CARTESIAN_POINT('',(-181.668582249482,37.475807637701,14.1076437404334));
#13365=CARTESIAN_POINT('Origin',(-181.668582249482,51.3708582329885,15.8137414264994));
#13366=CARTESIAN_POINT('',(-181.668582249482,55.8964010384804,16.2938449758096));
#13367=CARTESIAN_POINT('Origin',(-224.243582249482,70.2789616763708,18.1353646053018));
#13368=CARTESIAN_POINT('',(-210.243582249482,70.2881018771262,18.0609236439287));
#13369=CARTESIAN_POINT('',(-210.243582249482,70.2789616763708,18.1353646053018));
#13370=CARTESIAN_POINT('',(-224.243582249482,70.2881018771262,18.0609236439287));
#13371=CARTESIAN_POINT('',(-200.775457249482,70.2881018771262,18.0609236439287));
#13372=CARTESIAN_POINT('',(-224.243582249482,70.2789616763708,18.1353646053018));
#13373=CARTESIAN_POINT('Origin',(-224.243582249482,56.3840103356984,16.4292791061702));
#13374=CARTESIAN_POINT('',(-224.243582249482,56.3931505364538,16.3548381447971));
#13375=CARTESIAN_POINT('',(-224.243582249482,58.4029770898352,16.601613815645));
#13376=CARTESIAN_POINT('',(-224.243582249482,56.3840103356984,16.4292791061702));
#13377=CARTESIAN_POINT('Origin',(-210.243582249482,56.3840103356985,16.4292791061702));
#13378=CARTESIAN_POINT('',(-210.243582249482,56.3931505364538,16.3548381447971));
#13379=CARTESIAN_POINT('',(-193.775457249482,56.3931505364539,16.3548381447971));
#13380=CARTESIAN_POINT('',(-210.243582249482,56.3840103356985,16.4292791061702));
#13381=CARTESIAN_POINT('Origin',(-210.243582249482,70.2789616763708,18.1353646053018));
#13382=CARTESIAN_POINT('',(-210.243582249482,65.3504527601714,17.4546565652108));
#13383=CARTESIAN_POINT('Origin',(-248.055882249482,89.1869658651379,20.4569755971698));
#13384=CARTESIAN_POINT('',(-234.056582249482,89.1961060658934,20.3825346357968));
#13385=CARTESIAN_POINT('',(-234.056582249482,89.186965865138,20.4569755971699));
#13386=CARTESIAN_POINT('',(-248.055882249482,89.1961060658933,20.3825346357968));
#13387=CARTESIAN_POINT('',(-212.681607249482,89.1961060658935,20.3825346357968));
#13388=CARTESIAN_POINT('',(-248.055882249482,89.1869658651379,20.4569755971698));
#13389=CARTESIAN_POINT('Origin',(-248.055882249482,75.2920145244656,18.7508900980382));
#13390=CARTESIAN_POINT('',(-248.055882249482,75.3011547252209,18.6764491366651));
#13391=CARTESIAN_POINT('',(-248.055882249482,67.8569791842189,17.762419311579));
#13392=CARTESIAN_POINT('',(-248.055882249482,75.2920145244656,18.7508900980382));
#13393=CARTESIAN_POINT('Origin',(-234.056582249482,75.2920145244656,18.7508900980382));
#13394=CARTESIAN_POINT('',(-234.056582249482,75.301154725221,18.6764491366651));
#13395=CARTESIAN_POINT('',(-205.681957249482,75.3011547252211,18.6764491366651));
#13396=CARTESIAN_POINT('',(-234.056582249482,75.2920145244656,18.7508900980382));
#13397=CARTESIAN_POINT('Origin',(-234.056582249482,89.186965865138,20.4569755971699));
#13398=CARTESIAN_POINT('',(-234.056582249482,74.8044548545552,18.6154620611449));
#13399=CARTESIAN_POINT('Origin',(-271.868382249482,51.3708582329885,15.8137414264995));
#13400=CARTESIAN_POINT('',(-257.869082249482,51.3799984337438,15.7393004651263));
#13401=CARTESIAN_POINT('',(-257.869082249482,51.3708582329884,15.8137414264994));
#13402=CARTESIAN_POINT('',(-271.868382249482,51.3799984337438,15.7393004651263));
#13403=CARTESIAN_POINT('',(-224.587857249482,51.3799984337438,15.7393004651263));
#13404=CARTESIAN_POINT('',(-271.868382249482,51.3708582329885,15.8137414264995));
#13405=CARTESIAN_POINT('Origin',(-271.868382249482,37.4758076377009,14.1076437404334));
#13406=CARTESIAN_POINT('',(-271.868382249482,37.4849478384563,14.0332027790603));
#13407=CARTESIAN_POINT('',(-271.868382249482,48.9488757408366,15.4407961327766));
#13408=CARTESIAN_POINT('',(-271.868382249482,37.4758076377009,14.1076437404334));
#13409=CARTESIAN_POINT('Origin',(-257.869082249482,37.4758076377009,14.1076437404334));
#13410=CARTESIAN_POINT('',(-257.869082249482,37.4849478384563,14.0332027790603));
#13411=CARTESIAN_POINT('',(-217.588207249482,37.4849478384562,14.0332027790603));
#13412=CARTESIAN_POINT('',(-257.869082249482,37.4758076377009,14.1076437404334));
#13413=CARTESIAN_POINT('Origin',(-257.869082249482,51.3708582329884,15.8137414264994));
#13414=CARTESIAN_POINT('',(-257.869082249482,55.8964010384803,16.2938449758096));
#13415=CARTESIAN_POINT('Origin',(-300.443382249482,70.2789616763707,18.1353646053018));
#13416=CARTESIAN_POINT('',(-286.444082249482,70.2881018771261,18.0609236439287));
#13417=CARTESIAN_POINT('',(-286.444082249482,70.2789616763708,18.1353646053018));
#13418=CARTESIAN_POINT('',(-300.443382249482,70.2881018771261,18.0609236439287));
#13419=CARTESIAN_POINT('',(-238.875357249482,70.2881018771262,18.0609236439287));
#13420=CARTESIAN_POINT('',(-300.443382249482,70.2789616763707,18.1353646053018));
#13421=CARTESIAN_POINT('Origin',(-300.443382249482,56.3840103356984,16.4292791061702));
#13422=CARTESIAN_POINT('',(-300.443382249482,56.3931505364538,16.3548381447971));
#13423=CARTESIAN_POINT('',(-300.443382249482,58.4029770898352,16.601613815645));
#13424=CARTESIAN_POINT('',(-300.443382249482,56.3840103356984,16.4292791061702));
#13425=CARTESIAN_POINT('Origin',(-286.444082249482,56.3840103356984,16.4292791061702));
#13426=CARTESIAN_POINT('',(-286.444082249482,56.3931505364538,16.3548381447971));
#13427=CARTESIAN_POINT('',(-231.875707249482,56.3931505364538,16.3548381447971));
#13428=CARTESIAN_POINT('',(-286.444082249482,56.3840103356984,16.4292791061702));
#13429=CARTESIAN_POINT('Origin',(-286.444082249482,70.2789616763708,18.1353646053018));
#13430=CARTESIAN_POINT('',(-286.444082249482,65.3504527601713,17.4546565652108));
#13431=CARTESIAN_POINT('Origin',(-331.399672249482,32.4629532988363,13.4921426215657));
#13432=CARTESIAN_POINT('',(-317.400182249482,32.4720934995917,13.4177016601926));
#13433=CARTESIAN_POINT('',(-317.400182249482,32.4629532988363,13.4921426215658));
#13434=CARTESIAN_POINT('',(-331.399672249482,32.4720934995917,13.4177016601926));
#13435=CARTESIAN_POINT('',(-254.353502249482,32.4720934995918,13.4177016601926));
#13436=CARTESIAN_POINT('',(-331.399672249482,32.4629532988363,13.4921426215657));
#13437=CARTESIAN_POINT('Origin',(-331.399672249482,18.5678431507797,11.7860376233391));
#13438=CARTESIAN_POINT('',(-331.399672249482,18.5769833515351,11.711596661966));
#13439=CARTESIAN_POINT('',(-331.399672249482,39.4948934973762,14.2799930742295));
#13440=CARTESIAN_POINT('',(-331.399672249482,18.5678431507797,11.7860376233391));
#13441=CARTESIAN_POINT('Origin',(-317.400182249482,18.5678431507797,11.7860376233391));
#13442=CARTESIAN_POINT('',(-317.400182249482,18.5769833515351,11.711596661966));
#13443=CARTESIAN_POINT('',(-247.353757249482,18.5769833515352,11.711596661966));
#13444=CARTESIAN_POINT('',(-317.400182249482,18.5678431507797,11.7860376233391));
#13445=CARTESIAN_POINT('Origin',(-317.400182249482,32.4629532988363,13.4921426215658));
#13446=CARTESIAN_POINT('',(-317.400182249482,46.4424485714042,15.1330455733428));
#13447=CARTESIAN_POINT('Origin',(-212.338582249482,32.4629532988364,13.4921426215657));
#13448=CARTESIAN_POINT('',(-198.337582249482,32.4720934995918,13.4177016601926));
#13449=CARTESIAN_POINT('',(-198.337582249482,32.4629532988364,13.4921426215657));
#13450=CARTESIAN_POINT('',(-212.338582249482,32.4720934995918,13.4177016601926));
#13451=CARTESIAN_POINT('',(-194.822957249482,32.4720934995918,13.4177016601926));
#13452=CARTESIAN_POINT('',(-212.338582249482,32.4629532988364,13.4921426215657));
#13453=CARTESIAN_POINT('Origin',(-212.338582249482,27.7974901130464,12.9192957728899));
#13454=CARTESIAN_POINT('',(-212.338582249482,27.8066303138018,12.8448548115167));
#13455=CARTESIAN_POINT('',(-212.338582249482,44.1097169785093,14.8466221490048));
#13456=CARTESIAN_POINT('',(-212.338582249482,27.7974901130464,12.9192957728899));
#13457=CARTESIAN_POINT('Origin',(-251.962482249482,27.7974901130463,12.9192957728898));
#13458=CARTESIAN_POINT('',(-251.962482249482,27.8066303138017,12.8448548115167));
#13459=CARTESIAN_POINT('',(-214.634907249482,27.8066303138018,12.8448548115167));
#13460=CARTESIAN_POINT('',(-251.962482249482,27.7974901130463,12.9192957728898));
#13461=CARTESIAN_POINT('Origin',(-251.962482249482,31.0036126920781,13.3129581259572));
#13462=CARTESIAN_POINT('',(-251.962482249482,31.0127528928335,13.238517164584));
#13463=CARTESIAN_POINT('',(-251.962482249482,45.7127782680251,15.0434533255385));
#13464=CARTESIAN_POINT('',(-251.962482249482,31.0036126920781,13.3129581259571));
#13465=CARTESIAN_POINT('Origin',(-258.713582249482,31.0036126920781,13.3129581259572));
#13466=CARTESIAN_POINT('',(-258.713582249482,31.0127528928335,13.238517164584));
#13467=CARTESIAN_POINT('',(-218.010457249482,31.0127528928336,13.238517164584));
#13468=CARTESIAN_POINT('',(-258.713582249482,31.0036126920781,13.3129581259572));
#13469=CARTESIAN_POINT('Origin',(-258.713582249482,27.7974901130463,12.9192957728898));
#13470=CARTESIAN_POINT('',(-258.713582249482,27.8066303138017,12.8448548115167));
#13471=CARTESIAN_POINT('',(-258.713582249482,44.1097169785092,14.8466221490048));
#13472=CARTESIAN_POINT('',(-258.713582249482,27.7974901130463,12.9192957728898));
#13473=CARTESIAN_POINT('Origin',(-259.537682249482,27.7974901130464,12.9192957728899));
#13474=CARTESIAN_POINT('',(-259.537682249482,27.8066303138017,12.8448548115167));
#13475=CARTESIAN_POINT('',(-218.422507249482,27.8066303137998,12.8448548115165));
#13476=CARTESIAN_POINT('',(-259.537682249482,27.7974901130464,12.9192957728899));
#13477=CARTESIAN_POINT('Origin',(-259.537682249482,25.0195916456787,12.5782127293413));
#13478=CARTESIAN_POINT('',(-259.537682249482,25.0287318464341,12.5037717679682));
#13479=CARTESIAN_POINT('',(-259.537682249482,42.7207677448254,14.6760806272305));
#13480=CARTESIAN_POINT('',(-259.537682249482,25.0195916456787,12.5782127293413));
#13481=CARTESIAN_POINT('Origin',(-258.713582249482,25.0195916456787,12.5782127293413));
#13482=CARTESIAN_POINT('',(-258.713582249482,25.028731846434,12.5037717679681));
#13483=CARTESIAN_POINT('',(-218.010457249482,25.0287318464323,12.5037717679679));
#13484=CARTESIAN_POINT('',(-258.713582249482,25.0195916456787,12.5782127293413));
#13485=CARTESIAN_POINT('Origin',(-258.713582249482,18.7962577966569,11.8140834153369));
#13486=CARTESIAN_POINT('',(-258.713582249482,18.8053979974123,11.7396424539638));
#13487=CARTESIAN_POINT('',(-258.713582249482,39.6091008203143,14.2940159702284));
#13488=CARTESIAN_POINT('',(-258.713582249482,18.7962577966569,11.8140834153369));
#13489=CARTESIAN_POINT('Origin',(-256.988582249482,18.796257796657,11.814083415337));
#13490=CARTESIAN_POINT('',(-256.988582249482,18.8053979974123,11.7396424539638));
#13491=CARTESIAN_POINT('',(-217.147957249481,18.8053979974132,11.7396424539639));
#13492=CARTESIAN_POINT('',(-256.988582249482,18.796257796657,11.814083415337));
#13493=CARTESIAN_POINT('Origin',(-256.988582249482,17.6049344272264,11.6678072985281));
#13494=CARTESIAN_POINT('',(-256.988582249482,17.6140746279818,11.5933663371549));
#13495=CARTESIAN_POINT('',(-256.988582249482,39.0134391355993,14.2208779118239));
#13496=CARTESIAN_POINT('',(-256.988582249482,17.6049344272264,11.6678072985281));
#13497=CARTESIAN_POINT('Origin',(-253.687982249482,17.6049344272264,11.6678072985281));
#13498=CARTESIAN_POINT('',(-253.687982249482,17.6140746279818,11.5933663371549));
#13499=CARTESIAN_POINT('',(-215.497657249482,17.6140746279818,11.5933663371549));
#13500=CARTESIAN_POINT('',(-253.687982249482,17.6049344272264,11.6678072985281));
#13501=CARTESIAN_POINT('Origin',(-253.687982249482,18.796257796657,11.814083415337));
#13502=CARTESIAN_POINT('',(-253.687982249482,18.8053979974123,11.7396424539638));
#13503=CARTESIAN_POINT('',(-253.687982249482,39.6091008203145,14.2940159702284));
#13504=CARTESIAN_POINT('',(-253.687982249482,18.796257796657,11.814083415337));
#13505=CARTESIAN_POINT('Origin',(-251.962482249482,18.7962577966569,11.8140834153369));
#13506=CARTESIAN_POINT('',(-251.962482249482,18.8053979974123,11.7396424539638));
#13507=CARTESIAN_POINT('',(-214.634907249482,18.8053979974118,11.7396424539638));
#13508=CARTESIAN_POINT('',(-251.962482249482,18.7962577966569,11.8140834153369));
#13509=CARTESIAN_POINT('Origin',(-251.962482249482,23.2332765601852,12.3588808159347));
#13510=CARTESIAN_POINT('',(-251.962482249482,23.2424167609406,12.2844398545616));
#13511=CARTESIAN_POINT('',(-251.962482249482,41.8276102020787,14.5664146705273));
#13512=CARTESIAN_POINT('',(-251.962482249482,23.2332765601852,12.3588808159347));
#13513=CARTESIAN_POINT('Origin',(-212.338582249482,23.2332765601853,12.3588808159347));
#13514=CARTESIAN_POINT('',(-212.338582249482,23.2424167609407,12.2844398545616));
#13515=CARTESIAN_POINT('',(-194.822957249482,23.2424167609407,12.2844398545616));
#13516=CARTESIAN_POINT('',(-212.338582249482,23.2332765601853,12.3588808159347));
#13517=CARTESIAN_POINT('Origin',(-212.338582249482,18.5678431507798,11.7860376233391));
#13518=CARTESIAN_POINT('',(-212.338582249482,18.5769833515352,11.711596661966));
#13519=CARTESIAN_POINT('',(-212.338582249482,39.4948934973761,14.2799930742295));
#13520=CARTESIAN_POINT('',(-212.338582249482,18.5678431507798,11.7860376233391));
#13521=CARTESIAN_POINT('Origin',(-198.337582249482,18.5678431507798,11.7860376233391));
#13522=CARTESIAN_POINT('',(-198.337582249482,18.5769833515351,11.711596661966));
#13523=CARTESIAN_POINT('',(-187.822457249482,18.5769833515351,11.711596661966));
#13524=CARTESIAN_POINT('',(-198.337582249482,18.5678431507798,11.7860376233391));
#13525=CARTESIAN_POINT('Origin',(-198.337582249482,23.2332765601853,12.3588808159347));
#13526=CARTESIAN_POINT('',(-198.337582249482,23.2424167609407,12.2844398545616));
#13527=CARTESIAN_POINT('',(-198.337582249482,41.8276102020787,14.5664146705273));
#13528=CARTESIAN_POINT('',(-198.337582249482,23.2332765601853,12.3588808159347));
#13529=CARTESIAN_POINT('Origin',(-158.713582249482,23.2332765601853,12.3588808159347));
#13530=CARTESIAN_POINT('',(-158.713582249482,23.2424167609407,12.2844398545616));
#13531=CARTESIAN_POINT('',(-168.010457249482,23.2424167609407,12.2844398545616));
#13532=CARTESIAN_POINT('',(-158.713582249482,23.2332765601853,12.3588808159347));
#13533=CARTESIAN_POINT('Origin',(-158.713582249482,18.796257796657,11.814083415337));
#13534=CARTESIAN_POINT('',(-158.713582249482,18.8053979974124,11.7396424539638));
#13535=CARTESIAN_POINT('',(-158.713582249482,39.6091008203146,14.2940159702284));
#13536=CARTESIAN_POINT('',(-158.713582249482,18.796257796657,11.814083415337));
#13537=CARTESIAN_POINT('Origin',(-156.988582249482,18.796257796657,11.814083415337));
#13538=CARTESIAN_POINT('',(-156.988582249482,18.8053979974124,11.7396424539638));
#13539=CARTESIAN_POINT('',(-167.147957249482,18.8053979974124,11.7396424539638));
#13540=CARTESIAN_POINT('',(-156.988582249482,18.796257796657,11.814083415337));
#13541=CARTESIAN_POINT('Origin',(-156.988582249482,17.6049344272265,11.6678072985281));
#13542=CARTESIAN_POINT('',(-156.988582249482,17.6140746279819,11.593366337155));
#13543=CARTESIAN_POINT('',(-156.988582249482,39.0134391355994,14.2208779118239));
#13544=CARTESIAN_POINT('',(-156.988582249482,17.6049344272265,11.6678072985281));
#13545=CARTESIAN_POINT('Origin',(-153.687582249482,17.6049344272265,11.6678072985281));
#13546=CARTESIAN_POINT('',(-153.687582249482,17.6140746279819,11.593366337155));
#13547=CARTESIAN_POINT('',(-165.497457249482,17.6140746279819,11.593366337155));
#13548=CARTESIAN_POINT('',(-153.687582249482,17.6049344272265,11.6678072985281));
#13549=CARTESIAN_POINT('Origin',(-153.687582249482,18.796257796657,11.814083415337));
#13550=CARTESIAN_POINT('',(-153.687582249482,18.8053979974124,11.7396424539638));
#13551=CARTESIAN_POINT('',(-153.687582249482,39.609100820315,14.2940159702284));
#13552=CARTESIAN_POINT('',(-153.687582249482,18.796257796657,11.814083415337));
#13553=CARTESIAN_POINT('Origin',(-151.962582249482,18.796257796657,11.814083415337));
#13554=CARTESIAN_POINT('',(-151.962582249482,18.8053979974124,11.7396424539638));
#13555=CARTESIAN_POINT('',(-164.634957249482,18.8053979974124,11.7396424539638));
#13556=CARTESIAN_POINT('',(-151.962582249482,18.796257796657,11.814083415337));
#13557=CARTESIAN_POINT('Origin',(-151.962582249482,25.0195916456788,12.5782127293413));
#13558=CARTESIAN_POINT('',(-151.962582249482,25.0287318464341,12.5037717679682));
#13559=CARTESIAN_POINT('',(-151.962582249481,42.7207677448254,14.6760806272305));
#13560=CARTESIAN_POINT('',(-151.962582249482,25.0195916456788,12.5782127293413));
#13561=CARTESIAN_POINT('Origin',(-151.138582249482,25.0195916456788,12.5782127293413));
#13562=CARTESIAN_POINT('',(-151.138582249482,25.0287318464342,12.5037717679682));
#13563=CARTESIAN_POINT('',(-164.222957249482,25.0287318464341,12.5037717679682));
#13564=CARTESIAN_POINT('',(-151.138582249482,25.0195916456788,12.5782127293413));
#13565=CARTESIAN_POINT('Origin',(-151.138582249482,27.7974901130464,12.9192957728898));
#13566=CARTESIAN_POINT('',(-151.138582249482,27.8066303138018,12.8448548115167));
#13567=CARTESIAN_POINT('',(-151.138582249482,44.1097169785094,14.8466221490048));
#13568=CARTESIAN_POINT('',(-151.138582249482,27.7974901130464,12.9192957728898));
#13569=CARTESIAN_POINT('Origin',(-151.962582249482,27.7974901130464,12.9192957728898));
#13570=CARTESIAN_POINT('',(-151.962582249482,27.8066303138018,12.8448548115167));
#13571=CARTESIAN_POINT('',(-164.634957249482,27.8066303138018,12.8448548115167));
#13572=CARTESIAN_POINT('',(-151.962582249482,27.7974901130464,12.9192957728898));
#13573=CARTESIAN_POINT('Origin',(-151.962582249482,31.0036126920782,13.3129581259572));
#13574=CARTESIAN_POINT('',(-151.962582249482,31.0127528928336,13.2385171645841));
#13575=CARTESIAN_POINT('',(-151.962582249482,45.7127782680252,15.0434533255385));
#13576=CARTESIAN_POINT('',(-151.962582249482,31.0036126920782,13.3129581259571));
#13577=CARTESIAN_POINT('Origin',(-158.713582249482,31.0036126920782,13.3129581259571));
#13578=CARTESIAN_POINT('',(-158.713582249482,31.0127528928336,13.238517164584));
#13579=CARTESIAN_POINT('',(-168.010457249482,31.0127528928336,13.238517164584));
#13580=CARTESIAN_POINT('',(-158.713582249482,31.0036126920782,13.3129581259572));
#13581=CARTESIAN_POINT('Origin',(-158.713582249482,27.7974901130464,12.9192957728899));
#13582=CARTESIAN_POINT('',(-158.713582249482,27.8066303138018,12.8448548115167));
#13583=CARTESIAN_POINT('',(-158.713582249482,44.1097169785093,14.8466221490048));
#13584=CARTESIAN_POINT('',(-158.713582249482,27.7974901130464,12.9192957728899));
#13585=CARTESIAN_POINT('Origin',(-198.337582249482,27.7974901130464,12.9192957728898));
#13586=CARTESIAN_POINT('',(-198.337582249482,27.8066303138018,12.8448548115167));
#13587=CARTESIAN_POINT('',(-187.822457249482,27.8066303138018,12.8448548115167));
#13588=CARTESIAN_POINT('',(-198.337582249482,27.7974901130464,12.9192957728898));
#13589=CARTESIAN_POINT('Origin',(-198.337582249482,32.4629532988364,13.4921426215657));
#13590=CARTESIAN_POINT('',(-198.337582249482,46.4424485714043,15.1330455733428));
#13591=CARTESIAN_POINT('Origin',(-344.307332249481,3.83767299966131,9.90183691239957));
#13592=CARTESIAN_POINT('',(-344.307332249481,3.83767299966129,9.90183691239957));
#13593=CARTESIAN_POINT('',(-344.307332249482,116.987934286772,23.7949420605863));
#13594=CARTESIAN_POINT('',(-344.307332249481,3.83767299966129,9.90183691239957));
#13595=CARTESIAN_POINT('Origin',(-10.3073322494816,3.83767299966168,9.9018369123996));
#13596=CARTESIAN_POINT('',(-10.3073322494815,3.83767299966168,9.9018369123996));
#13597=CARTESIAN_POINT('',(-344.307332249481,3.83767299966129,9.90183691239957));
#13598=CARTESIAN_POINT('',(-10.3073322494815,3.83767299966168,9.9018369123996));
#13599=CARTESIAN_POINT('Origin',(-10.3073322494817,116.987934286772,23.7949420605863));
#13600=CARTESIAN_POINT('',(-10.3073322494815,3.83767299966168,9.9018369123996));
#13601=CARTESIAN_POINT('Origin',(-177.307332249482,60.4128036432168,16.8483894864929));
#13602=UNCERTAINTY_MEASURE_WITH_UNIT(LENGTH_MEASURE(0.01),#13606,
'DISTANCE_ACCURACY_VALUE',
'Maximum model space distance between geometric entities at asserted c
onnectivities');
#13603=UNCERTAINTY_MEASURE_WITH_UNIT(LENGTH_MEASURE(0.01),#13606,
'DISTANCE_ACCURACY_VALUE',
'Maximum model space distance between geometric entities at asserted c
onnectivities');
#13604=(
GEOMETRIC_REPRESENTATION_CONTEXT(3)
GLOBAL_UNCERTAINTY_ASSIGNED_CONTEXT((#13602))
GLOBAL_UNIT_ASSIGNED_CONTEXT((#13606,#13608,#13609))
REPRESENTATION_CONTEXT('','3D')
);
#13605=(
GEOMETRIC_REPRESENTATION_CONTEXT(3)
GLOBAL_UNCERTAINTY_ASSIGNED_CONTEXT((#13603))
GLOBAL_UNIT_ASSIGNED_CONTEXT((#13606,#13608,#13609))
REPRESENTATION_CONTEXT('','3D')
);
#13606=(
LENGTH_UNIT()
NAMED_UNIT(*)
SI_UNIT(.MILLI.,.METRE.)
);
#13607=(
LENGTH_UNIT()
NAMED_UNIT(*)
SI_UNIT($,.METRE.)
);
#13608=(
NAMED_UNIT(*)
PLANE_ANGLE_UNIT()
SI_UNIT($,.RADIAN.)
);
#13609=(
NAMED_UNIT(*)
SI_UNIT($,.STERADIAN.)
SOLID_ANGLE_UNIT()
);
#13610=SHAPE_DEFINITION_REPRESENTATION(#13611,#13612);
#13611=PRODUCT_DEFINITION_SHAPE('',$,#13614);
#13612=SHAPE_REPRESENTATION('',(#8742),#13604);
#13613=PRODUCT_DEFINITION_CONTEXT('part definition',#13618,'design');
#13614=PRODUCT_DEFINITION('Plate','Plate',#13615,#13613);
#13615=PRODUCT_DEFINITION_FORMATION('',$,#13620);
#13616=PRODUCT_RELATED_PRODUCT_CATEGORY('Plate','Plate',(#13620));
#13617=APPLICATION_PROTOCOL_DEFINITION('international standard',
'automotive_design',2009,#13618);
#13618=APPLICATION_CONTEXT(
'Core Data for Automotive Mechanical Design Process');
#13619=PRODUCT_CONTEXT('part definition',#13618,'mechanical');
#13620=PRODUCT('Plate','Plate',$,(#13619));
#13621=PRESENTATION_STYLE_ASSIGNMENT((#13622));
#13622=SURFACE_STYLE_USAGE(.BOTH.,#13623);
#13623=SURFACE_SIDE_STYLE('',(#13624));
#13624=SURFACE_STYLE_FILL_AREA(#13625);
#13625=FILL_AREA_STYLE('Iron - Polished',(#13626));
#13626=FILL_AREA_STYLE_COLOUR('Iron - Polished',#13627);
#13627=COLOUR_RGB('Iron - Polished',0.749019607843137,0.741176470588235,
0.733333333333333);
ENDSEC;
END-ISO-10303-21;
